date,year,month_num,month,quarter,is_festive_season,city,state,program,campaign,donor_type,channel,donation_amount,expense_amount,beneficiaries_reached,volunteer_hours,event_count,new_donors,recurring_donors,social_reach,engagement_rate,cost_per_beneficiary,donation_lag_1,beneficiaries_lag_1,donation_lag_2,beneficiaries_lag_2,donation_lag_3,beneficiaries_lag_3,donation_per_beneficiary,expense_ratio,volunteer_productivity,donation_surplus,month_sin,month_cos,high_efficiency,literacy_rate_pct,urban_population_pct,multidimensional_poverty_index,population_millions
2024-02-01,2024,2,Feb,Q1,0,Bhopal,Madhya Pradesh,Clothing Support,Warmth and Dignity Drive,Corporate CSR,Online Portal,38209,20054,128,39.2,1,6,2,6985,3.95,157.16,27403.0,156.0,27403.0,156.0,27403.0,156.0,298.5078125,0.5248501661912115,3.265306122448979,18155,0.866,0.5,0,69.3,28.4,0.126,85.4
2024-03-01,2024,3,Mar,Q1,0,Bhopal,Madhya Pradesh,Clothing Support,Warmth and Dignity Drive,Corporate CSR,UPI,39373,20143,166,51.0,2,7,2,7131,7.63,121.69,38209.0,128.0,27403.0,156.0,27403.0,156.0,237.1867469879518,0.5115942397074137,3.2549019607843137,19230,1.0,0.0,1,69.3,28.4,0.126,85.4
2024-04-01,2024,4,Apr,Q2,0,Bhopal,Madhya Pradesh,Clothing Support,Warmth and Dignity Drive,Individual,Bank Transfer,24923,21743,162,53.1,2,5,2,5603,5.59,134.38,39373.0,166.0,38209.0,128.0,27403.0,156.0,153.84567901234567,0.8724070136018939,3.0508474576271185,3180,0.866,-0.5,0,69.3,28.4,0.126,85.4
2024-05-01,2024,5,May,Q2,0,Bhopal,Madhya Pradesh,Clothing Support,Warmth and Dignity Drive,Individual,Online Portal,23096,20149,148,40.4,1,5,3,5112,5.83,136.06,24923.0,162.0,39373.0,166.0,38209.0,128.0,156.05405405405406,0.8724021475580187,3.6633663366336635,2947,0.5,-0.866,0,69.3,28.4,0.126,85.4
2024-06-01,2024,6,Jun,Q2,0,Bhopal,Madhya Pradesh,Clothing Support,Warmth and Dignity Drive,Community Group,Bank Transfer,34667,22781,161,49.1,2,7,3,6052,6.24,141.7,23096.0,148.0,24923.0,162.0,39373.0,166.0,215.32298136645963,0.6571379121354602,3.2790224032586557,11886,0.0,-1.0,0,69.3,28.4,0.126,85.4
2024-07-01,2024,7,Jul,Q3,0,Bhopal,Madhya Pradesh,Clothing Support,Warmth and Dignity Drive,Individual,Online Portal,30868,22134,139,47.8,2,5,2,6305,4.12,158.73,34667.0,161.0,23096.0,148.0,24923.0,162.0,222.07194244604315,0.7170532590384865,2.907949790794979,8734,-0.5,-0.866,0,69.3,28.4,0.126,85.4
2024-08-01,2024,8,Aug,Q3,1,Bhopal,Madhya Pradesh,Clothing Support,Warmth and Dignity Drive,Alumni Network,Online Portal,30108,21551,142,37.5,1,8,3,5490,5.75,152.26,30868.0,139.0,34667.0,161.0,23096.0,148.0,212.0281690140845,0.7157898233027766,3.7866666666666666,8557,-0.866,-0.5,0,69.3,28.4,0.126,85.4
2024-09-01,2024,9,Sep,Q3,1,Bhopal,Madhya Pradesh,Clothing Support,Warmth and Dignity Drive,Individual,Online Portal,31295,21585,172,47.4,2,6,3,7526,4.67,125.49,30108.0,142.0,30868.0,139.0,34667.0,161.0,181.94767441860466,0.6897267934174788,3.628691983122363,9710,-1.0,-0.0,1,69.3,28.4,0.126,85.4
2024-10-01,2024,10,Oct,Q4,1,Bhopal,Madhya Pradesh,Clothing Support,Warmth and Dignity Drive,Community Group,Bank Transfer,40349,21616,170,47.8,2,7,3,8508,5.65,126.81,31295.0,172.0,30108.0,142.0,30868.0,139.0,237.3470588235294,0.5357257924607797,3.556485355648536,18733,-0.866,0.5,1,69.3,28.4,0.126,85.4
2024-11-01,2024,11,Nov,Q4,1,Bhopal,Madhya Pradesh,Clothing Support,Warmth and Dignity Drive,Corporate CSR,Bank Transfer,47530,20198,160,46.9,2,8,3,8973,6.53,126.28,40349.0,170.0,31295.0,172.0,30108.0,142.0,297.0625,0.4249526614769619,3.4115138592750536,27332,-0.5,0.866,1,69.3,28.4,0.126,85.4
2024-12-01,2024,12,Dec,Q4,1,Bhopal,Madhya Pradesh,Clothing Support,Warmth and Dignity Drive,Corporate CSR,UPI,53634,22691,150,46.7,2,9,4,8038,7.19,150.8,47530.0,160.0,40349.0,170.0,31295.0,172.0,357.56,0.42307118618786593,3.2119914346895073,30943,-0.0,1.0,0,69.3,28.4,0.126,85.4
2025-01-01,2025,1,Jan,Q1,0,Bhopal,Madhya Pradesh,Clothing Support,Warmth and Dignity Drive,Corporate CSR,Fundraising Event,45220,20290,153,50.0,2,9,4,7530,9.66,132.78,53634.0,150.0,47530.0,160.0,40349.0,170.0,295.55555555555554,0.4486952675807165,3.06,24930,0.5,0.866,0,69.3,28.4,0.126,85.4
2025-02-01,2025,2,Feb,Q1,0,Bhopal,Madhya Pradesh,Clothing Support,Warmth and Dignity Drive,Corporate CSR,Online Portal,51945,19934,175,62.5,2,11,5,9896,7.13,113.61,45220.0,153.0,53634.0,150.0,47530.0,160.0,296.8285714285714,0.38375204543266916,2.8,32011,0.866,0.5,1,69.3,28.4,0.126,85.4
2025-03-01,2025,3,Mar,Q1,0,Bhopal,Madhya Pradesh,Clothing Support,Warmth and Dignity Drive,Individual,Bank Transfer,32474,21547,161,44.0,1,8,4,6365,5.24,133.77,51945.0,175.0,45220.0,153.0,53634.0,150.0,201.70186335403727,0.6635154277267968,3.659090909090909,10927,1.0,0.0,0,69.3,28.4,0.126,85.4
2025-04-01,2025,4,Apr,Q2,0,Bhopal,Madhya Pradesh,Clothing Support,Warmth and Dignity Drive,Corporate CSR,Online Portal,49958,19083,174,61.0,2,13,5,9680,3.92,109.51,32474.0,161.0,51945.0,175.0,45220.0,153.0,287.11494252873564,0.3819808639256976,2.8524590163934427,30875,0.866,-0.5,1,69.3,28.4,0.126,85.4
2025-05-01,2025,5,May,Q2,0,Bhopal,Madhya Pradesh,Clothing Support,Warmth and Dignity Drive,Individual,Online Portal,25637,21075,181,49.1,2,4,2,6738,5.41,116.73,49958.0,174.0,32474.0,161.0,51945.0,175.0,141.64088397790056,0.8220540624878105,3.686354378818737,4562,0.5,-0.866,1,69.3,28.4,0.126,85.4
2025-06-01,2025,6,Jun,Q2,0,Bhopal,Madhya Pradesh,Clothing Support,Warmth and Dignity Drive,Corporate CSR,Online Portal,52344,22770,181,53.9,2,10,4,7416,7.6,125.99,25637.0,181.0,49958.0,174.0,32474.0,161.0,289.1933701657459,0.4350068775790922,3.358070500927644,29574,0.0,-1.0,1,69.3,28.4,0.126,85.4
2025-07-01,2025,7,Jul,Q3,0,Bhopal,Madhya Pradesh,Clothing Support,Warmth and Dignity Drive,Individual,Bank Transfer,32628,22580,166,43.9,2,7,2,6237,6.24,136.18,52344.0,181.0,25637.0,181.0,49958.0,174.0,196.55421686746988,0.6920436434963835,3.781321184510251,10048,-0.5,-0.866,0,69.3,28.4,0.126,85.4
2025-08-01,2025,8,Aug,Q3,1,Bhopal,Madhya Pradesh,Clothing Support,Warmth and Dignity Drive,Individual,Online Portal,35077,22405,147,47.9,1,9,3,5823,3.44,152.01,32628.0,166.0,52344.0,181.0,25637.0,181.0,238.61904761904762,0.6387376343472931,3.068893528183716,12672,-0.866,-0.5,0,69.3,28.4,0.126,85.4
2025-09-01,2025,9,Sep,Q3,1,Bhopal,Madhya Pradesh,Clothing Support,Warmth and Dignity Drive,Community Group,Online Portal,44535,22786,181,56.2,2,7,3,8839,7.94,125.85,35077.0,147.0,32628.0,166.0,52344.0,181.0,246.04972375690608,0.51164252834849,3.2206405693950177,21749,-1.0,-0.0,1,69.3,28.4,0.126,85.4
2025-10-01,2025,10,Oct,Q4,1,Bhopal,Madhya Pradesh,Clothing Support,Warmth and Dignity Drive,Community Group,UPI,36939,19784,159,41.1,2,7,3,7418,4.46,124.68,44535.0,181.0,35077.0,147.0,32628.0,166.0,232.32075471698113,0.5355856953355532,3.8686131386861313,17155,-0.866,0.5,1,69.3,28.4,0.126,85.4
2025-11-01,2025,11,Nov,Q4,1,Bhopal,Madhya Pradesh,Clothing Support,Warmth and Dignity Drive,Individual,UPI,34220,22069,166,45.3,2,8,4,6764,6.6,133.07,36939.0,159.0,44535.0,181.0,35077.0,147.0,206.14457831325302,0.6449152542372881,3.664459161147903,12151,-0.5,0.866,0,69.3,28.4,0.126,85.4
2025-12-01,2025,12,Dec,Q4,1,Bhopal,Madhya Pradesh,Clothing Support,Warmth and Dignity Drive,Community Group,Online Portal,38203,22480,161,54.0,1,7,2,7628,4.9,139.74,34220.0,166.0,36939.0,159.0,44535.0,181.0,237.28571428571428,0.5884354631835196,2.9814814814814814,15723,-0.0,1.0,0,69.3,28.4,0.126,85.4
2024-02-01,2024,2,Feb,Q1,0,Bhopal,Madhya Pradesh,Education Support,Back to School Drive,Individual,Fundraising Event,37248,26954,136,54.4,2,7,2,5822,4.0,198.52,36338.0,125.0,36338.0,125.0,36338.0,125.0,273.88235294117646,0.7236361683848798,2.5,10294,0.866,0.5,0,69.3,28.4,0.126,85.4
2024-03-01,2024,3,Mar,Q1,0,Bhopal,Madhya Pradesh,Education Support,Back to School Drive,Individual,Fundraising Event,41235,25156,134,54.0,2,8,4,6439,8.78,187.31,37248.0,136.0,36338.0,125.0,36338.0,125.0,307.7238805970149,0.6100642657936219,2.4814814814814814,16079,1.0,0.0,0,69.3,28.4,0.126,85.4
2024-04-01,2024,4,Apr,Q2,0,Bhopal,Madhya Pradesh,Education Support,Back to School Drive,Individual,Bank Transfer,37371,27329,154,59.3,2,6,2,7494,7.68,177.15,41235.0,134.0,37248.0,136.0,36338.0,125.0,242.66883116883116,0.7312889673811244,2.596964586846543,10042,0.866,-0.5,0,69.3,28.4,0.126,85.4
2024-05-01,2024,5,May,Q2,0,Bhopal,Madhya Pradesh,Education Support,Back to School Drive,Individual,Bank Transfer,36295,25244,139,48.2,1,7,2,7341,4.22,181.69,37371.0,154.0,41235.0,134.0,37248.0,136.0,261.1151079136691,0.6955227992836479,2.883817427385892,11051,0.5,-0.866,0,69.3,28.4,0.126,85.4
2024-06-01,2024,6,Jun,Q2,0,Bhopal,Madhya Pradesh,Education Support,Back to School Drive,Individual,Fundraising Event,42002,27723,147,46.3,2,10,5,8050,3.66,188.61,36295.0,139.0,37371.0,154.0,41235.0,134.0,285.7278911564626,0.6600399980953288,3.1749460043196547,14279,0.0,-1.0,0,69.3,28.4,0.126,85.4
2024-07-01,2024,7,Jul,Q3,0,Bhopal,Madhya Pradesh,Education Support,Back to School Drive,Corporate CSR,Online Portal,62385,29727,131,46.0,1,11,4,8004,8.58,226.28,42002.0,147.0,36295.0,139.0,37371.0,154.0,476.22137404580155,0.47650877614811255,2.847826086956522,32658,-0.5,-0.866,0,69.3,28.4,0.126,85.4
2024-08-01,2024,8,Aug,Q3,1,Bhopal,Madhya Pradesh,Education Support,Back to School Drive,Corporate CSR,Bank Transfer,71514,28131,148,48.5,2,13,6,8530,3.86,190.3,62385.0,131.0,42002.0,147.0,36295.0,139.0,483.2027027027027,0.39336353720949746,3.051546391752577,43383,-0.866,-0.5,0,69.3,28.4,0.126,85.4
2024-09-01,2024,9,Sep,Q3,1,Bhopal,Madhya Pradesh,Education Support,Back to School Drive,Corporate CSR,Bank Transfer,79235,29893,152,57.1,2,20,6,10498,3.33,196.67,71514.0,148.0,62385.0,131.0,42002.0,147.0,521.2828947368421,0.37727014576891527,2.6619964973730297,49342,-1.0,-0.0,0,69.3,28.4,0.126,85.4
2024-10-01,2024,10,Oct,Q4,1,Bhopal,Madhya Pradesh,Education Support,Back to School Drive,Individual,Bank Transfer,48564,29036,153,58.5,2,9,4,8091,9.78,190.18,79235.0,152.0,71514.0,148.0,62385.0,131.0,317.4117647058824,0.5978914422205749,2.6153846153846154,19528,-0.866,0.5,0,69.3,28.4,0.126,85.4
2024-11-01,2024,11,Nov,Q4,1,Bhopal,Madhya Pradesh,Education Support,Back to School Drive,Individual,Online Portal,39587,27779,151,54.7,2,7,3,7911,7.77,184.09,48564.0,153.0,79235.0,152.0,71514.0,148.0,262.1655629139073,0.7017202617020739,2.7605118829981716,11808,-0.5,0.866,0,69.3,28.4,0.126,85.4
2024-12-01,2024,12,Dec,Q4,1,Bhopal,Madhya Pradesh,Education Support,Back to School Drive,Community Group,Bank Transfer,56661,29889,130,50.9,1,10,4,7556,4.64,229.29,39587.0,151.0,48564.0,153.0,79235.0,152.0,435.8538461538462,0.5275056917456451,2.5540275049115913,26772,-0.0,1.0,0,69.3,28.4,0.126,85.4
2025-01-01,2025,1,Jan,Q1,0,Bhopal,Madhya Pradesh,Education Support,Back to School Drive,Individual,Bank Transfer,46634,28924,151,59.9,1,9,4,6770,8.48,191.97,56661.0,130.0,39587.0,151.0,48564.0,153.0,308.8344370860927,0.6202341639147403,2.5208681135225377,17710,0.5,0.866,0,69.3,28.4,0.126,85.4
2025-02-01,2025,2,Feb,Q1,0,Bhopal,Madhya Pradesh,Education Support,Back to School Drive,Corporate CSR,UPI,76422,25734,146,54.4,2,14,5,10441,5.94,176.84,46634.0,151.0,56661.0,130.0,39587.0,151.0,523.4383561643835,0.3367354950145246,2.683823529411765,50688,0.866,0.5,0,69.3,28.4,0.126,85.4
2025-03-01,2025,3,Mar,Q1,0,Bhopal,Madhya Pradesh,Education Support,Back to School Drive,Alumni Network,Online Portal,50624,28504,143,46.3,1,8,4,6820,5.93,199.04,76422.0,146.0,46634.0,151.0,56661.0,130.0,354.013986013986,0.5630530973451328,3.088552915766739,22120,1.0,0.0,0,69.3,28.4,0.126,85.4
2025-04-01,2025,4,Apr,Q2,0,Bhopal,Madhya Pradesh,Education Support,Back to School Drive,Corporate CSR,Online Portal,62448,24992,164,52.9,2,11,4,9120,7.56,152.57,50624.0,143.0,76422.0,146.0,46634.0,151.0,380.780487804878,0.40020497053548554,3.1001890359168245,37456,0.866,-0.5,0,69.3,28.4,0.126,85.4
2025-05-01,2025,5,May,Q2,0,Bhopal,Madhya Pradesh,Education Support,Back to School Drive,Individual,UPI,38924,27959,135,50.6,1,7,3,7013,4.74,206.63,62448.0,164.0,50624.0,143.0,76422.0,146.0,288.3259259259259,0.718297194532936,2.6679841897233203,10965,0.5,-0.866,0,69.3,28.4,0.126,85.4
2025-06-01,2025,6,Jun,Q2,0,Bhopal,Madhya Pradesh,Education Support,Back to School Drive,Individual,Online Portal,47163,29528,165,54.3,1,9,4,8286,5.15,178.65,38924.0,135.0,62448.0,164.0,50624.0,143.0,285.8363636363636,0.626084006530543,3.0386740331491713,17635,0.0,-1.0,0,69.3,28.4,0.126,85.4
2025-07-01,2025,7,Jul,Q3,0,Bhopal,Madhya Pradesh,Education Support,Back to School Drive,Corporate CSR,Bank Transfer,74930,28770,144,54.6,2,14,6,9628,6.91,199.96,47163.0,165.0,38924.0,135.0,62448.0,164.0,520.3472222222222,0.3839583611370613,2.6373626373626373,46160,-0.5,-0.866,0,69.3,28.4,0.126,85.4
2025-08-01,2025,8,Aug,Q3,1,Bhopal,Madhya Pradesh,Education Support,Back to School Drive,Alumni Network,UPI,45559,26847,149,64.1,1,11,5,6283,4.38,179.83,74930.0,144.0,47163.0,165.0,38924.0,135.0,305.76510067114094,0.5892798349393095,2.324492979719189,18712,-0.866,-0.5,0,69.3,28.4,0.126,85.4
2025-09-01,2025,9,Sep,Q3,1,Bhopal,Madhya Pradesh,Education Support,Back to School Drive,Community Group,UPI,59850,25470,136,45.7,2,11,5,8835,6.49,186.63,45559.0,149.0,74930.0,144.0,47163.0,165.0,440.0735294117647,0.4255639097744361,2.975929978118162,34380,-1.0,-0.0,0,69.3,28.4,0.126,85.4
2025-10-01,2025,10,Oct,Q4,1,Bhopal,Madhya Pradesh,Education Support,Back to School Drive,Alumni Network,Online Portal,50117,26539,157,52.8,1,11,5,7030,9.29,168.72,59850.0,136.0,45559.0,149.0,74930.0,144.0,319.21656050955414,0.5295408743540116,2.9734848484848486,23578,-0.866,0.5,0,69.3,28.4,0.126,85.4
2025-11-01,2025,11,Nov,Q4,1,Bhopal,Madhya Pradesh,Education Support,Back to School Drive,Individual,UPI,46987,28258,141,49.7,2,8,3,7615,8.39,200.9,50117.0,157.0,59850.0,136.0,45559.0,149.0,333.2411347517731,0.6014003873411795,2.8370221327967804,18729,-0.5,0.866,0,69.3,28.4,0.126,85.4
2025-12-01,2025,12,Dec,Q4,1,Bhopal,Madhya Pradesh,Education Support,Back to School Drive,Individual,UPI,47100,29915,152,48.0,1,8,2,6779,6.82,196.84,46987.0,141.0,50117.0,157.0,59850.0,136.0,309.86842105263156,0.6351380042462845,3.1666666666666665,17185,-0.0,1.0,0,69.3,28.4,0.126,85.4
2024-02-01,2024,2,Feb,Q1,0,Bhopal,Madhya Pradesh,Food Distribution,Meal Support Campaign,Individual,UPI,32954,32487,238,69.3,2,7,3,9447,7.14,136.54,34094.0,214.0,34094.0,214.0,34094.0,214.0,138.46218487394958,0.9858287309583055,3.4343434343434347,467,0.866,0.5,0,69.3,28.4,0.126,85.4
2024-03-01,2024,3,Mar,Q1,0,Bhopal,Madhya Pradesh,Food Distribution,Meal Support Campaign,Corporate CSR,UPI,57306,31592,186,59.3,2,11,5,10185,9.41,170.3,32954.0,238.0,34094.0,214.0,34094.0,214.0,308.0967741935484,0.5512860782466059,3.136593591905565,25714,1.0,0.0,0,69.3,28.4,0.126,85.4
2024-04-01,2024,4,Apr,Q2,0,Bhopal,Madhya Pradesh,Food Distribution,Meal Support Campaign,Individual,Fundraising Event,26057,32259,191,57.6,2,5,2,7904,5.4,168.66,57306.0,186.0,32954.0,238.0,34094.0,214.0,136.4240837696335,1.238016655793069,3.3159722222222223,-6202,0.866,-0.5,0,69.3,28.4,0.126,85.4
2024-05-01,2024,5,May,Q2,0,Bhopal,Madhya Pradesh,Food Distribution,Meal Support Campaign,Corporate CSR,Fundraising Event,53215,33081,220,60.2,3,10,4,10238,8.26,150.59,26057.0,191.0,57306.0,186.0,32954.0,238.0,241.88636363636363,0.621648031570046,3.654485049833887,20134,0.5,-0.866,0,69.3,28.4,0.126,85.4
2024-06-01,2024,6,Jun,Q2,0,Bhopal,Madhya Pradesh,Food Distribution,Meal Support Campaign,Alumni Network,UPI,32474,29177,199,67.4,2,5,2,8714,6.16,146.97,53215.0,220.0,26057.0,191.0,57306.0,186.0,163.1859296482412,0.8984726242532488,2.952522255192878,3297,0.0,-1.0,0,69.3,28.4,0.126,85.4
2024-07-01,2024,7,Jul,Q3,0,Bhopal,Madhya Pradesh,Food Distribution,Meal Support Campaign,Community Group,Bank Transfer,39427,32592,225,72.4,3,8,3,9519,7.38,145.13,32474.0,199.0,53215.0,220.0,26057.0,191.0,175.23111111111112,0.8266416415146981,3.107734806629834,6835,-0.5,-0.866,0,69.3,28.4,0.126,85.4
2024-08-01,2024,8,Aug,Q3,1,Bhopal,Madhya Pradesh,Food Distribution,Meal Support Campaign,Community Group,Online Portal,41831,33238,216,64.1,2,9,4,9423,5.08,154.17,39427.0,225.0,32474.0,199.0,53215.0,220.0,193.66203703703704,0.7945781836437092,3.369734789391576,8593,-0.866,-0.5,0,69.3,28.4,0.126,85.4
2024-09-01,2024,9,Sep,Q3,1,Bhopal,Madhya Pradesh,Food Distribution,Meal Support Campaign,Individual,Fundraising Event,39608,29289,203,70.7,2,7,3,6624,7.07,144.09,41831.0,216.0,39427.0,225.0,32474.0,199.0,195.11330049261085,0.7394718238739648,2.871287128712871,10319,-1.0,-0.0,0,69.3,28.4,0.126,85.4
2024-10-01,2024,10,Oct,Q4,1,Bhopal,Madhya Pradesh,Food Distribution,Meal Support Campaign,Individual,Online Portal,35518,31999,236,89.3,2,8,4,9340,7.41,135.32,39608.0,203.0,41831.0,216.0,39427.0,225.0,150.5,0.9009234754209133,2.642777155655095,3519,-0.866,0.5,0,69.3,28.4,0.126,85.4
2024-11-01,2024,11,Nov,Q4,1,Bhopal,Madhya Pradesh,Food Distribution,Meal Support Campaign,Individual,Bank Transfer,33694,32180,233,71.2,2,7,3,9119,4.84,138.08,35518.0,236.0,39608.0,203.0,41831.0,216.0,144.60944206008583,0.9550661838903068,3.2724719101123596,1514,-0.5,0.866,0,69.3,28.4,0.126,85.4
2024-12-01,2024,12,Dec,Q4,1,Bhopal,Madhya Pradesh,Food Distribution,Meal Support Campaign,Corporate CSR,UPI,61632,32611,209,68.1,2,13,7,11420,3.46,156.23,33694.0,233.0,35518.0,236.0,39608.0,203.0,294.8899521531101,0.5291244807892004,3.0690161527165936,29021,-0.0,1.0,0,69.3,28.4,0.126,85.4
2025-01-01,2025,1,Jan,Q1,0,Bhopal,Madhya Pradesh,Food Distribution,Meal Support Campaign,Community Group,Online Portal,45210,31315,206,77.9,2,9,4,9664,5.18,151.71,61632.0,209.0,33694.0,233.0,35518.0,236.0,219.46601941747574,0.6926564919265649,2.644415917843389,13895,0.5,0.866,0,69.3,28.4,0.126,85.4
2025-02-01,2025,2,Feb,Q1,0,Bhopal,Madhya Pradesh,Food Distribution,Meal Support Campaign,Individual,Fundraising Event,37019,30927,240,67.6,2,7,3,9444,6.72,128.99,45210.0,206.0,61632.0,209.0,33694.0,233.0,154.24583333333334,0.8354358572624868,3.550295857988166,6092,0.866,0.5,0,69.3,28.4,0.126,85.4
2025-03-01,2025,3,Mar,Q1,0,Bhopal,Madhya Pradesh,Food Distribution,Meal Support Campaign,Individual,Bank Transfer,35639,33722,253,92.5,3,8,3,9899,4.28,133.27,37019.0,240.0,45210.0,206.0,61632.0,209.0,140.86561264822134,0.9462106119700329,2.735135135135135,1917,1.0,0.0,0,69.3,28.4,0.126,85.4
2025-04-01,2025,4,Apr,Q2,0,Bhopal,Madhya Pradesh,Food Distribution,Meal Support Campaign,Individual,Bank Transfer,36744,32010,255,69.0,3,9,4,8730,7.01,125.6,35639.0,253.0,37019.0,240.0,45210.0,206.0,144.09411764705882,0.8711626387981711,3.6956521739130435,4734,0.866,-0.5,1,69.3,28.4,0.126,85.4
2025-05-01,2025,5,May,Q2,0,Bhopal,Madhya Pradesh,Food Distribution,Meal Support Campaign,Individual,Bank Transfer,32896,33563,201,67.8,2,6,2,7998,9.17,166.79,36744.0,255.0,35639.0,253.0,37019.0,240.0,163.66169154228857,1.0202760214007782,2.9646017699115044,-667,0.5,-0.866,0,69.3,28.4,0.126,85.4
2025-06-01,2025,6,Jun,Q2,0,Bhopal,Madhya Pradesh,Food Distribution,Meal Support Campaign,Community Group,Bank Transfer,47973,33838,247,75.8,3,10,3,10622,3.97,137.15,32896.0,201.0,36744.0,255.0,35639.0,253.0,194.22267206477733,0.7053550955745941,3.2585751978891824,14135,0.0,-1.0,0,69.3,28.4,0.126,85.4
2025-07-01,2025,7,Jul,Q3,0,Bhopal,Madhya Pradesh,Food Distribution,Meal Support Campaign,Individual,UPI,37534,34230,233,78.6,3,6,2,6967,3.5,146.69,47973.0,247.0,32896.0,201.0,36744.0,255.0,161.09012875536482,0.9119731443491235,2.964376590330789,3304,-0.5,-0.866,0,69.3,28.4,0.126,85.4
2025-08-01,2025,8,Aug,Q3,1,Bhopal,Madhya Pradesh,Food Distribution,Meal Support Campaign,Individual,Online Portal,44826,29312,259,78.9,3,11,3,8060,4.04,113.24,37534.0,233.0,47973.0,247.0,32896.0,201.0,173.0733590733591,0.6539062151429974,3.2826362484157157,15514,-0.866,-0.5,1,69.3,28.4,0.126,85.4
2025-09-01,2025,9,Sep,Q3,1,Bhopal,Madhya Pradesh,Food Distribution,Meal Support Campaign,Community Group,Bank Transfer,51269,29333,226,81.7,3,11,5,8770,8.54,129.96,44826.0,259.0,37534.0,233.0,47973.0,247.0,226.85398230088495,0.5721391094033431,2.7662178702570377,21936,-1.0,-0.0,0,69.3,28.4,0.126,85.4
2025-10-01,2025,10,Oct,Q4,1,Bhopal,Madhya Pradesh,Food Distribution,Meal Support Campaign,Corporate CSR,UPI,76540,30987,249,91.2,2,14,6,13486,7.48,124.68,51269.0,226.0,44826.0,259.0,37534.0,233.0,307.38955823293173,0.4048471387509799,2.7302631578947367,45553,-0.866,0.5,1,69.3,28.4,0.126,85.4
2025-11-01,2025,11,Nov,Q4,1,Bhopal,Madhya Pradesh,Food Distribution,Meal Support Campaign,Alumni Network,UPI,40854,31821,230,70.5,2,9,4,9906,8.78,138.49,76540.0,249.0,51269.0,226.0,44826.0,259.0,177.62608695652173,0.778895579380232,3.2624113475177303,9033,-0.5,0.866,0,69.3,28.4,0.126,85.4
2025-12-01,2025,12,Dec,Q4,1,Bhopal,Madhya Pradesh,Food Distribution,Meal Support Campaign,Community Group,Bank Transfer,49920,32948,213,64.7,2,11,4,8412,5.08,154.86,40854.0,230.0,76540.0,249.0,51269.0,226.0,234.3661971830986,0.6600160256410257,3.292117465224111,16972,-0.0,1.0,0,69.3,28.4,0.126,85.4
2024-02-01,2024,2,Feb,Q1,0,Bhopal,Madhya Pradesh,Health Awareness,Community Wellness Camp,Individual,Online Portal,23119,18406,177,46.0,2,5,3,5100,8.25,103.78,28966.0,187.0,28966.0,187.0,28966.0,187.0,130.61581920903956,0.7961417016306934,3.847826086956522,4713,0.866,0.5,1,69.3,28.4,0.126,85.4
2024-03-01,2024,3,Mar,Q1,0,Bhopal,Madhya Pradesh,Health Awareness,Community Wellness Camp,Community Group,Online Portal,33050,21577,183,56.4,2,6,3,6499,7.76,117.96,23119.0,177.0,28966.0,187.0,28966.0,187.0,180.60109289617486,0.6528593040847201,3.24468085106383,11473,1.0,0.0,1,69.3,28.4,0.126,85.4
2024-04-01,2024,4,Apr,Q2,0,Bhopal,Madhya Pradesh,Health Awareness,Community Wellness Camp,Individual,Bank Transfer,23559,18839,186,63.6,2,5,2,6446,6.76,101.37,33050.0,183.0,23119.0,177.0,28966.0,187.0,126.66129032258064,0.7996519376883569,2.9245283018867925,4720,0.866,-0.5,1,69.3,28.4,0.126,85.4
2024-05-01,2024,5,May,Q2,0,Bhopal,Madhya Pradesh,Health Awareness,Community Wellness Camp,Community Group,UPI,28267,19099,173,46.5,2,6,2,6824,4.84,110.48,23559.0,186.0,33050.0,183.0,23119.0,177.0,163.39306358381504,0.6756642020730887,3.7204301075268815,9168,0.5,-0.866,1,69.3,28.4,0.126,85.4
2024-06-01,2024,6,Jun,Q2,0,Bhopal,Madhya Pradesh,Health Awareness,Community Wellness Camp,Individual,Bank Transfer,29915,18617,186,60.2,2,5,2,5517,4.56,100.04,28267.0,173.0,23559.0,186.0,33050.0,183.0,160.83333333333334,0.6223299348153101,3.089700996677741,11298,0.0,-1.0,1,69.3,28.4,0.126,85.4
2024-07-01,2024,7,Jul,Q3,0,Bhopal,Madhya Pradesh,Health Awareness,Community Wellness Camp,Individual,Fundraising Event,29664,21250,187,47.1,2,6,2,6973,9.27,113.81,29915.0,186.0,28267.0,173.0,23559.0,186.0,158.63101604278074,0.716356526429342,3.970276008492569,8414,-0.5,-0.866,1,69.3,28.4,0.126,85.4
2024-08-01,2024,8,Aug,Q3,1,Bhopal,Madhya Pradesh,Health Awareness,Community Wellness Camp,Community Group,Online Portal,35152,21198,186,62.9,2,9,3,6691,3.46,113.82,29664.0,187.0,29915.0,186.0,28267.0,173.0,188.98924731182797,0.6030382339553937,2.957074721780604,13954,-0.866,-0.5,1,69.3,28.4,0.126,85.4
2024-09-01,2024,9,Sep,Q3,1,Bhopal,Madhya Pradesh,Health Awareness,Community Wellness Camp,Corporate CSR,Bank Transfer,48899,19401,190,49.8,3,9,4,9695,8.29,102.23,35152.0,186.0,29664.0,187.0,29915.0,186.0,257.36315789473684,0.3967565798891593,3.815261044176707,29498,-1.0,-0.0,1,69.3,28.4,0.126,85.4
2024-10-01,2024,10,Oct,Q4,1,Bhopal,Madhya Pradesh,Health Awareness,Community Wellness Camp,Corporate CSR,Online Portal,56045,21594,178,53.7,2,14,7,8947,8.93,121.23,48899.0,190.0,35152.0,186.0,29664.0,187.0,314.85955056179773,0.3852975287715229,3.3147113594040967,34451,-0.866,0.5,1,69.3,28.4,0.126,85.4
2024-11-01,2024,11,Nov,Q4,1,Bhopal,Madhya Pradesh,Health Awareness,Community Wellness Camp,Corporate CSR,Fundraising Event,55835,20460,193,58.3,2,10,4,10509,6.72,105.87,56045.0,178.0,48899.0,190.0,35152.0,186.0,289.30051813471505,0.3664368227814095,3.3104631217838767,35375,-0.5,0.866,1,69.3,28.4,0.126,85.4
2024-12-01,2024,12,Dec,Q4,1,Bhopal,Madhya Pradesh,Health Awareness,Community Wellness Camp,Corporate CSR,Bank Transfer,54081,20315,168,45.9,2,13,6,9402,7.56,120.64,55835.0,193.0,56045.0,178.0,48899.0,190.0,321.9107142857143,0.37564024333869567,3.6601307189542487,33766,-0.0,1.0,1,69.3,28.4,0.126,85.4
2025-01-01,2025,1,Jan,Q1,0,Bhopal,Madhya Pradesh,Health Awareness,Community Wellness Camp,Individual,Fundraising Event,30021,20973,182,60.3,2,7,3,5836,4.31,115.23,54081.0,168.0,55835.0,193.0,56045.0,178.0,164.95054945054946,0.6986109723193764,3.0182421227197347,9048,0.5,0.866,1,69.3,28.4,0.126,85.4
2025-02-01,2025,2,Feb,Q1,0,Bhopal,Madhya Pradesh,Health Awareness,Community Wellness Camp,Corporate CSR,Fundraising Event,43656,19018,208,57.2,2,7,3,10012,6.57,91.62,30021.0,182.0,54081.0,168.0,55835.0,193.0,209.8846153846154,0.43563313175737584,3.6363636363636362,24638,0.866,0.5,1,69.3,28.4,0.126,85.4
2025-03-01,2025,3,Mar,Q1,0,Bhopal,Madhya Pradesh,Health Awareness,Community Wellness Camp,Community Group,Online Portal,34864,21627,169,57.1,2,6,2,6950,6.49,128.13,43656.0,208.0,30021.0,182.0,54081.0,168.0,206.2958579881657,0.6203246902248738,2.959719789842382,13237,1.0,0.0,1,69.3,28.4,0.126,85.4
2025-04-01,2025,4,Apr,Q2,0,Bhopal,Madhya Pradesh,Health Awareness,Community Wellness Camp,Individual,UPI,26067,19604,196,54.0,2,5,2,7380,6.33,100.13,34864.0,169.0,43656.0,208.0,30021.0,182.0,132.99489795918367,0.7520619940921471,3.6296296296296298,6463,0.866,-0.5,1,69.3,28.4,0.126,85.4
2025-05-01,2025,5,May,Q2,0,Bhopal,Madhya Pradesh,Health Awareness,Community Wellness Camp,Individual,Bank Transfer,29451,19486,170,44.4,2,6,2,7326,7.37,114.61,26067.0,196.0,34864.0,169.0,43656.0,208.0,173.24117647058824,0.6616413704118705,3.828828828828829,9965,0.5,-0.866,1,69.3,28.4,0.126,85.4
2025-06-01,2025,6,Jun,Q2,0,Bhopal,Madhya Pradesh,Health Awareness,Community Wellness Camp,Individual,Online Portal,29516,19270,181,50.6,2,5,2,7472,6.13,106.29,29451.0,170.0,26067.0,196.0,34864.0,169.0,163.0718232044199,0.6528662420382165,3.577075098814229,10246,0.0,-1.0,1,69.3,28.4,0.126,85.4
2025-07-01,2025,7,Jul,Q3,0,Bhopal,Madhya Pradesh,Health Awareness,Community Wellness Camp,Community Group,Online Portal,37099,20484,199,67.7,2,8,3,8841,3.86,103.09,29516.0,181.0,29451.0,170.0,26067.0,196.0,186.42713567839195,0.552144262648589,2.9394387001477105,16615,-0.5,-0.866,1,69.3,28.4,0.126,85.4
2025-08-01,2025,8,Aug,Q3,1,Bhopal,Madhya Pradesh,Health Awareness,Community Wellness Camp,Individual,Online Portal,33233,21826,215,53.6,2,6,2,7907,8.78,101.48,37099.0,199.0,29516.0,181.0,29451.0,170.0,154.5720930232558,0.6567568380826287,4.0111940298507465,11407,-0.866,-0.5,1,69.3,28.4,0.126,85.4
2025-09-01,2025,9,Sep,Q3,1,Bhopal,Madhya Pradesh,Health Awareness,Community Wellness Camp,Corporate CSR,UPI,51007,22025,181,47.3,2,9,4,9012,9.16,121.49,33233.0,215.0,37099.0,199.0,29516.0,181.0,281.8066298342541,0.4318034779540063,3.8266384778012688,28982,-1.0,-0.0,1,69.3,28.4,0.126,85.4
2025-10-01,2025,10,Oct,Q4,1,Bhopal,Madhya Pradesh,Health Awareness,Community Wellness Camp,Community Group,Fundraising Event,45396,22028,177,60.1,2,9,4,8342,3.25,124.16,51007.0,181.0,33233.0,215.0,37099.0,199.0,256.47457627118644,0.48524099039562957,2.945091514143095,23368,-0.866,0.5,1,69.3,28.4,0.126,85.4
2025-11-01,2025,11,Nov,Q4,1,Bhopal,Madhya Pradesh,Health Awareness,Community Wellness Camp,Community Group,Online Portal,45766,21338,191,52.6,2,8,4,7507,6.17,111.82,45396.0,177.0,51007.0,181.0,33233.0,215.0,239.61256544502618,0.4662413145129572,3.6311787072243344,24428,-0.5,0.866,1,69.3,28.4,0.126,85.4
2025-12-01,2025,12,Dec,Q4,1,Bhopal,Madhya Pradesh,Health Awareness,Community Wellness Camp,Individual,Online Portal,34675,20186,197,54.7,2,8,4,6056,8.89,102.41,45766.0,191.0,45396.0,177.0,51007.0,181.0,176.01522842639594,0.5821485219899063,3.6014625228519193,14489,-0.0,1.0,1,69.3,28.4,0.126,85.4
2024-02-01,2024,2,Feb,Q1,0,Bhopal,Madhya Pradesh,Menstrual Hygiene,Pad for Dignity Drive,Alumni Network,Bank Transfer,27782,17029,153,46.5,2,7,2,5482,9.43,111.17,43902.0,139.0,43902.0,139.0,43902.0,139.0,181.58169934640523,0.6129508314736161,3.2903225806451615,10753,0.866,0.5,1,69.3,28.4,0.126,85.4
2024-03-01,2024,3,Mar,Q1,0,Bhopal,Madhya Pradesh,Menstrual Hygiene,Pad for Dignity Drive,Individual,Bank Transfer,27740,19181,165,44.3,2,5,2,6183,7.83,116.09,27782.0,153.0,43902.0,139.0,43902.0,139.0,168.12121212121212,0.6914563806777217,3.724604966139955,8559,1.0,0.0,1,69.3,28.4,0.126,85.4
2024-04-01,2024,4,Apr,Q2,0,Bhopal,Madhya Pradesh,Menstrual Hygiene,Pad for Dignity Drive,Corporate CSR,Bank Transfer,48399,18123,153,45.8,2,9,3,7845,7.45,118.6,27740.0,165.0,27782.0,153.0,43902.0,139.0,316.3333333333333,0.3744498853282093,3.3406113537117905,30276,0.866,-0.5,1,69.3,28.4,0.126,85.4
2024-05-01,2024,5,May,Q2,0,Bhopal,Madhya Pradesh,Menstrual Hygiene,Pad for Dignity Drive,Individual,UPI,25619,16881,168,54.8,2,4,2,5613,3.68,100.77,48399.0,153.0,27740.0,165.0,27782.0,153.0,152.49404761904762,0.6589250165892502,3.0656934306569346,8738,0.5,-0.866,1,69.3,28.4,0.126,85.4
2024-06-01,2024,6,Jun,Q2,0,Bhopal,Madhya Pradesh,Menstrual Hygiene,Pad for Dignity Drive,Alumni Network,Online Portal,29390,18218,171,49.2,2,6,2,6654,6.69,106.57,25619.0,168.0,48399.0,153.0,27740.0,165.0,171.87134502923976,0.6198707043211977,3.475609756097561,11172,0.0,-1.0,1,69.3,28.4,0.126,85.4
2024-07-01,2024,7,Jul,Q3,0,Bhopal,Madhya Pradesh,Menstrual Hygiene,Pad for Dignity Drive,Alumni Network,Bank Transfer,30739,18689,154,41.9,1,7,4,5472,8.27,121.21,29390.0,171.0,25619.0,168.0,48399.0,153.0,199.6038961038961,0.6079898500276522,3.675417661097852,12050,-0.5,-0.866,1,69.3,28.4,0.126,85.4
2024-08-01,2024,8,Aug,Q3,1,Bhopal,Madhya Pradesh,Menstrual Hygiene,Pad for Dignity Drive,Alumni Network,UPI,36694,17105,172,49.1,2,7,2,5958,9.13,99.53,30739.0,154.0,29390.0,171.0,25619.0,168.0,213.3372093023256,0.46615250449664797,3.5030549898167007,19589,-0.866,-0.5,1,69.3,28.4,0.126,85.4
2024-09-01,2024,9,Sep,Q3,1,Bhopal,Madhya Pradesh,Menstrual Hygiene,Pad for Dignity Drive,Alumni Network,UPI,36823,19310,182,49.5,2,8,2,6857,4.1,106.17,36694.0,172.0,30739.0,154.0,29390.0,171.0,202.32417582417582,0.5244005105504712,3.676767676767677,17513,-1.0,-0.0,1,69.3,28.4,0.126,85.4
2024-10-01,2024,10,Oct,Q4,1,Bhopal,Madhya Pradesh,Menstrual Hygiene,Pad for Dignity Drive,Individual,Fundraising Event,32239,18916,182,58.2,2,8,2,6356,8.54,103.8,36823.0,182.0,36694.0,172.0,30739.0,154.0,177.13736263736263,0.5867427649740997,3.127147766323024,13323,-0.866,0.5,1,69.3,28.4,0.126,85.4
2024-11-01,2024,11,Nov,Q4,1,Bhopal,Madhya Pradesh,Menstrual Hygiene,Pad for Dignity Drive,Individual,Fundraising Event,37176,16562,166,45.7,2,7,2,7605,8.88,100.04,32239.0,182.0,36823.0,182.0,36694.0,172.0,223.95180722891567,0.4455024747148698,3.632385120350109,20614,-0.5,0.866,1,69.3,28.4,0.126,85.4
2024-12-01,2024,12,Dec,Q4,1,Bhopal,Madhya Pradesh,Menstrual Hygiene,Pad for Dignity Drive,Corporate CSR,UPI,61023,18939,170,53.5,2,12,4,9573,5.61,111.67,37176.0,166.0,32239.0,182.0,36823.0,182.0,358.95882352941175,0.3103583894597119,3.177570093457944,42084,-0.0,1.0,1,69.3,28.4,0.126,85.4
2025-01-01,2025,1,Jan,Q1,0,Bhopal,Madhya Pradesh,Menstrual Hygiene,Pad for Dignity Drive,Corporate CSR,UPI,49811,16197,178,55.9,2,9,3,7958,5.58,90.85,61023.0,170.0,37176.0,166.0,32239.0,182.0,279.8370786516854,0.32516913934673064,3.184257602862254,33614,0.5,0.866,1,69.3,28.4,0.126,85.4
2025-02-01,2025,2,Feb,Q1,0,Bhopal,Madhya Pradesh,Menstrual Hygiene,Pad for Dignity Drive,Corporate CSR,Fundraising Event,58256,19351,173,54.7,2,11,5,8514,4.79,111.97,49811.0,178.0,61023.0,170.0,37176.0,166.0,336.73988439306356,0.33217179346333425,3.162705667276051,38905,0.866,0.5,1,69.3,28.4,0.126,85.4
2025-03-01,2025,3,Mar,Q1,0,Bhopal,Madhya Pradesh,Menstrual Hygiene,Pad for Dignity Drive,Community Group,UPI,35051,17240,169,48.5,2,6,2,8197,5.7,101.93,58256.0,173.0,49811.0,178.0,61023.0,170.0,207.4023668639053,0.4918547259707284,3.484536082474227,17811,1.0,0.0,1,69.3,28.4,0.126,85.4
2025-04-01,2025,4,Apr,Q2,0,Bhopal,Madhya Pradesh,Menstrual Hygiene,Pad for Dignity Drive,Individual,Fundraising Event,28005,18201,186,60.2,2,5,2,8260,7.05,97.81,35051.0,169.0,58256.0,173.0,49811.0,178.0,150.56451612903226,0.6499196572040707,3.089700996677741,9804,0.866,-0.5,1,69.3,28.4,0.126,85.4
2025-05-01,2025,5,May,Q2,0,Bhopal,Madhya Pradesh,Menstrual Hygiene,Pad for Dignity Drive,Community Group,UPI,35193,17883,158,49.6,2,7,3,6018,8.51,113.18,28005.0,186.0,35051.0,169.0,58256.0,173.0,222.7405063291139,0.5081408234592106,3.185483870967742,17310,0.5,-0.866,1,69.3,28.4,0.126,85.4
2025-06-01,2025,6,Jun,Q2,0,Bhopal,Madhya Pradesh,Menstrual Hygiene,Pad for Dignity Drive,Individual,Bank Transfer,31789,16190,155,46.2,2,7,4,5822,3.35,104.32,35193.0,158.0,28005.0,186.0,35051.0,169.0,205.09032258064516,0.5092956683129385,3.3549783549783547,15599,0.0,-1.0,1,69.3,28.4,0.126,85.4
2025-07-01,2025,7,Jul,Q3,0,Bhopal,Madhya Pradesh,Menstrual Hygiene,Pad for Dignity Drive,Community Group,Fundraising Event,44983,18620,179,53.1,2,9,5,7798,3.57,103.89,31789.0,155.0,35193.0,158.0,28005.0,186.0,251.30167597765364,0.4139341529022075,3.3709981167608287,26363,-0.5,-0.866,1,69.3,28.4,0.126,85.4
2025-08-01,2025,8,Aug,Q3,1,Bhopal,Madhya Pradesh,Menstrual Hygiene,Pad for Dignity Drive,Community Group,Fundraising Event,46320,17043,196,62.8,2,8,3,7987,9.09,86.76,44983.0,179.0,31789.0,155.0,35193.0,158.0,236.3265306122449,0.36794041450777204,3.121019108280255,29277,-0.866,-0.5,1,69.3,28.4,0.126,85.4
2025-09-01,2025,9,Sep,Q3,1,Bhopal,Madhya Pradesh,Menstrual Hygiene,Pad for Dignity Drive,Individual,Bank Transfer,31937,18619,171,46.4,2,8,4,6553,4.71,108.83,46320.0,196.0,44983.0,179.0,31789.0,155.0,186.76608187134502,0.582991514544259,3.685344827586207,13318,-1.0,-0.0,1,69.3,28.4,0.126,85.4
2025-10-01,2025,10,Oct,Q4,1,Bhopal,Madhya Pradesh,Menstrual Hygiene,Pad for Dignity Drive,Individual,UPI,40035,17588,193,48.1,2,8,3,7625,8.74,91.0,31937.0,171.0,46320.0,196.0,44983.0,179.0,207.43523316062175,0.43931559885100535,4.012474012474012,22447,-0.866,0.5,1,69.3,28.4,0.126,85.4
2025-11-01,2025,11,Nov,Q4,1,Bhopal,Madhya Pradesh,Menstrual Hygiene,Pad for Dignity Drive,Individual,Bank Transfer,42225,18602,191,61.8,3,9,4,8975,5.87,97.28,40035.0,193.0,31937.0,171.0,46320.0,196.0,221.07329842931938,0.4405447010065127,3.090614886731392,23623,-0.5,0.866,1,69.3,28.4,0.126,85.4
2025-12-01,2025,12,Dec,Q4,1,Bhopal,Madhya Pradesh,Menstrual Hygiene,Pad for Dignity Drive,Individual,Bank Transfer,36488,16412,194,63.6,2,9,3,7705,8.05,84.75,42225.0,191.0,40035.0,193.0,31937.0,171.0,188.08247422680412,0.44979171234378423,3.050314465408805,20076,-0.0,1.0,1,69.3,28.4,0.126,85.4
2024-02-01,2024,2,Feb,Q1,0,Delhi,Delhi,Clothing Support,Warmth and Dignity Drive,Individual,UPI,41338,33357,240,80.9,3,7,3,9061,6.88,139.19,65275.0,238.0,65275.0,238.0,65275.0,238.0,172.24166666666667,0.8069330881997194,2.9666254635352285,7981,0.866,0.5,0,86.2,97.5,0.042,19.8
2024-03-01,2024,3,Mar,Q1,0,Delhi,Delhi,Clothing Support,Warmth and Dignity Drive,Individual,Bank Transfer,38460,31098,227,68.8,3,9,3,7883,9.01,136.99,41338.0,240.0,65275.0,238.0,65275.0,238.0,169.4273127753304,0.8085803432137285,3.299418604651163,7362,1.0,0.0,0,86.2,97.5,0.042,19.8
2024-04-01,2024,4,Apr,Q2,0,Delhi,Delhi,Clothing Support,Warmth and Dignity Drive,Individual,UPI,33797,29506,210,74.6,2,7,2,6462,6.05,140.57,38460.0,227.0,41338.0,240.0,65275.0,238.0,160.93809523809523,0.873036068290085,2.8150134048257374,4291,0.866,-0.5,0,86.2,97.5,0.042,19.8
2024-05-01,2024,5,May,Q2,0,Delhi,Delhi,Clothing Support,Warmth and Dignity Drive,Corporate CSR,UPI,61208,32175,227,65.3,3,13,5,9410,7.61,141.83,33797.0,210.0,38460.0,227.0,41338.0,240.0,269.6387665198238,0.5256665795320873,3.4762633996937216,29033,0.5,-0.866,0,86.2,97.5,0.042,19.8
2024-06-01,2024,6,Jun,Q2,0,Delhi,Delhi,Clothing Support,Warmth and Dignity Drive,Alumni Network,UPI,38278,30592,220,66.1,3,8,3,8373,8.8,138.98,61208.0,227.0,33797.0,210.0,38460.0,227.0,173.9909090909091,0.7992058101259208,3.3282904689863844,7686,0.0,-1.0,0,86.2,97.5,0.042,19.8
2024-07-01,2024,7,Jul,Q3,0,Delhi,Delhi,Clothing Support,Warmth and Dignity Drive,Individual,Online Portal,40846,32474,243,81.7,3,9,3,7475,8.9,133.47,38278.0,220.0,61208.0,227.0,33797.0,210.0,168.09053497942386,0.7950350095480586,2.974296205630355,8372,-0.5,-0.866,0,86.2,97.5,0.042,19.8
2024-08-01,2024,8,Aug,Q3,1,Delhi,Delhi,Clothing Support,Warmth and Dignity Drive,Individual,Online Portal,44425,32452,245,70.8,3,11,3,8091,5.22,132.25,40846.0,243.0,38278.0,220.0,61208.0,227.0,181.3265306122449,0.730489589195273,3.46045197740113,11973,-0.866,-0.5,0,86.2,97.5,0.042,19.8
2024-09-01,2024,9,Sep,Q3,1,Delhi,Delhi,Clothing Support,Warmth and Dignity Drive,Individual,Online Portal,47368,30103,244,65.2,3,10,3,10924,8.08,123.2,44425.0,245.0,40846.0,243.0,38278.0,220.0,194.13114754098362,0.6355134267860159,3.742331288343558,17265,-1.0,-0.0,1,86.2,97.5,0.042,19.8
2024-10-01,2024,10,Oct,Q4,1,Delhi,Delhi,Clothing Support,Warmth and Dignity Drive,Individual,Fundraising Event,43393,33226,214,67.6,3,8,2,9336,8.53,155.04,47368.0,244.0,44425.0,245.0,40846.0,243.0,202.7710280373832,0.7656995367916484,3.1656804733727815,10167,-0.866,0.5,0,86.2,97.5,0.042,19.8
2024-11-01,2024,11,Nov,Q4,1,Delhi,Delhi,Clothing Support,Warmth and Dignity Drive,Individual,UPI,47321,31902,216,58.7,2,11,5,7805,3.95,147.74,43393.0,214.0,47368.0,244.0,44425.0,245.0,219.0787037037037,0.6741615773123983,3.6797274275979555,15419,-0.5,0.866,0,86.2,97.5,0.042,19.8
2024-12-01,2024,12,Dec,Q4,1,Delhi,Delhi,Clothing Support,Warmth and Dignity Drive,Community Group,UPI,51809,29796,222,71.8,2,12,3,11012,5.72,134.28,47321.0,216.0,43393.0,214.0,47368.0,244.0,233.37387387387386,0.5751124322028991,3.0919220055710306,22013,-0.0,1.0,0,86.2,97.5,0.042,19.8
2025-01-01,2025,1,Jan,Q1,0,Delhi,Delhi,Clothing Support,Warmth and Dignity Drive,Individual,UPI,37861,29603,242,83.6,3,8,3,9670,8.18,122.18,51809.0,222.0,47321.0,216.0,43393.0,214.0,156.4504132231405,0.7818863738411558,2.8947368421052633,8258,0.5,0.866,1,86.2,97.5,0.042,19.8
2025-02-01,2025,2,Feb,Q1,0,Delhi,Delhi,Clothing Support,Warmth and Dignity Drive,Corporate CSR,Online Portal,67651,31949,248,84.8,3,17,7,11647,8.48,129.02,37861.0,242.0,51809.0,222.0,47321.0,216.0,272.78629032258067,0.4722620508196479,2.9245283018867925,35702,0.866,0.5,0,86.2,97.5,0.042,19.8
2025-03-01,2025,3,Mar,Q1,0,Delhi,Delhi,Clothing Support,Warmth and Dignity Drive,Corporate CSR,Bank Transfer,78499,28827,258,67.9,2,13,6,14048,3.29,111.84,67651.0,248.0,37861.0,242.0,51809.0,222.0,304.2596899224806,0.3672276079950063,3.799705449189985,49672,1.0,0.0,1,86.2,97.5,0.042,19.8
2025-04-01,2025,4,Apr,Q2,0,Delhi,Delhi,Clothing Support,Warmth and Dignity Drive,Corporate CSR,Fundraising Event,72882,29964,212,63.3,2,12,6,10125,8.7,141.28,78499.0,258.0,67651.0,248.0,37861.0,242.0,343.7830188679245,0.41113032024368157,3.34913112164297,42918,0.866,-0.5,0,86.2,97.5,0.042,19.8
2025-05-01,2025,5,May,Q2,0,Delhi,Delhi,Clothing Support,Warmth and Dignity Drive,Community Group,UPI,51787,33294,245,81.6,2,11,4,11293,4.76,136.09,72882.0,212.0,78499.0,258.0,67651.0,248.0,211.37551020408162,0.642902658968467,3.002450980392157,18493,0.5,-0.866,0,86.2,97.5,0.042,19.8
2025-06-01,2025,6,Jun,Q2,0,Delhi,Delhi,Clothing Support,Warmth and Dignity Drive,Individual,Online Portal,43687,30150,218,76.0,2,8,3,9265,4.32,138.23,51787.0,245.0,72882.0,212.0,78499.0,258.0,200.39908256880733,0.6901366539245084,2.8684210526315788,13537,0.0,-1.0,0,86.2,97.5,0.042,19.8
2025-07-01,2025,7,Jul,Q3,0,Delhi,Delhi,Clothing Support,Warmth and Dignity Drive,Community Group,UPI,51735,32806,226,67.9,2,12,4,9758,8.69,144.87,43687.0,218.0,51787.0,245.0,72882.0,212.0,228.91592920353983,0.6341161689378564,3.328424153166421,18929,-0.5,-0.866,0,86.2,97.5,0.042,19.8
2025-08-01,2025,8,Aug,Q3,1,Delhi,Delhi,Clothing Support,Warmth and Dignity Drive,Community Group,UPI,65164,31835,215,74.4,2,13,5,11127,3.8,148.2,51735.0,226.0,43687.0,218.0,51787.0,245.0,303.0883720930233,0.48853661530906634,2.889784946236559,33329,-0.866,-0.5,0,86.2,97.5,0.042,19.8
2025-09-01,2025,9,Sep,Q3,1,Delhi,Delhi,Clothing Support,Warmth and Dignity Drive,Corporate CSR,UPI,78127,33624,239,73.3,3,19,9,13556,6.65,140.62,65164.0,215.0,51735.0,226.0,43687.0,218.0,326.89121338912133,0.43037618236973135,3.260572987721692,44503,-1.0,-0.0,0,86.2,97.5,0.042,19.8
2025-10-01,2025,10,Oct,Q4,1,Delhi,Delhi,Clothing Support,Warmth and Dignity Drive,Community Group,Online Portal,62945,32352,277,98.3,3,13,4,11924,6.4,116.71,78127.0,239.0,65164.0,215.0,51735.0,226.0,227.23826714801444,0.5139725156882993,2.817904374364191,30593,-0.866,0.5,1,86.2,97.5,0.042,19.8
2025-11-01,2025,11,Nov,Q4,1,Delhi,Delhi,Clothing Support,Warmth and Dignity Drive,Individual,UPI,53605,30064,250,74.1,3,10,3,10859,7.55,120.38,62945.0,277.0,78127.0,239.0,65164.0,215.0,214.42,0.5608432049249137,3.373819163292848,23541,-0.5,0.866,1,86.2,97.5,0.042,19.8
2025-12-01,2025,12,Dec,Q4,1,Delhi,Delhi,Clothing Support,Warmth and Dignity Drive,Individual,Bank Transfer,48718,30931,255,75.8,3,9,3,10989,3.49,121.32,53605.0,250.0,62945.0,277.0,78127.0,239.0,191.05098039215687,0.6348988053696786,3.3641160949868074,17787,-0.0,1.0,1,86.2,97.5,0.042,19.8
2024-02-01,2024,2,Feb,Q1,0,Delhi,Delhi,Education Support,Back to School Drive,Community Group,Fundraising Event,64365,41273,196,76.6,2,13,4,9995,9.15,210.07,54440.0,185.0,54440.0,185.0,54440.0,185.0,328.39285714285717,0.6412335896838344,2.5587467362924285,23092,0.866,0.5,0,86.2,97.5,0.042,19.8
2024-03-01,2024,3,Mar,Q1,0,Delhi,Delhi,Education Support,Back to School Drive,Individual,UPI,64184,38905,211,66.3,2,13,6,11811,4.4,184.57,64365.0,196.0,54440.0,185.0,54440.0,185.0,304.18957345971563,0.6061479496447713,3.182503770739065,25279,1.0,0.0,0,86.2,97.5,0.042,19.8
2024-04-01,2024,4,Apr,Q2,0,Delhi,Delhi,Education Support,Back to School Drive,Community Group,Fundraising Event,63718,37100,228,83.9,3,12,5,12275,3.69,162.75,64184.0,211.0,64365.0,196.0,54440.0,185.0,279.46491228070175,0.5822530525126338,2.717520858164481,26618,0.866,-0.5,0,86.2,97.5,0.042,19.8
2024-05-01,2024,5,May,Q2,0,Delhi,Delhi,Education Support,Back to School Drive,Individual,Fundraising Event,48615,39450,231,72.3,2,8,3,10671,4.11,170.8,63718.0,228.0,64184.0,211.0,64365.0,196.0,210.45454545454547,0.8114779389077446,3.195020746887967,9165,0.5,-0.866,0,86.2,97.5,0.042,19.8
2024-06-01,2024,6,Jun,Q2,0,Delhi,Delhi,Education Support,Back to School Drive,Corporate CSR,Fundraising Event,108199,39806,195,75.1,2,21,8,13727,6.43,204.12,48615.0,231.0,63718.0,228.0,64184.0,211.0,554.8666666666667,0.3678961912771837,2.596537949400799,68393,0.0,-1.0,0,86.2,97.5,0.042,19.8
2024-07-01,2024,7,Jul,Q3,0,Delhi,Delhi,Education Support,Back to School Drive,Community Group,UPI,75433,37297,225,79.9,2,19,6,12769,7.08,166.12,108199.0,195.0,48615.0,231.0,63718.0,228.0,335.2577777777778,0.49443877348110243,2.816020025031289,38136,-0.5,-0.866,0,86.2,97.5,0.042,19.8
2024-08-01,2024,8,Aug,Q3,1,Delhi,Delhi,Education Support,Back to School Drive,Individual,Bank Transfer,61280,40553,203,82.8,2,14,6,9646,8.07,199.47,75433.0,225.0,108199.0,195.0,48615.0,231.0,301.871921182266,0.6617656657963447,2.451690821256039,20727,-0.866,-0.5,0,86.2,97.5,0.042,19.8
2024-09-01,2024,9,Sep,Q3,1,Delhi,Delhi,Education Support,Back to School Drive,Community Group,Bank Transfer,75849,37761,195,74.0,2,17,7,9576,8.9,193.79,61280.0,203.0,75433.0,225.0,108199.0,195.0,388.96923076923076,0.49784440137641894,2.635135135135135,38088,-1.0,-0.0,0,86.2,97.5,0.042,19.8
2024-10-01,2024,10,Oct,Q4,1,Delhi,Delhi,Education Support,Back to School Drive,Individual,Bank Transfer,63956,44133,213,80.0,2,14,4,10074,6.83,207.33,75849.0,195.0,61280.0,203.0,75433.0,225.0,300.26291079812205,0.6900525361185815,2.6625,19823,-0.866,0.5,0,86.2,97.5,0.042,19.8
2024-11-01,2024,11,Nov,Q4,1,Delhi,Delhi,Education Support,Back to School Drive,Individual,Online Portal,65038,44365,193,81.6,2,15,7,8918,8.04,229.52,63956.0,213.0,75849.0,195.0,61280.0,203.0,336.98445595854923,0.6821396721916418,2.3651960784313726,20673,-0.5,0.866,0,86.2,97.5,0.042,19.8
2024-12-01,2024,12,Dec,Q4,1,Delhi,Delhi,Education Support,Back to School Drive,Individual,Fundraising Event,63321,39077,217,76.0,2,15,5,9869,3.54,180.09,65038.0,193.0,63956.0,213.0,75849.0,195.0,291.8018433179723,0.6171254402173054,2.8552631578947367,24244,-0.0,1.0,0,86.2,97.5,0.042,19.8
2025-01-01,2025,1,Jan,Q1,0,Delhi,Delhi,Education Support,Back to School Drive,Corporate CSR,UPI,114728,41749,229,85.6,3,29,12,14069,8.5,182.17,63321.0,217.0,65038.0,193.0,63956.0,213.0,500.9956331877729,0.36389547451363224,2.675233644859813,72979,0.5,0.866,0,86.2,97.5,0.042,19.8
2025-02-01,2025,2,Feb,Q1,0,Delhi,Delhi,Education Support,Back to School Drive,Alumni Network,Bank Transfer,69754,42571,212,88.4,2,13,5,12290,6.38,200.74,114728.0,229.0,63321.0,217.0,65038.0,193.0,329.02830188679246,0.6103019181695674,2.3981900452488687,27183,0.866,0.5,0,86.2,97.5,0.042,19.8
2025-03-01,2025,3,Mar,Q1,0,Delhi,Delhi,Education Support,Back to School Drive,Community Group,Online Portal,74358,40174,210,82.9,2,15,5,10882,6.97,191.41,69754.0,212.0,114728.0,229.0,63321.0,217.0,354.0857142857143,0.5402781139890799,2.533172496984318,34184,1.0,0.0,0,86.2,97.5,0.042,19.8
2025-04-01,2025,4,Apr,Q2,0,Delhi,Delhi,Education Support,Back to School Drive,Community Group,Fundraising Event,71990,38621,237,90.2,2,12,5,11680,8.01,162.76,74358.0,210.0,69754.0,212.0,114728.0,229.0,303.7552742616034,0.5364772885122934,2.6274944567627494,33369,0.866,-0.5,0,86.2,97.5,0.042,19.8
2025-05-01,2025,5,May,Q2,0,Delhi,Delhi,Education Support,Back to School Drive,Community Group,Fundraising Event,74547,40673,242,75.2,3,12,5,11365,5.53,168.16,71990.0,237.0,74358.0,210.0,69754.0,212.0,308.04545454545456,0.5456021033710277,3.2180851063829787,33874,0.5,-0.866,0,86.2,97.5,0.042,19.8
2025-06-01,2025,6,Jun,Q2,0,Delhi,Delhi,Education Support,Back to School Drive,Individual,UPI,58358,40204,204,77.5,2,10,5,8873,3.93,197.34,74547.0,242.0,71990.0,237.0,74358.0,210.0,286.0686274509804,0.6889201137804586,2.632258064516129,18154,0.0,-1.0,0,86.2,97.5,0.042,19.8
2025-07-01,2025,7,Jul,Q3,0,Delhi,Delhi,Education Support,Back to School Drive,Individual,UPI,67178,37035,234,80.0,2,16,6,11948,5.56,158.01,58358.0,204.0,74547.0,242.0,71990.0,237.0,287.0854700854701,0.5512965554199292,2.925,30143,-0.5,-0.866,0,86.2,97.5,0.042,19.8
2025-08-01,2025,8,Aug,Q3,1,Delhi,Delhi,Education Support,Back to School Drive,Individual,Bank Transfer,66047,39304,233,84.5,3,11,3,9987,5.92,168.82,67178.0,234.0,58358.0,204.0,74547.0,242.0,283.46351931330474,0.5950913743243448,2.757396449704142,26743,-0.866,-0.5,0,86.2,97.5,0.042,19.8
2025-09-01,2025,9,Sep,Q3,1,Delhi,Delhi,Education Support,Back to School Drive,Individual,Bank Transfer,66451,39166,240,96.3,2,16,6,11031,8.52,163.38,66047.0,233.0,67178.0,234.0,58358.0,204.0,276.87916666666666,0.5893966983190622,2.492211838006231,27285,-1.0,-0.0,0,86.2,97.5,0.042,19.8
2025-10-01,2025,10,Oct,Q4,1,Delhi,Delhi,Education Support,Back to School Drive,Individual,Fundraising Event,83196,44622,243,91.9,2,16,7,13125,5.51,183.96,66451.0,240.0,66047.0,233.0,67178.0,234.0,342.3703703703704,0.5363479013414106,2.6441784548422196,38574,-0.866,0.5,0,86.2,97.5,0.042,19.8
2025-11-01,2025,11,Nov,Q4,1,Delhi,Delhi,Education Support,Back to School Drive,Individual,UPI,78630,40746,201,82.1,2,15,5,10571,3.91,202.85,83196.0,243.0,66451.0,240.0,66047.0,233.0,391.1940298507463,0.5181991606257154,2.4482338611449452,37884,-0.5,0.866,0,86.2,97.5,0.042,19.8
2025-12-01,2025,12,Dec,Q4,1,Delhi,Delhi,Education Support,Back to School Drive,Community Group,Online Portal,107601,38108,249,83.3,3,19,7,15352,9.4,153.15,78630.0,201.0,83196.0,243.0,66451.0,240.0,432.13253012048193,0.35416027732084276,2.9891956782713085,69493,-0.0,1.0,0,86.2,97.5,0.042,19.8
2024-02-01,2024,2,Feb,Q1,0,Delhi,Delhi,Food Distribution,Meal Support Campaign,Community Group,Bank Transfer,58617,48082,297,100.2,4,10,3,11116,8.52,161.79,48130.0,305.0,48130.0,305.0,48130.0,305.0,197.36363636363637,0.8202739819506286,2.964071856287425,10535,0.866,0.5,0,86.2,97.5,0.042,19.8
2024-03-01,2024,3,Mar,Q1,0,Delhi,Delhi,Food Distribution,Meal Support Campaign,Corporate CSR,Online Portal,88865,45851,315,96.1,4,21,8,14939,7.57,145.62,58617.0,297.0,48130.0,305.0,48130.0,305.0,282.1111111111111,0.5159624148990041,3.2778355879292405,43014,1.0,0.0,0,86.2,97.5,0.042,19.8
2024-04-01,2024,4,Apr,Q2,0,Delhi,Delhi,Food Distribution,Meal Support Campaign,Individual,Bank Transfer,38749,47577,300,98.9,4,6,2,10206,7.2,158.61,88865.0,315.0,58617.0,297.0,48130.0,305.0,129.16333333333333,1.2278252341995923,3.0333670374115265,-8828,0.866,-0.5,0,86.2,97.5,0.042,19.8
2024-05-01,2024,5,May,Q2,0,Delhi,Delhi,Food Distribution,Meal Support Campaign,Individual,Online Portal,45312,48148,290,92.5,4,11,4,12289,6.82,166.05,38749.0,300.0,88865.0,315.0,58617.0,297.0,156.24827586206897,1.062588276836158,3.135135135135135,-2836,0.5,-0.866,0,86.2,97.5,0.042,19.8
2024-06-01,2024,6,Jun,Q2,0,Delhi,Delhi,Food Distribution,Meal Support Campaign,Corporate CSR,Online Portal,87075,48134,312,117.1,3,15,7,15673,3.38,154.46,45312.0,290.0,38749.0,300.0,88865.0,315.0,279.08653846153845,0.5527878265862762,2.6643894107600343,38941,0.0,-1.0,0,86.2,97.5,0.042,19.8
2024-07-01,2024,7,Jul,Q3,0,Delhi,Delhi,Food Distribution,Meal Support Campaign,Corporate CSR,Bank Transfer,84904,45269,357,133.4,5,14,7,13462,9.8,126.7,87075.0,312.0,45312.0,290.0,38749.0,300.0,237.8263305322129,0.5331786488269104,2.6761619190404797,39635,-0.5,-0.866,1,86.2,97.5,0.042,19.8
2024-08-01,2024,8,Aug,Q3,1,Delhi,Delhi,Food Distribution,Meal Support Campaign,Community Group,Online Portal,66218,48667,317,92.9,3,11,3,11107,8.96,153.5,84904.0,357.0,87075.0,312.0,45312.0,290.0,208.88958990536278,0.7349512217221903,3.4122712594187297,17551,-0.866,-0.5,0,86.2,97.5,0.042,19.8
2024-09-01,2024,9,Sep,Q3,1,Delhi,Delhi,Food Distribution,Meal Support Campaign,Individual,Online Portal,51321,43988,366,136.8,5,9,4,13970,4.68,120.21,66218.0,317.0,84904.0,357.0,87075.0,312.0,140.22131147540983,0.8571150211414431,2.6754385964912277,7333,-1.0,-0.0,1,86.2,97.5,0.042,19.8
2024-10-01,2024,10,Oct,Q4,1,Delhi,Delhi,Food Distribution,Meal Support Campaign,Corporate CSR,UPI,88031,45033,324,110.8,3,20,6,13408,5.13,138.92,51321.0,366.0,66218.0,317.0,84904.0,357.0,271.70061728395063,0.5115584282809464,2.924187725631769,42998,-0.866,0.5,0,86.2,97.5,0.042,19.8
2024-11-01,2024,11,Nov,Q4,1,Delhi,Delhi,Food Distribution,Meal Support Campaign,Corporate CSR,Bank Transfer,84960,49506,351,109.3,4,15,6,16041,3.52,140.89,88031.0,324.0,51321.0,366.0,66218.0,317.0,242.05128205128204,0.5826977401129944,3.211344922232388,35454,-0.5,0.866,0,86.2,97.5,0.042,19.8
2024-12-01,2024,12,Dec,Q4,1,Delhi,Delhi,Food Distribution,Meal Support Campaign,Alumni Network,Fundraising Event,61760,45740,341,121.0,4,14,5,10973,6.53,134.17,84960.0,351.0,88031.0,324.0,51321.0,366.0,181.11436950146629,0.7406088082901554,2.8181818181818183,16020,-0.0,1.0,0,86.2,97.5,0.042,19.8
2025-01-01,2025,1,Jan,Q1,0,Delhi,Delhi,Food Distribution,Meal Support Campaign,Community Group,Online Portal,59932,50166,364,131.2,4,12,4,15274,9.21,137.88,61760.0,341.0,84960.0,351.0,88031.0,324.0,164.64835164835165,0.8370486551424948,2.774390243902439,9766,0.5,0.866,0,86.2,97.5,0.042,19.8
2025-02-01,2025,2,Feb,Q1,0,Delhi,Delhi,Food Distribution,Meal Support Campaign,Individual,UPI,51899,44519,326,98.9,5,9,4,11333,6.3,136.6,59932.0,364.0,61760.0,341.0,84960.0,351.0,159.19938650306747,0.8578007283377329,3.2962588473205257,7380,0.866,0.5,0,86.2,97.5,0.042,19.8
2025-03-01,2025,3,Mar,Q1,0,Delhi,Delhi,Food Distribution,Meal Support Campaign,Corporate CSR,Bank Transfer,84441,46043,319,109.7,3,20,8,13997,4.46,144.51,51899.0,326.0,59932.0,364.0,61760.0,341.0,264.705329153605,0.5452682938383013,2.907930720145852,38398,1.0,0.0,0,86.2,97.5,0.042,19.8
2025-04-01,2025,4,Apr,Q2,0,Delhi,Delhi,Food Distribution,Meal Support Campaign,Corporate CSR,Bank Transfer,92056,44571,317,92.5,4,19,9,16492,4.57,140.47,84441.0,319.0,51899.0,326.0,59932.0,364.0,290.397476340694,0.4841726775006518,3.427027027027027,47485,0.866,-0.5,0,86.2,97.5,0.042,19.8
2025-05-01,2025,5,May,Q2,0,Delhi,Delhi,Food Distribution,Meal Support Campaign,Alumni Network,Fundraising Event,49637,50052,301,105.6,3,10,3,11226,4.32,166.42,92056.0,317.0,84441.0,319.0,51899.0,326.0,164.90697674418604,1.0083606986723614,2.850378787878788,-415,0.5,-0.866,0,86.2,97.5,0.042,19.8
2025-06-01,2025,6,Jun,Q2,0,Delhi,Delhi,Food Distribution,Meal Support Campaign,Individual,Bank Transfer,57571,45506,380,111.9,4,11,5,11760,9.32,119.73,49637.0,301.0,92056.0,317.0,84441.0,319.0,151.50263157894736,0.7904326831217106,3.395889186773905,12065,0.0,-1.0,1,86.2,97.5,0.042,19.8
2025-07-01,2025,7,Jul,Q3,0,Delhi,Delhi,Food Distribution,Meal Support Campaign,Individual,Fundraising Event,56236,45472,386,116.6,4,9,4,15599,4.41,117.77,57571.0,380.0,49637.0,301.0,92056.0,317.0,145.68911917098447,0.808592360765346,3.3104631217838767,10764,-0.5,-0.866,1,86.2,97.5,0.042,19.8
2025-08-01,2025,8,Aug,Q3,1,Delhi,Delhi,Food Distribution,Meal Support Campaign,Community Group,Bank Transfer,68681,46019,359,101.6,5,15,7,14132,6.89,128.21,56236.0,386.0,57571.0,380.0,49637.0,301.0,191.31197771587745,0.6700397489844353,3.5334645669291342,22662,-0.866,-0.5,1,86.2,97.5,0.042,19.8
2025-09-01,2025,9,Sep,Q3,1,Delhi,Delhi,Food Distribution,Meal Support Campaign,Individual,Bank Transfer,57987,45657,313,91.5,3,12,4,12849,3.8,145.82,68681.0,359.0,56236.0,386.0,57571.0,380.0,185.26198083067092,0.7873661337886078,3.420765027322404,12330,-1.0,-0.0,0,86.2,97.5,0.042,19.8
2025-10-01,2025,10,Oct,Q4,1,Delhi,Delhi,Food Distribution,Meal Support Campaign,Individual,Bank Transfer,64566,44618,355,108.7,4,11,4,11618,7.9,125.66,57987.0,313.0,68681.0,359.0,56236.0,386.0,181.87605633802818,0.6910448223523217,3.2658693652253907,19948,-0.866,0.5,1,86.2,97.5,0.042,19.8
2025-11-01,2025,11,Nov,Q4,1,Delhi,Delhi,Food Distribution,Meal Support Campaign,Individual,Fundraising Event,68369,47090,386,114.3,5,13,5,12461,6.15,122.05,64566.0,355.0,57987.0,313.0,68681.0,359.0,177.1217616580311,0.6887624508183533,3.3770778652668416,21279,-0.5,0.866,1,86.2,97.5,0.042,19.8
2025-12-01,2025,12,Dec,Q4,1,Delhi,Delhi,Food Distribution,Meal Support Campaign,Corporate CSR,Online Portal,103631,43826,310,86.0,4,18,7,18099,9.0,141.55,68369.0,386.0,64566.0,355.0,57987.0,313.0,334.2935483870968,0.42290434329496,3.604651162790698,59805,-0.0,1.0,0,86.2,97.5,0.042,19.8
2024-02-01,2024,2,Feb,Q1,0,Delhi,Delhi,Health Awareness,Community Wellness Camp,Alumni Network,UPI,40847,30843,276,93.9,3,7,3,10514,7.95,111.93,39095.0,227.0,39095.0,227.0,39095.0,227.0,147.9963768115942,0.7550860528312973,2.939297124600639,10004,0.866,0.5,1,86.2,97.5,0.042,19.8
2024-03-01,2024,3,Mar,Q1,0,Delhi,Delhi,Health Awareness,Community Wellness Camp,Corporate CSR,UPI,74468,28436,264,68.7,3,14,4,14618,9.23,107.75,40847.0,276.0,39095.0,227.0,39095.0,227.0,282.07575757575756,0.3818552935489069,3.842794759825327,46032,1.0,0.0,1,86.2,97.5,0.042,19.8
2024-04-01,2024,4,Apr,Q2,0,Delhi,Delhi,Health Awareness,Community Wellness Camp,Community Group,Fundraising Event,48173,30236,262,78.4,3,12,4,10991,8.15,115.48,74468.0,264.0,40847.0,276.0,39095.0,227.0,183.86641221374046,0.627654495256679,3.341836734693877,17937,0.866,-0.5,1,86.2,97.5,0.042,19.8
2024-05-01,2024,5,May,Q2,0,Delhi,Delhi,Health Awareness,Community Wellness Camp,Corporate CSR,Fundraising Event,54112,29751,261,89.1,3,11,4,11346,9.67,113.88,48173.0,262.0,74468.0,264.0,40847.0,276.0,207.3256704980843,0.5498041099940864,2.9292929292929295,24361,0.5,-0.866,1,86.2,97.5,0.042,19.8
2024-06-01,2024,6,Jun,Q2,0,Delhi,Delhi,Health Awareness,Community Wellness Camp,Community Group,Bank Transfer,49056,32687,265,77.3,3,8,3,10594,6.81,123.24,54112.0,261.0,48173.0,262.0,74468.0,264.0,185.11698113207547,0.666320123939987,3.428201811125485,16369,0.0,-1.0,1,86.2,97.5,0.042,19.8
2024-07-01,2024,7,Jul,Q3,0,Delhi,Delhi,Health Awareness,Community Wellness Camp,Community Group,UPI,48561,30413,293,83.7,4,10,4,12647,6.5,103.73,49056.0,265.0,54112.0,261.0,48173.0,262.0,165.7372013651877,0.6262844669590824,3.5005973715651133,18148,-0.5,-0.866,1,86.2,97.5,0.042,19.8
2024-08-01,2024,8,Aug,Q3,1,Delhi,Delhi,Health Awareness,Community Wellness Camp,Individual,Bank Transfer,44478,27978,258,72.9,3,8,4,10503,9.8,108.37,48561.0,293.0,49056.0,265.0,54112.0,261.0,172.3953488372093,0.6290300822878726,3.539094650205761,16500,-0.866,-0.5,1,86.2,97.5,0.042,19.8
2024-09-01,2024,9,Sep,Q3,1,Delhi,Delhi,Health Awareness,Community Wellness Camp,Individual,Fundraising Event,45576,31567,265,70.0,2,8,3,8066,5.91,119.11,44478.0,258.0,48561.0,293.0,49056.0,265.0,171.98490566037736,0.6926233105143058,3.7857142857142856,14009,-1.0,-0.0,1,86.2,97.5,0.042,19.8
2024-10-01,2024,10,Oct,Q4,1,Delhi,Delhi,Health Awareness,Community Wellness Camp,Individual,Bank Transfer,45962,31842,292,83.3,3,8,3,12607,6.34,109.23,45576.0,265.0,44478.0,258.0,48561.0,293.0,157.4041095890411,0.6927896958356904,3.505402160864346,14120,-0.866,0.5,1,86.2,97.5,0.042,19.8
2024-11-01,2024,11,Nov,Q4,1,Delhi,Delhi,Health Awareness,Community Wellness Camp,Individual,Bank Transfer,48030,31959,289,98.0,3,10,3,11152,9.21,110.72,45962.0,292.0,45576.0,265.0,44478.0,258.0,166.19377162629758,0.6653966271080575,2.9489795918367347,16071,-0.5,0.866,1,86.2,97.5,0.042,19.8
2024-12-01,2024,12,Dec,Q4,1,Delhi,Delhi,Health Awareness,Community Wellness Camp,Community Group,UPI,57418,28892,273,91.0,3,12,6,11099,3.49,105.83,48030.0,289.0,45962.0,292.0,45576.0,265.0,210.32234432234432,0.5031871538541921,3.0,28526,-0.0,1.0,1,86.2,97.5,0.042,19.8
2025-01-01,2025,1,Jan,Q1,0,Delhi,Delhi,Health Awareness,Community Wellness Camp,Individual,Online Portal,39206,29764,276,94.1,3,7,3,8291,8.9,107.88,57418.0,273.0,48030.0,289.0,45962.0,292.0,142.05072463768116,0.7591695148701729,2.9330499468650375,9442,0.5,0.866,1,86.2,97.5,0.042,19.8
2025-02-01,2025,2,Feb,Q1,0,Delhi,Delhi,Health Awareness,Community Wellness Camp,Corporate CSR,Fundraising Event,70249,31641,291,83.0,3,16,6,13475,7.28,108.74,39206.0,276.0,57418.0,273.0,48030.0,289.0,241.40549828178695,0.45041210551039873,3.5060240963855422,38608,0.866,0.5,1,86.2,97.5,0.042,19.8
2025-03-01,2025,3,Mar,Q1,0,Delhi,Delhi,Health Awareness,Community Wellness Camp,Corporate CSR,UPI,71919,28959,272,86.3,3,14,6,12746,7.31,106.27,70249.0,291.0,39206.0,276.0,57418.0,273.0,264.40808823529414,0.4026613273265757,3.1517960602549246,42960,1.0,0.0,1,86.2,97.5,0.042,19.8
2025-04-01,2025,4,Apr,Q2,0,Delhi,Delhi,Health Awareness,Community Wellness Camp,Alumni Network,Online Portal,49272,30569,298,87.0,3,8,3,10477,8.37,102.5,71919.0,272.0,70249.0,291.0,39206.0,276.0,165.34228187919464,0.6204132164312388,3.425287356321839,18703,0.866,-0.5,1,86.2,97.5,0.042,19.8
2025-05-01,2025,5,May,Q2,0,Delhi,Delhi,Health Awareness,Community Wellness Camp,Individual,UPI,39414,27716,247,82.8,3,8,4,10270,4.77,112.39,49272.0,298.0,71919.0,272.0,70249.0,291.0,159.57085020242914,0.7032019079514893,2.9830917874396135,11698,0.5,-0.866,1,86.2,97.5,0.042,19.8
2025-06-01,2025,6,Jun,Q2,0,Delhi,Delhi,Health Awareness,Community Wellness Camp,Alumni Network,Bank Transfer,43416,29813,306,104.5,3,7,2,12089,8.06,97.42,39414.0,247.0,49272.0,298.0,71919.0,272.0,141.88235294117646,0.6866823290952644,2.9282296650717705,13603,0.0,-1.0,1,86.2,97.5,0.042,19.8
2025-07-01,2025,7,Jul,Q3,0,Delhi,Delhi,Health Awareness,Community Wellness Camp,Community Group,UPI,57450,27793,312,80.5,4,12,5,10476,6.12,89.04,43416.0,306.0,39414.0,247.0,49272.0,298.0,184.1346153846154,0.48377719756309834,3.875776397515528,29657,-0.5,-0.866,1,86.2,97.5,0.042,19.8
2025-08-01,2025,8,Aug,Q3,1,Delhi,Delhi,Health Awareness,Community Wellness Camp,Alumni Network,Bank Transfer,50099,30035,288,73.9,3,10,5,11194,6.48,104.43,57450.0,312.0,43416.0,306.0,39414.0,247.0,173.95486111111111,0.5995129643306254,3.8971583220568333,20064,-0.866,-0.5,1,86.2,97.5,0.042,19.8
2025-09-01,2025,9,Sep,Q3,1,Delhi,Delhi,Health Awareness,Community Wellness Camp,Individual,UPI,51037,30095,316,93.0,4,10,5,13408,5.55,95.35,50099.0,288.0,57450.0,312.0,43416.0,306.0,161.5094936708861,0.5896702392381997,3.3978494623655915,20942,-1.0,-0.0,1,86.2,97.5,0.042,19.8
2025-10-01,2025,10,Oct,Q4,1,Delhi,Delhi,Health Awareness,Community Wellness Camp,Individual,UPI,53793,27380,282,73.4,3,9,3,12836,3.93,97.15,51037.0,316.0,50099.0,288.0,57450.0,312.0,190.75531914893617,0.5089881583105609,3.841961852861035,26413,-0.866,0.5,1,86.2,97.5,0.042,19.8
2025-11-01,2025,11,Nov,Q4,1,Delhi,Delhi,Health Awareness,Community Wellness Camp,Individual,Online Portal,52240,30757,281,71.7,3,10,3,11180,7.08,109.37,53793.0,282.0,51037.0,316.0,50099.0,288.0,185.90747330960855,0.5887633996937213,3.919107391910739,21483,-0.5,0.866,1,86.2,97.5,0.042,19.8
2025-12-01,2025,12,Dec,Q4,1,Delhi,Delhi,Health Awareness,Community Wellness Camp,Community Group,Bank Transfer,62798,28943,298,99.6,3,11,4,12360,9.75,97.04,52240.0,281.0,53793.0,282.0,51037.0,316.0,210.73154362416108,0.46089047421892415,2.991967871485944,33855,-0.0,1.0,1,86.2,97.5,0.042,19.8
2024-02-01,2024,2,Feb,Q1,0,Delhi,Delhi,Menstrual Hygiene,Pad for Dignity Drive,Individual,UPI,38083,28047,235,57.4,3,7,2,9554,6.46,119.31,62467.0,219.0,62467.0,219.0,62467.0,219.0,162.05531914893618,0.7364703410970774,4.094076655052265,10036,0.866,0.5,1,86.2,97.5,0.042,19.8
2024-03-01,2024,3,Mar,Q1,0,Delhi,Delhi,Menstrual Hygiene,Pad for Dignity Drive,Individual,UPI,41076,25441,226,74.3,3,8,4,9422,6.78,112.48,38083.0,235.0,62467.0,219.0,62467.0,219.0,181.75221238938053,0.6193641055604245,3.041722745625841,15635,1.0,0.0,1,86.2,97.5,0.042,19.8
2024-04-01,2024,4,Apr,Q2,0,Delhi,Delhi,Menstrual Hygiene,Pad for Dignity Drive,Individual,UPI,42055,27511,249,76.0,3,9,3,8843,6.19,110.39,41076.0,226.0,38083.0,235.0,62467.0,219.0,168.89558232931728,0.6541671620496968,3.276315789473684,14544,0.866,-0.5,1,86.2,97.5,0.042,19.8
2024-05-01,2024,5,May,Q2,0,Delhi,Delhi,Menstrual Hygiene,Pad for Dignity Drive,Community Group,Online Portal,41883,25162,227,54.9,3,7,3,7528,9.17,110.77,42055.0,249.0,41076.0,226.0,38083.0,235.0,184.5066079295154,0.600768808347062,4.134790528233151,16721,0.5,-0.866,1,86.2,97.5,0.042,19.8
2024-06-01,2024,6,Jun,Q2,0,Delhi,Delhi,Menstrual Hygiene,Pad for Dignity Drive,Individual,Bank Transfer,44614,24651,248,73.4,3,8,3,10380,3.41,99.5,41883.0,227.0,42055.0,249.0,41076.0,226.0,179.8951612903226,0.5525395615726005,3.3787465940054493,19963,0.0,-1.0,1,86.2,97.5,0.042,19.8
2024-07-01,2024,7,Jul,Q3,0,Delhi,Delhi,Menstrual Hygiene,Pad for Dignity Drive,Individual,Bank Transfer,46992,25854,257,66.8,3,10,4,10698,5.24,100.56,44614.0,248.0,41883.0,227.0,42055.0,249.0,182.84824902723736,0.5501787538304392,3.847305389221557,21138,-0.5,-0.866,1,86.2,97.5,0.042,19.8
2024-08-01,2024,8,Aug,Q3,1,Delhi,Delhi,Menstrual Hygiene,Pad for Dignity Drive,Individual,Fundraising Event,43167,27283,220,62.2,2,9,3,8491,3.95,124.21,46992.0,257.0,44614.0,248.0,41883.0,227.0,196.21363636363637,0.6320337294692705,3.5369774919614145,15884,-0.866,-0.5,1,86.2,97.5,0.042,19.8
2024-09-01,2024,9,Sep,Q3,1,Delhi,Delhi,Menstrual Hygiene,Pad for Dignity Drive,Individual,Fundraising Event,44232,25782,219,62.2,2,10,5,10614,9.5,117.98,43167.0,220.0,46992.0,257.0,44614.0,248.0,201.97260273972603,0.5828811720021704,3.520900321543408,18450,-1.0,-0.0,1,86.2,97.5,0.042,19.8
2024-10-01,2024,10,Oct,Q4,1,Delhi,Delhi,Menstrual Hygiene,Pad for Dignity Drive,Individual,UPI,45494,26375,241,72.2,3,9,3,11065,5.64,109.39,44232.0,219.0,43167.0,220.0,46992.0,257.0,188.77178423236515,0.5797467797951378,3.337950138504155,19119,-0.866,0.5,1,86.2,97.5,0.042,19.8
2024-11-01,2024,11,Nov,Q4,1,Delhi,Delhi,Menstrual Hygiene,Pad for Dignity Drive,Individual,UPI,43580,26187,224,55.7,3,8,3,9662,3.26,117.13,45494.0,241.0,44232.0,219.0,43167.0,220.0,194.55357142857142,0.6008949059201468,4.021543985637343,17393,-0.5,0.866,1,86.2,97.5,0.042,19.8
2024-12-01,2024,12,Dec,Q4,1,Delhi,Delhi,Menstrual Hygiene,Pad for Dignity Drive,Individual,Online Portal,45771,25076,232,62.3,3,10,5,9494,9.78,108.11,43580.0,224.0,45494.0,241.0,44232.0,219.0,197.28879310344828,0.5478578138996307,3.7239165329052972,20695,-0.0,1.0,1,86.2,97.5,0.042,19.8
2025-01-01,2025,1,Jan,Q1,0,Delhi,Delhi,Menstrual Hygiene,Pad for Dignity Drive,Individual,Online Portal,42303,27483,219,52.0,2,8,3,7741,8.51,125.72,45771.0,232.0,43580.0,224.0,45494.0,241.0,193.16438356164383,0.6496702361534643,4.211538461538462,14820,0.5,0.866,1,86.2,97.5,0.042,19.8
2025-02-01,2025,2,Feb,Q1,0,Delhi,Delhi,Menstrual Hygiene,Pad for Dignity Drive,Individual,Online Portal,51918,23867,252,70.0,3,12,3,9866,5.92,94.7,42303.0,219.0,45771.0,232.0,43580.0,224.0,206.02380952380952,0.4597056897415155,3.6,28051,0.866,0.5,1,86.2,97.5,0.042,19.8
2025-03-01,2025,3,Mar,Q1,0,Delhi,Delhi,Menstrual Hygiene,Pad for Dignity Drive,Individual,UPI,50694,25573,232,73.0,2,10,4,11376,4.74,110.09,51918.0,252.0,42303.0,219.0,45771.0,232.0,218.50862068965517,0.5044581212766797,3.1780821917808217,25121,1.0,0.0,1,86.2,97.5,0.042,19.8
2025-04-01,2025,4,Apr,Q2,0,Delhi,Delhi,Menstrual Hygiene,Pad for Dignity Drive,Corporate CSR,Online Portal,72401,26479,245,72.8,3,17,6,13049,5.23,108.1,50694.0,232.0,51918.0,252.0,42303.0,219.0,295.51428571428573,0.365726992721095,3.3653846153846154,45922,0.866,-0.5,1,86.2,97.5,0.042,19.8
2025-05-01,2025,5,May,Q2,0,Delhi,Delhi,Menstrual Hygiene,Pad for Dignity Drive,Individual,Fundraising Event,46805,25091,266,65.3,3,8,3,8729,5.05,94.16,72401.0,245.0,50694.0,232.0,51918.0,252.0,175.95864661654136,0.536075205640423,4.073506891271057,21714,0.5,-0.866,1,86.2,97.5,0.042,19.8
2025-06-01,2025,6,Jun,Q2,0,Delhi,Delhi,Menstrual Hygiene,Pad for Dignity Drive,Individual,Online Portal,46381,24769,256,69.5,3,10,3,10298,5.05,96.64,46805.0,266.0,72401.0,245.0,50694.0,232.0,181.17578125,0.5340333326146482,3.683453237410072,21612,0.0,-1.0,1,86.2,97.5,0.042,19.8
2025-07-01,2025,7,Jul,Q3,0,Delhi,Delhi,Menstrual Hygiene,Pad for Dignity Drive,Individual,Bank Transfer,51319,27998,287,86.5,3,9,4,9305,7.03,97.63,46381.0,256.0,46805.0,266.0,72401.0,245.0,178.81184668989548,0.5455679183148542,3.3179190751445087,23321,-0.5,-0.866,1,86.2,97.5,0.042,19.8
2025-08-01,2025,8,Aug,Q3,1,Delhi,Delhi,Menstrual Hygiene,Pad for Dignity Drive,Individual,UPI,48969,24077,246,76.6,3,9,4,8183,7.97,97.86,51319.0,287.0,46381.0,256.0,46805.0,266.0,199.0609756097561,0.491678408789234,3.211488250652742,24892,-0.866,-0.5,1,86.2,97.5,0.042,19.8
2025-09-01,2025,9,Sep,Q3,1,Delhi,Delhi,Menstrual Hygiene,Pad for Dignity Drive,Individual,Fundraising Event,54733,26048,259,62.4,3,11,4,11544,4.22,100.65,48969.0,246.0,51319.0,287.0,46381.0,256.0,211.32432432432432,0.47591032832112257,4.1506410256410255,28685,-1.0,-0.0,1,86.2,97.5,0.042,19.8
2025-10-01,2025,10,Oct,Q4,1,Delhi,Delhi,Menstrual Hygiene,Pad for Dignity Drive,Community Group,UPI,59091,24581,260,66.8,4,11,4,11398,8.34,94.71,54733.0,259.0,48969.0,246.0,51319.0,287.0,227.27307692307693,0.4159855138684402,3.8922155688622757,34510,-0.866,0.5,1,86.2,97.5,0.042,19.8
2025-11-01,2025,11,Nov,Q4,1,Delhi,Delhi,Menstrual Hygiene,Pad for Dignity Drive,Individual,UPI,61626,28417,258,77.9,2,15,7,9481,7.23,110.35,59091.0,260.0,54733.0,259.0,48969.0,246.0,238.86046511627907,0.46112030636419693,3.31193838254172,33209,-0.5,0.866,1,86.2,97.5,0.042,19.8
2025-12-01,2025,12,Dec,Q4,1,Delhi,Delhi,Menstrual Hygiene,Pad for Dignity Drive,Individual,UPI,61171,28423,252,70.7,2,11,4,11612,8.55,112.6,61626.0,258.0,59091.0,260.0,54733.0,259.0,242.7420634920635,0.4646482810482091,3.5643564356435644,32748,-0.0,1.0,1,86.2,97.5,0.042,19.8
2024-02-01,2024,2,Feb,Q1,0,Jaipur,Rajasthan,Clothing Support,Warmth and Dignity Drive,Corporate CSR,Fundraising Event,44911,25253,174,47.0,2,7,2,6604,5.26,144.81,28046.0,185.0,28046.0,185.0,28046.0,185.0,258.10919540229884,0.562289862171851,3.702127659574468,19658,0.866,0.5,0,66.1,25.1,0.118,81.0
2024-03-01,2024,3,Mar,Q1,0,Jaipur,Rajasthan,Clothing Support,Warmth and Dignity Drive,Individual,Fundraising Event,29169,23733,159,52.0,2,7,3,5943,7.71,149.49,44911.0,174.0,28046.0,185.0,28046.0,185.0,183.45283018867926,0.8136377661215675,3.0576923076923075,5436,1.0,0.0,0,66.1,25.1,0.118,81.0
2024-04-01,2024,4,Apr,Q2,0,Jaipur,Rajasthan,Clothing Support,Warmth and Dignity Drive,Individual,UPI,26878,22516,193,68.5,2,5,2,6677,3.9,116.64,29169.0,159.0,44911.0,174.0,28046.0,185.0,139.2642487046632,0.8377111392216683,2.8175182481751824,4362,0.866,-0.5,1,66.1,25.1,0.118,81.0
2024-05-01,2024,5,May,Q2,0,Jaipur,Rajasthan,Clothing Support,Warmth and Dignity Drive,Individual,UPI,27759,23511,174,56.4,2,7,3,6484,5.75,135.2,26878.0,193.0,29169.0,159.0,44911.0,174.0,159.5344827586207,0.8469685507403004,3.0851063829787235,4248,0.5,-0.866,0,66.1,25.1,0.118,81.0
2024-06-01,2024,6,Jun,Q2,0,Jaipur,Rajasthan,Clothing Support,Warmth and Dignity Drive,Community Group,Fundraising Event,33627,22999,172,47.5,2,6,2,7627,4.36,134.01,27759.0,174.0,26878.0,193.0,29169.0,159.0,195.50581395348837,0.6839444494007791,3.6210526315789475,10628,0.0,-1.0,0,66.1,25.1,0.118,81.0
2024-07-01,2024,7,Jul,Q3,0,Jaipur,Rajasthan,Clothing Support,Warmth and Dignity Drive,Corporate CSR,Online Portal,56361,23647,176,58.8,2,10,3,9625,5.48,134.02,33627.0,172.0,27759.0,174.0,26878.0,193.0,320.23295454545456,0.41956317311616187,2.993197278911565,32714,-0.5,-0.866,0,66.1,25.1,0.118,81.0
2024-08-01,2024,8,Aug,Q3,1,Jaipur,Rajasthan,Clothing Support,Warmth and Dignity Drive,Individual,Fundraising Event,35134,24027,193,59.5,2,6,3,6310,9.62,124.24,56361.0,176.0,33627.0,172.0,27759.0,174.0,182.04145077720207,0.6838674787954688,3.2436974789915967,11107,-0.866,-0.5,1,66.1,25.1,0.118,81.0
2024-09-01,2024,9,Sep,Q3,1,Jaipur,Rajasthan,Clothing Support,Warmth and Dignity Drive,Alumni Network,Online Portal,38790,25813,157,53.5,2,6,2,8071,6.06,164.23,35134.0,193.0,56361.0,176.0,33627.0,172.0,247.0700636942675,0.6654550141789121,2.9345794392523366,12977,-1.0,-0.0,0,66.1,25.1,0.118,81.0
2024-10-01,2024,10,Oct,Q4,1,Jaipur,Rajasthan,Clothing Support,Warmth and Dignity Drive,Individual,Online Portal,30990,25972,194,50.7,2,5,2,6468,6.21,133.62,38790.0,157.0,35134.0,193.0,56361.0,176.0,159.7422680412371,0.8380767989674088,3.826429980276134,5018,-0.866,0.5,0,66.1,25.1,0.118,81.0
2024-11-01,2024,11,Nov,Q4,1,Jaipur,Rajasthan,Clothing Support,Warmth and Dignity Drive,Individual,Bank Transfer,35291,24247,177,48.7,2,8,3,6563,6.55,136.9,30990.0,194.0,38790.0,157.0,35134.0,193.0,199.38418079096044,0.68705902354708,3.634496919917864,11044,-0.5,0.866,0,66.1,25.1,0.118,81.0
2024-12-01,2024,12,Dec,Q4,1,Jaipur,Rajasthan,Clothing Support,Warmth and Dignity Drive,Corporate CSR,UPI,67195,26583,201,61.2,2,15,4,9123,7.99,132.58,35291.0,177.0,30990.0,194.0,38790.0,157.0,334.30348258706465,0.3956097923952675,3.284313725490196,40612,-0.0,1.0,0,66.1,25.1,0.118,81.0
2025-01-01,2025,1,Jan,Q1,0,Jaipur,Rajasthan,Clothing Support,Warmth and Dignity Drive,Alumni Network,Bank Transfer,37154,23421,176,55.1,2,8,3,7043,8.14,132.81,67195.0,201.0,35291.0,177.0,30990.0,194.0,211.10227272727272,0.6303762717338645,3.1941923774954626,13733,0.5,0.866,0,66.1,25.1,0.118,81.0
2025-02-01,2025,2,Feb,Q1,0,Jaipur,Rajasthan,Clothing Support,Warmth and Dignity Drive,Individual,Bank Transfer,29173,25146,176,49.8,2,5,2,6767,6.43,143.16,37154.0,176.0,67195.0,201.0,35291.0,177.0,165.7556818181818,0.8619614026668495,3.534136546184739,4027,0.866,0.5,0,66.1,25.1,0.118,81.0
2025-03-01,2025,3,Mar,Q1,0,Jaipur,Rajasthan,Clothing Support,Warmth and Dignity Drive,Individual,Fundraising Event,37190,23729,178,54.1,2,6,3,6735,8.34,133.01,29173.0,176.0,37154.0,176.0,67195.0,201.0,208.93258426966293,0.6380478623285829,3.290203327171904,13461,1.0,0.0,0,66.1,25.1,0.118,81.0
2025-04-01,2025,4,Apr,Q2,0,Jaipur,Rajasthan,Clothing Support,Warmth and Dignity Drive,Individual,Online Portal,27751,25835,160,42.2,2,7,3,6686,9.08,161.11,37190.0,178.0,29173.0,176.0,37154.0,176.0,173.44375,0.9309574429750279,3.791469194312796,1916,0.866,-0.5,0,66.1,25.1,0.118,81.0
2025-05-01,2025,5,May,Q2,0,Jaipur,Rajasthan,Clothing Support,Warmth and Dignity Drive,Individual,Bank Transfer,31863,23937,169,46.0,2,7,3,7817,7.92,141.92,27751.0,160.0,37190.0,178.0,29173.0,176.0,188.53846153846155,0.7512475284813106,3.6739130434782608,7926,0.5,-0.866,0,66.1,25.1,0.118,81.0
2025-06-01,2025,6,Jun,Q2,0,Jaipur,Rajasthan,Clothing Support,Warmth and Dignity Drive,Corporate CSR,Fundraising Event,57050,24895,179,58.9,2,10,3,10152,3.78,139.02,31863.0,169.0,27751.0,160.0,37190.0,178.0,318.7150837988827,0.43637160385626644,3.039049235993209,32155,0.0,-1.0,0,66.1,25.1,0.118,81.0
2025-07-01,2025,7,Jul,Q3,0,Jaipur,Rajasthan,Clothing Support,Warmth and Dignity Drive,Alumni Network,Fundraising Event,35593,24140,212,56.9,2,7,2,6840,5.84,114.01,57050.0,179.0,31863.0,169.0,27751.0,160.0,167.89150943396226,0.6782232461439047,3.725834797891037,11453,-0.5,-0.866,1,66.1,25.1,0.118,81.0
2025-08-01,2025,8,Aug,Q3,1,Jaipur,Rajasthan,Clothing Support,Warmth and Dignity Drive,Alumni Network,Bank Transfer,44167,25575,197,57.3,2,8,3,9001,8.66,129.77,35593.0,212.0,57050.0,179.0,31863.0,169.0,224.1979695431472,0.5790522335680486,3.43804537521815,18592,-0.866,-0.5,0,66.1,25.1,0.118,81.0
2025-09-01,2025,9,Sep,Q3,1,Jaipur,Rajasthan,Clothing Support,Warmth and Dignity Drive,Corporate CSR,UPI,60239,26005,196,53.0,2,11,4,9529,4.26,132.52,44167.0,197.0,35593.0,212.0,57050.0,179.0,307.34183673469386,0.4316970733245904,3.69811320754717,34234,-1.0,-0.0,0,66.1,25.1,0.118,81.0
2025-10-01,2025,10,Oct,Q4,1,Jaipur,Rajasthan,Clothing Support,Warmth and Dignity Drive,Individual,Fundraising Event,35473,23309,201,53.8,3,6,2,9188,9.14,116.19,60239.0,196.0,44167.0,197.0,35593.0,212.0,176.4825870646766,0.6570913088828123,3.7360594795539037,12164,-0.866,0.5,1,66.1,25.1,0.118,81.0
2025-11-01,2025,11,Nov,Q4,1,Jaipur,Rajasthan,Clothing Support,Warmth and Dignity Drive,Individual,UPI,38117,24066,176,52.0,2,9,4,8238,7.31,136.86,35473.0,201.0,60239.0,196.0,44167.0,197.0,216.57386363636363,0.6313718288427735,3.3846153846153846,14051,-0.5,0.866,0,66.1,25.1,0.118,81.0
2025-12-01,2025,12,Dec,Q4,1,Jaipur,Rajasthan,Clothing Support,Warmth and Dignity Drive,Individual,Bank Transfer,40760,25759,169,54.9,2,10,3,6923,7.15,152.12,38117.0,176.0,35473.0,201.0,60239.0,196.0,241.18343195266272,0.6319676153091266,3.0783242258652095,15001,-0.0,1.0,0,66.1,25.1,0.118,81.0
2024-02-01,2024,2,Feb,Q1,0,Jaipur,Rajasthan,Education Support,Back to School Drive,Individual,Online Portal,44300,29064,162,58.7,1,10,3,7136,6.2,179.2,65924.0,153.0,65924.0,153.0,65924.0,153.0,273.4567901234568,0.6560722347629797,2.7597955706984667,15236,0.866,0.5,0,66.1,25.1,0.118,81.0
2024-03-01,2024,3,Mar,Q1,0,Jaipur,Rajasthan,Education Support,Back to School Drive,Community Group,Online Portal,59016,29023,176,71.4,2,11,4,7961,5.37,164.84,44300.0,162.0,65924.0,153.0,65924.0,153.0,335.3181818181818,0.49178188965704217,2.464985994397759,29993,1.0,0.0,0,66.1,25.1,0.118,81.0
2024-04-01,2024,4,Apr,Q2,0,Jaipur,Rajasthan,Education Support,Back to School Drive,Individual,Online Portal,36833,31944,165,61.6,2,8,4,5850,4.55,193.88,59016.0,176.0,44300.0,162.0,65924.0,153.0,223.23030303030302,0.8672657671110146,2.6785714285714284,4889,0.866,-0.5,0,66.1,25.1,0.118,81.0
2024-05-01,2024,5,May,Q2,0,Jaipur,Rajasthan,Education Support,Back to School Drive,Individual,Fundraising Event,42148,31957,150,54.2,1,9,3,7998,5.53,213.18,36833.0,165.0,59016.0,176.0,44300.0,162.0,280.9866666666667,0.7582091676947897,2.7675276752767526,10191,0.5,-0.866,0,66.1,25.1,0.118,81.0
2024-06-01,2024,6,Jun,Q2,0,Jaipur,Rajasthan,Education Support,Back to School Drive,Community Group,Fundraising Event,52195,33953,165,53.0,2,10,5,9472,9.23,205.37,42148.0,150.0,36833.0,165.0,59016.0,176.0,316.3333333333333,0.6505029217357985,3.1132075471698113,18242,0.0,-1.0,0,66.1,25.1,0.118,81.0
2024-07-01,2024,7,Jul,Q3,0,Jaipur,Rajasthan,Education Support,Back to School Drive,Community Group,UPI,51925,31933,155,49.0,2,12,5,7879,8.38,206.29,52195.0,165.0,42148.0,150.0,36833.0,165.0,335.0,0.6149831487722677,3.163265306122449,19992,-0.5,-0.866,0,66.1,25.1,0.118,81.0
2024-08-01,2024,8,Aug,Q3,1,Jaipur,Rajasthan,Education Support,Back to School Drive,Individual,Bank Transfer,53352,33521,175,66.2,2,10,3,9972,5.13,192.09,51925.0,155.0,52195.0,165.0,42148.0,150.0,304.86857142857144,0.6282988454041085,2.6435045317220545,19831,-0.866,-0.5,0,66.1,25.1,0.118,81.0
2024-09-01,2024,9,Sep,Q3,1,Jaipur,Rajasthan,Education Support,Back to School Drive,Individual,UPI,46239,29570,177,70.4,2,10,3,7540,8.61,166.69,53352.0,175.0,51925.0,155.0,52195.0,165.0,261.23728813559325,0.6395034494690629,2.5142045454545454,16669,-1.0,-0.0,0,66.1,25.1,0.118,81.0
2024-10-01,2024,10,Oct,Q4,1,Jaipur,Rajasthan,Education Support,Back to School Drive,Individual,Online Portal,55903,30119,155,62.3,1,9,3,9177,5.2,193.82,46239.0,177.0,53352.0,175.0,51925.0,155.0,360.6645161290323,0.538772516680679,2.4879614767255216,25784,-0.866,0.5,0,66.1,25.1,0.118,81.0
2024-11-01,2024,11,Nov,Q4,1,Jaipur,Rajasthan,Education Support,Back to School Drive,Individual,Online Portal,56120,33908,169,70.4,2,9,4,8691,9.06,201.1,55903.0,155.0,46239.0,177.0,53352.0,175.0,332.07100591715977,0.6042052744119744,2.4005681818181817,22212,-0.5,0.866,0,66.1,25.1,0.118,81.0
2024-12-01,2024,12,Dec,Q4,1,Jaipur,Rajasthan,Education Support,Back to School Drive,Individual,Online Portal,58448,30559,180,69.7,2,10,5,10252,7.48,169.65,56120.0,169.0,55903.0,155.0,46239.0,177.0,324.7111111111111,0.522840815767862,2.582496413199426,27889,-0.0,1.0,0,66.1,25.1,0.118,81.0
2025-01-01,2025,1,Jan,Q1,0,Jaipur,Rajasthan,Education Support,Back to School Drive,Community Group,Fundraising Event,56185,29872,180,76.8,2,12,3,8059,6.54,166.31,58448.0,180.0,56120.0,169.0,55903.0,155.0,312.1388888888889,0.5316721544896325,2.34375,26313,0.5,0.866,0,66.1,25.1,0.118,81.0
2025-02-01,2025,2,Feb,Q1,0,Jaipur,Rajasthan,Education Support,Back to School Drive,Individual,Bank Transfer,55456,31152,155,48.2,1,11,4,7697,9.59,201.43,56185.0,180.0,58448.0,180.0,56120.0,169.0,357.7806451612903,0.5617426428159261,3.2157676348547715,24304,0.866,0.5,0,66.1,25.1,0.118,81.0
2025-03-01,2025,3,Mar,Q1,0,Jaipur,Rajasthan,Education Support,Back to School Drive,Individual,Online Portal,50597,33784,175,69.1,2,10,4,7900,7.2,192.57,55456.0,155.0,56185.0,180.0,58448.0,180.0,289.1257142857143,0.6677075715951538,2.5325615050651233,16813,1.0,0.0,0,66.1,25.1,0.118,81.0
2025-04-01,2025,4,Apr,Q2,0,Jaipur,Rajasthan,Education Support,Back to School Drive,Corporate CSR,UPI,74783,33457,148,61.5,2,13,4,10405,8.12,226.56,50597.0,175.0,55456.0,155.0,56185.0,180.0,505.2905405405405,0.4473877752965246,2.4065040650406506,41326,0.866,-0.5,0,66.1,25.1,0.118,81.0
2025-05-01,2025,5,May,Q2,0,Jaipur,Rajasthan,Education Support,Back to School Drive,Individual,Bank Transfer,51371,32582,176,56.9,2,12,5,9618,6.94,185.59,74783.0,148.0,50597.0,175.0,55456.0,155.0,291.8806818181818,0.6342488952911176,3.093145869947276,18789,0.5,-0.866,0,66.1,25.1,0.118,81.0
2025-06-01,2025,6,Jun,Q2,0,Jaipur,Rajasthan,Education Support,Back to School Drive,Individual,UPI,51094,30711,189,59.7,2,10,3,8389,7.48,162.51,51371.0,176.0,74783.0,148.0,50597.0,175.0,270.33862433862436,0.601068618624496,3.165829145728643,20383,0.0,-1.0,0,66.1,25.1,0.118,81.0
2025-07-01,2025,7,Jul,Q3,0,Jaipur,Rajasthan,Education Support,Back to School Drive,Alumni Network,Online Portal,55657,31257,175,74.8,2,12,4,8043,4.7,178.37,51094.0,189.0,51371.0,176.0,74783.0,148.0,318.04,0.561600517455127,2.3395721925133692,24400,-0.5,-0.866,0,66.1,25.1,0.118,81.0
2025-08-01,2025,8,Aug,Q3,1,Jaipur,Rajasthan,Education Support,Back to School Drive,Individual,Online Portal,60504,29175,162,65.4,2,11,6,8487,5.99,180.56,55657.0,175.0,51094.0,189.0,51371.0,176.0,373.48148148148147,0.4821995239984133,2.477064220183486,31329,-0.866,-0.5,0,66.1,25.1,0.118,81.0
2025-09-01,2025,9,Sep,Q3,1,Jaipur,Rajasthan,Education Support,Back to School Drive,Individual,UPI,50881,33106,192,69.8,2,13,5,8052,5.15,172.68,60504.0,162.0,55657.0,175.0,51094.0,189.0,265.0052083333333,0.6506554509541872,2.7507163323782238,17775,-1.0,-0.0,0,66.1,25.1,0.118,81.0
2025-10-01,2025,10,Oct,Q4,1,Jaipur,Rajasthan,Education Support,Back to School Drive,Corporate CSR,UPI,108192,33192,175,64.9,2,20,8,14508,5.01,189.76,50881.0,192.0,60504.0,162.0,55657.0,175.0,618.24,0.30678793256433007,2.6964560862865947,75000,-0.866,0.5,0,66.1,25.1,0.118,81.0
2025-11-01,2025,11,Nov,Q4,1,Jaipur,Rajasthan,Education Support,Back to School Drive,Individual,Bank Transfer,55120,34448,186,65.1,2,13,4,10511,5.59,185.34,108192.0,175.0,50881.0,192.0,60504.0,162.0,296.3440860215054,0.6249637155297533,2.857142857142857,20672,-0.5,0.866,0,66.1,25.1,0.118,81.0
2025-12-01,2025,12,Dec,Q4,1,Jaipur,Rajasthan,Education Support,Back to School Drive,Corporate CSR,UPI,110434,34368,188,67.0,2,27,10,15199,5.42,182.43,55120.0,186.0,108192.0,175.0,50881.0,192.0,587.4148936170212,0.3112085046271981,2.8059701492537314,76066,-0.0,1.0,0,66.1,25.1,0.118,81.0
2024-02-01,2024,2,Feb,Q1,0,Jaipur,Rajasthan,Food Distribution,Meal Support Campaign,Individual,Online Portal,33743,35647,275,98.9,3,6,2,11387,4.68,129.83,51773.0,258.0,51773.0,258.0,51773.0,258.0,122.70181818181818,1.0564265180926415,2.7805864509605662,-1904,0.866,0.5,0,66.1,25.1,0.118,81.0
2024-03-01,2024,3,Mar,Q1,0,Jaipur,Rajasthan,Food Distribution,Meal Support Campaign,Corporate CSR,Online Portal,68711,38853,255,82.3,3,13,4,12590,5.1,152.55,33743.0,275.0,51773.0,258.0,51773.0,258.0,269.4549019607843,0.5654553128320066,3.0984204131227218,29858,1.0,0.0,0,66.1,25.1,0.118,81.0
2024-04-01,2024,4,Apr,Q2,0,Jaipur,Rajasthan,Food Distribution,Meal Support Campaign,Alumni Network,Bank Transfer,38672,33420,234,75.8,3,9,4,7822,6.89,143.01,68711.0,255.0,33743.0,275.0,51773.0,258.0,165.26495726495727,0.8641911460488209,3.087071240105541,5252,0.866,-0.5,0,66.1,25.1,0.118,81.0
2024-05-01,2024,5,May,Q2,0,Jaipur,Rajasthan,Food Distribution,Meal Support Campaign,Alumni Network,Fundraising Event,37087,32950,269,92.1,3,7,3,8079,3.41,122.6,38672.0,234.0,68711.0,255.0,33743.0,275.0,137.86988847583643,0.8884514789548899,2.9207383279044516,4137,0.5,-0.866,1,66.1,25.1,0.118,81.0
2024-06-01,2024,6,Jun,Q2,0,Jaipur,Rajasthan,Food Distribution,Meal Support Campaign,Individual,Bank Transfer,41196,38456,219,77.9,3,7,3,7959,3.45,175.3,37087.0,269.0,38672.0,234.0,68711.0,255.0,188.1095890410959,0.9334886882221575,2.8112965340179716,2740,0.0,-1.0,0,66.1,25.1,0.118,81.0
2024-07-01,2024,7,Jul,Q3,0,Jaipur,Rajasthan,Food Distribution,Meal Support Campaign,Corporate CSR,UPI,72955,34415,281,103.1,3,14,5,14717,7.72,122.66,41196.0,219.0,37087.0,269.0,38672.0,234.0,259.62633451957294,0.4717291481049962,2.7255092143549953,38540,-0.5,-0.866,1,66.1,25.1,0.118,81.0
2024-08-01,2024,8,Aug,Q3,1,Jaipur,Rajasthan,Food Distribution,Meal Support Campaign,Corporate CSR,UPI,62802,35744,271,75.0,3,12,5,10139,4.17,132.06,72955.0,281.0,41196.0,219.0,37087.0,269.0,231.74169741697418,0.5691538486035477,3.6133333333333333,27058,-0.866,-0.5,0,66.1,25.1,0.118,81.0
2024-09-01,2024,9,Sep,Q3,1,Jaipur,Rajasthan,Food Distribution,Meal Support Campaign,Individual,Online Portal,45029,36678,259,72.8,3,8,2,8150,8.35,141.68,62802.0,271.0,72955.0,281.0,41196.0,219.0,173.85714285714286,0.8145417397677053,3.557692307692308,8351,-1.0,-0.0,0,66.1,25.1,0.118,81.0
2024-10-01,2024,10,Oct,Q4,1,Jaipur,Rajasthan,Food Distribution,Meal Support Campaign,Individual,Online Portal,45889,39599,269,79.5,3,8,4,9515,8.01,147.06,45029.0,259.0,62802.0,271.0,72955.0,281.0,170.5910780669145,0.8629301139706683,3.3836477987421385,6290,-0.866,0.5,0,66.1,25.1,0.118,81.0
2024-11-01,2024,11,Nov,Q4,1,Jaipur,Rajasthan,Food Distribution,Meal Support Campaign,Individual,UPI,40639,37808,245,84.2,2,8,3,11142,7.62,154.28,45889.0,269.0,45029.0,259.0,62802.0,271.0,165.8734693877551,0.9303378528014961,2.909738717339667,2831,-0.5,0.866,0,66.1,25.1,0.118,81.0
2024-12-01,2024,12,Dec,Q4,1,Jaipur,Rajasthan,Food Distribution,Meal Support Campaign,Alumni Network,UPI,48696,33869,263,71.5,3,9,5,9554,8.14,128.65,40639.0,245.0,45889.0,269.0,45029.0,259.0,185.15589353612168,0.6955191391490061,3.6783216783216783,14827,-0.0,1.0,0,66.1,25.1,0.118,81.0
2025-01-01,2025,1,Jan,Q1,0,Jaipur,Rajasthan,Food Distribution,Meal Support Campaign,Corporate CSR,Fundraising Event,64031,36226,234,69.8,2,11,4,10737,5.69,154.82,48696.0,263.0,40639.0,245.0,45889.0,269.0,273.63675213675214,0.565757211350752,3.35243553008596,27805,0.5,0.866,0,66.1,25.1,0.118,81.0
2025-02-01,2025,2,Feb,Q1,0,Jaipur,Rajasthan,Food Distribution,Meal Support Campaign,Corporate CSR,Online Portal,72265,38036,238,70.8,3,13,5,13522,8.21,159.83,64031.0,234.0,48696.0,263.0,40639.0,245.0,303.6344537815126,0.5263405521345049,3.361581920903955,34229,0.866,0.5,0,66.1,25.1,0.118,81.0
2025-03-01,2025,3,Mar,Q1,0,Jaipur,Rajasthan,Food Distribution,Meal Support Campaign,Individual,Bank Transfer,38476,36485,238,84.9,2,8,4,9012,4.09,153.21,72265.0,238.0,64031.0,234.0,48696.0,263.0,161.6638655462185,0.9482534567002807,2.8032979976442873,1991,1.0,0.0,0,66.1,25.1,0.118,81.0
2025-04-01,2025,4,Apr,Q2,0,Jaipur,Rajasthan,Food Distribution,Meal Support Campaign,Individual,Fundraising Event,39931,33969,245,73.8,3,7,3,8307,4.24,138.91,38476.0,238.0,72265.0,238.0,64031.0,234.0,162.98367346938775,0.8506924444667051,3.3197831978319785,5962,0.866,-0.5,0,66.1,25.1,0.118,81.0
2025-05-01,2025,5,May,Q2,0,Jaipur,Rajasthan,Food Distribution,Meal Support Campaign,Alumni Network,UPI,42772,35734,249,92.4,3,7,2,9250,9.16,143.51,39931.0,245.0,38476.0,238.0,72265.0,238.0,171.77510040160644,0.8354531001589826,2.6948051948051948,7038,0.5,-0.866,0,66.1,25.1,0.118,81.0
2025-06-01,2025,6,Jun,Q2,0,Jaipur,Rajasthan,Food Distribution,Meal Support Campaign,Corporate CSR,Bank Transfer,64362,36428,256,87.2,2,11,5,12346,8.17,142.15,42772.0,249.0,39931.0,245.0,38476.0,238.0,251.4140625,0.5659861408905876,2.935779816513761,27934,0.0,-1.0,0,66.1,25.1,0.118,81.0
2025-07-01,2025,7,Jul,Q3,0,Jaipur,Rajasthan,Food Distribution,Meal Support Campaign,Individual,Fundraising Event,40238,33771,241,85.1,2,8,2,8482,3.96,139.92,64362.0,256.0,42772.0,249.0,39931.0,245.0,166.96265560165975,0.839281276405388,2.8319623971797885,6467,-0.5,-0.866,0,66.1,25.1,0.118,81.0
2025-08-01,2025,8,Aug,Q3,1,Jaipur,Rajasthan,Food Distribution,Meal Support Campaign,Alumni Network,UPI,53973,36395,286,88.1,3,9,4,11138,3.38,127.44,40238.0,241.0,64362.0,256.0,42772.0,249.0,188.71678321678323,0.6743186408018824,3.2463110102156643,17578,-0.866,-0.5,1,66.1,25.1,0.118,81.0
2025-09-01,2025,9,Sep,Q3,1,Jaipur,Rajasthan,Food Distribution,Meal Support Campaign,Community Group,Online Portal,50409,37230,236,82.1,2,9,4,10238,6.86,157.45,53973.0,286.0,40238.0,241.0,64362.0,256.0,213.59745762711864,0.7385585907278462,2.874543239951279,13179,-1.0,-0.0,0,66.1,25.1,0.118,81.0
2025-10-01,2025,10,Oct,Q4,1,Jaipur,Rajasthan,Food Distribution,Meal Support Campaign,Individual,Online Portal,42398,35117,276,92.3,3,7,3,8756,3.36,127.01,50409.0,236.0,53973.0,286.0,40238.0,241.0,153.6159420289855,0.8282702014245955,2.990249187432286,7281,-0.866,0.5,1,66.1,25.1,0.118,81.0
2025-11-01,2025,11,Nov,Q4,1,Jaipur,Rajasthan,Food Distribution,Meal Support Campaign,Individual,UPI,49550,35990,249,84.3,2,10,5,8906,5.08,144.56,42398.0,276.0,50409.0,236.0,53973.0,286.0,198.99598393574297,0.7263370332996972,2.9537366548042705,13560,-0.5,0.866,0,66.1,25.1,0.118,81.0
2025-12-01,2025,12,Dec,Q4,1,Jaipur,Rajasthan,Food Distribution,Meal Support Campaign,Individual,UPI,46972,38513,305,109.9,4,11,4,9328,5.36,126.09,49550.0,249.0,42398.0,276.0,50409.0,236.0,154.00655737704918,0.8199139913139742,2.7752502274795265,8459,-0.0,1.0,1,66.1,25.1,0.118,81.0
2024-02-01,2024,2,Feb,Q1,0,Jaipur,Rajasthan,Health Awareness,Community Wellness Camp,Corporate CSR,Online Portal,49170,21335,209,65.3,2,12,6,10290,7.16,101.99,44530.0,186.0,44530.0,186.0,44530.0,186.0,235.26315789473685,0.4339027862517795,3.200612557427259,27835,0.866,0.5,1,66.1,25.1,0.118,81.0
2024-03-01,2024,3,Mar,Q1,0,Jaipur,Rajasthan,Health Awareness,Community Wellness Camp,Corporate CSR,Bank Transfer,47953,23029,206,63.9,2,10,3,9101,3.69,111.62,49170.0,209.0,44530.0,186.0,44530.0,186.0,232.78155339805826,0.480241069380435,3.223787167449139,24924,1.0,0.0,1,66.1,25.1,0.118,81.0
2024-04-01,2024,4,Apr,Q2,0,Jaipur,Rajasthan,Health Awareness,Community Wellness Camp,Individual,Online Portal,28513,22254,194,54.1,2,7,3,5843,6.57,114.43,47953.0,206.0,49170.0,209.0,44530.0,186.0,146.9742268041237,0.7804860940623575,3.5859519408502774,6259,0.866,-0.5,1,66.1,25.1,0.118,81.0
2024-05-01,2024,5,May,Q2,0,Jaipur,Rajasthan,Health Awareness,Community Wellness Camp,Corporate CSR,Fundraising Event,50585,21807,212,64.6,2,8,3,8074,3.69,102.7,28513.0,194.0,47953.0,206.0,49170.0,209.0,238.60849056603774,0.43109617475536227,3.281733746130031,28778,0.5,-0.866,1,66.1,25.1,0.118,81.0
2024-06-01,2024,6,Jun,Q2,0,Jaipur,Rajasthan,Health Awareness,Community Wellness Camp,Community Group,Online Portal,41067,21367,203,63.0,3,10,4,7482,4.92,105.11,50585.0,212.0,28513.0,194.0,47953.0,206.0,202.30049261083744,0.5202961014926827,3.2222222222222223,19700,0.0,-1.0,1,66.1,25.1,0.118,81.0
2024-07-01,2024,7,Jul,Q3,0,Jaipur,Rajasthan,Health Awareness,Community Wellness Camp,Individual,Bank Transfer,35751,24431,195,65.8,2,6,2,6950,9.75,125.35,41067.0,203.0,50585.0,212.0,28513.0,194.0,183.33846153846153,0.6833655002657268,2.9635258358662617,11320,-0.5,-0.866,1,66.1,25.1,0.118,81.0
2024-08-01,2024,8,Aug,Q3,1,Jaipur,Rajasthan,Health Awareness,Community Wellness Camp,Corporate CSR,Fundraising Event,63251,22852,221,74.9,2,13,5,9812,6.81,103.34,35751.0,195.0,41067.0,203.0,50585.0,212.0,286.20361990950227,0.3612907305813347,2.9506008010680906,40399,-0.866,-0.5,1,66.1,25.1,0.118,81.0
2024-09-01,2024,9,Sep,Q3,1,Jaipur,Rajasthan,Health Awareness,Community Wellness Camp,Community Group,Online Portal,37069,21850,216,57.5,3,8,4,6667,7.29,101.09,63251.0,221.0,35751.0,195.0,41067.0,203.0,171.61574074074073,0.5894413121476166,3.756521739130435,15219,-1.0,-0.0,1,66.1,25.1,0.118,81.0
2024-10-01,2024,10,Oct,Q4,1,Jaipur,Rajasthan,Health Awareness,Community Wellness Camp,Alumni Network,Bank Transfer,35439,23325,225,69.1,3,9,3,8697,4.37,103.57,37069.0,216.0,63251.0,221.0,35751.0,195.0,157.50666666666666,0.658173199018031,3.2561505065123013,12114,-0.866,0.5,1,66.1,25.1,0.118,81.0
2024-11-01,2024,11,Nov,Q4,1,Jaipur,Rajasthan,Health Awareness,Community Wellness Camp,Corporate CSR,Online Portal,59594,23153,193,62.4,2,10,4,8429,6.48,119.66,35439.0,225.0,37069.0,216.0,63251.0,221.0,308.77720207253884,0.38851226633553715,3.092948717948718,36441,-0.5,0.866,1,66.1,25.1,0.118,81.0
2024-12-01,2024,12,Dec,Q4,1,Jaipur,Rajasthan,Health Awareness,Community Wellness Camp,Corporate CSR,Fundraising Event,61051,22202,219,59.8,3,14,6,9746,7.55,101.29,59594.0,193.0,35439.0,225.0,37069.0,216.0,278.7716894977169,0.36366316686049366,3.6622073578595318,38849,-0.0,1.0,1,66.1,25.1,0.118,81.0
2025-01-01,2025,1,Jan,Q1,0,Jaipur,Rajasthan,Health Awareness,Community Wellness Camp,Individual,Bank Transfer,32961,24890,202,54.9,2,6,3,7601,4.52,122.97,61051.0,219.0,59594.0,193.0,35439.0,225.0,163.17326732673268,0.7551348563453779,3.679417122040073,8071,0.5,0.866,1,66.1,25.1,0.118,81.0
2025-02-01,2025,2,Feb,Q1,0,Jaipur,Rajasthan,Health Awareness,Community Wellness Camp,Corporate CSR,Fundraising Event,55083,24807,210,63.7,2,13,5,9462,8.61,118.08,32961.0,202.0,61051.0,219.0,59594.0,193.0,262.3,0.4503567343826589,3.2967032967032965,30276,0.866,0.5,1,66.1,25.1,0.118,81.0
2025-03-01,2025,3,Mar,Q1,0,Jaipur,Rajasthan,Health Awareness,Community Wellness Camp,Individual,Bank Transfer,30593,23719,241,73.2,2,6,2,6505,3.72,98.44,55083.0,210.0,32961.0,202.0,61051.0,219.0,126.94190871369294,0.775308077011081,3.292349726775956,6874,1.0,0.0,1,66.1,25.1,0.118,81.0
2025-04-01,2025,4,Apr,Q2,0,Jaipur,Rajasthan,Health Awareness,Community Wellness Camp,Corporate CSR,Online Portal,56050,24467,203,63.9,2,11,6,10386,6.27,120.27,30593.0,241.0,55083.0,210.0,32961.0,202.0,276.10837438423647,0.43652096342551294,3.1768388106416277,31583,0.866,-0.5,1,66.1,25.1,0.118,81.0
2025-05-01,2025,5,May,Q2,0,Jaipur,Rajasthan,Health Awareness,Community Wellness Camp,Individual,UPI,28344,24259,229,56.5,2,5,1,6158,5.78,106.11,56050.0,203.0,30593.0,241.0,55083.0,210.0,123.77292576419214,0.8558777871860006,4.053097345132743,4085,0.5,-0.866,1,66.1,25.1,0.118,81.0
2025-06-01,2025,6,Jun,Q2,0,Jaipur,Rajasthan,Health Awareness,Community Wellness Camp,Individual,Bank Transfer,33319,21466,243,66.1,2,7,3,8695,7.34,88.25,28344.0,229.0,56050.0,203.0,30593.0,241.0,137.11522633744855,0.644257030523125,3.6762481089258703,11853,0.0,-1.0,1,66.1,25.1,0.118,81.0
2025-07-01,2025,7,Jul,Q3,0,Jaipur,Rajasthan,Health Awareness,Community Wellness Camp,Corporate CSR,UPI,66801,21792,241,67.5,3,15,7,10977,4.74,90.5,33319.0,243.0,28344.0,229.0,56050.0,203.0,277.18257261410787,0.32622266133740513,3.5703703703703704,45009,-0.5,-0.866,1,66.1,25.1,0.118,81.0
2025-08-01,2025,8,Aug,Q3,1,Jaipur,Rajasthan,Health Awareness,Community Wellness Camp,Community Group,Bank Transfer,42505,22833,211,59.5,2,8,2,6998,6.89,108.13,66801.0,241.0,33319.0,243.0,28344.0,229.0,201.44549763033174,0.537183860722268,3.546218487394958,19672,-0.866,-0.5,1,66.1,25.1,0.118,81.0
2025-09-01,2025,9,Sep,Q3,1,Jaipur,Rajasthan,Health Awareness,Community Wellness Camp,Community Group,Online Portal,45801,22057,204,68.1,2,9,4,9232,4.07,107.98,42505.0,211.0,66801.0,241.0,33319.0,243.0,224.51470588235293,0.48158337154210606,2.995594713656388,23744,-1.0,-0.0,1,66.1,25.1,0.118,81.0
2025-10-01,2025,10,Oct,Q4,1,Jaipur,Rajasthan,Health Awareness,Community Wellness Camp,Individual,Bank Transfer,42326,23271,226,72.0,3,10,3,8835,5.89,102.76,45801.0,204.0,42505.0,211.0,66801.0,241.0,187.28318584070797,0.5498039030383216,3.138888888888889,19055,-0.866,0.5,1,66.1,25.1,0.118,81.0
2025-11-01,2025,11,Nov,Q4,1,Jaipur,Rajasthan,Health Awareness,Community Wellness Camp,Individual,UPI,36891,21705,245,64.7,3,7,2,8688,7.4,88.43,42326.0,226.0,45801.0,204.0,42505.0,211.0,150.57551020408164,0.5883548833048711,3.7867078825347757,15186,-0.5,0.866,1,66.1,25.1,0.118,81.0
2025-12-01,2025,12,Dec,Q4,1,Jaipur,Rajasthan,Health Awareness,Community Wellness Camp,Alumni Network,UPI,47810,25242,241,72.4,3,12,4,10279,5.76,104.64,36891.0,245.0,42326.0,226.0,45801.0,204.0,198.38174273858922,0.5279648609077598,3.3287292817679557,22568,-0.0,1.0,1,66.1,25.1,0.118,81.0
2024-02-01,2024,2,Feb,Q1,0,Jaipur,Rajasthan,Menstrual Hygiene,Pad for Dignity Drive,Individual,UPI,33694,19251,206,49.3,3,8,4,7959,4.64,93.52,36810.0,200.0,36810.0,200.0,36810.0,200.0,163.5631067961165,0.5713480144832908,4.178498985801217,14443,0.866,0.5,1,66.1,25.1,0.118,81.0
2024-03-01,2024,3,Mar,Q1,0,Jaipur,Rajasthan,Menstrual Hygiene,Pad for Dignity Drive,Individual,UPI,31696,20938,165,52.6,2,6,3,5398,8.45,127.09,33694.0,206.0,36810.0,200.0,36810.0,200.0,192.0969696969697,0.6605880868248359,3.1368821292775664,10758,1.0,0.0,1,66.1,25.1,0.118,81.0
2024-04-01,2024,4,Apr,Q2,0,Jaipur,Rajasthan,Menstrual Hygiene,Pad for Dignity Drive,Corporate CSR,Fundraising Event,44878,18554,204,48.8,2,8,3,8873,7.88,91.0,31696.0,165.0,33694.0,206.0,36810.0,200.0,219.99019607843138,0.41343197112170776,4.180327868852459,26324,0.866,-0.5,1,66.1,25.1,0.118,81.0
2024-05-01,2024,5,May,Q2,0,Jaipur,Rajasthan,Menstrual Hygiene,Pad for Dignity Drive,Community Group,Online Portal,31785,21353,165,44.9,2,6,3,7085,9.46,129.31,44878.0,204.0,31696.0,165.0,33694.0,206.0,192.63636363636363,0.6717948717948717,3.6748329621380846,10432,0.5,-0.866,0,66.1,25.1,0.118,81.0
2024-06-01,2024,6,Jun,Q2,0,Jaipur,Rajasthan,Menstrual Hygiene,Pad for Dignity Drive,Individual,UPI,36360,20220,180,53.5,2,6,2,7354,5.0,112.56,31785.0,165.0,44878.0,204.0,31696.0,165.0,202.0,0.5561056105610561,3.364485981308411,16140,0.0,-1.0,1,66.1,25.1,0.118,81.0
2024-07-01,2024,7,Jul,Q3,0,Jaipur,Rajasthan,Menstrual Hygiene,Pad for Dignity Drive,Individual,UPI,31846,18585,207,53.1,3,6,3,9040,5.18,89.81,36360.0,180.0,31785.0,165.0,44878.0,204.0,153.84541062801932,0.5835897757960183,3.8983050847457625,13261,-0.5,-0.866,1,66.1,25.1,0.118,81.0
2024-08-01,2024,8,Aug,Q3,1,Jaipur,Rajasthan,Menstrual Hygiene,Pad for Dignity Drive,Individual,Bank Transfer,38769,20465,199,58.1,2,8,3,8438,9.01,102.73,31846.0,207.0,36360.0,180.0,31785.0,165.0,194.81909547738692,0.5278702055766205,3.4251290877796903,18304,-0.866,-0.5,1,66.1,25.1,0.118,81.0
2024-09-01,2024,9,Sep,Q3,1,Jaipur,Rajasthan,Menstrual Hygiene,Pad for Dignity Drive,Individual,Bank Transfer,39503,21001,185,55.0,2,9,4,6312,3.63,113.7,38769.0,199.0,31846.0,207.0,36360.0,180.0,213.52972972972972,0.5316305090752601,3.3636363636363638,18502,-1.0,-0.0,1,66.1,25.1,0.118,81.0
2024-10-01,2024,10,Oct,Q4,1,Jaipur,Rajasthan,Menstrual Hygiene,Pad for Dignity Drive,Corporate CSR,UPI,57572,21762,177,54.5,2,10,5,9099,4.25,122.65,39503.0,185.0,38769.0,199.0,31846.0,207.0,325.26553672316385,0.37799624817619676,3.2477064220183487,35810,-0.866,0.5,1,66.1,25.1,0.118,81.0
2024-11-01,2024,11,Nov,Q4,1,Jaipur,Rajasthan,Menstrual Hygiene,Pad for Dignity Drive,Individual,UPI,37600,20463,205,61.5,2,9,4,9348,7.25,99.69,57572.0,177.0,39503.0,185.0,38769.0,199.0,183.41463414634146,0.5442287234042553,3.3333333333333335,17137,-0.5,0.866,1,66.1,25.1,0.118,81.0
2024-12-01,2024,12,Dec,Q4,1,Jaipur,Rajasthan,Menstrual Hygiene,Pad for Dignity Drive,Alumni Network,Fundraising Event,39299,21937,216,54.1,3,7,2,7124,7.63,101.65,37600.0,205.0,57572.0,177.0,39503.0,185.0,181.9398148148148,0.5582075879793379,3.9926062846580406,17362,-0.0,1.0,1,66.1,25.1,0.118,81.0
2025-01-01,2025,1,Jan,Q1,0,Jaipur,Rajasthan,Menstrual Hygiene,Pad for Dignity Drive,Corporate CSR,Bank Transfer,62929,20225,220,61.7,2,16,5,9001,7.38,91.95,39299.0,216.0,37600.0,205.0,57572.0,177.0,286.0409090909091,0.3213939519140619,3.565640194489465,42704,0.5,0.866,1,66.1,25.1,0.118,81.0
2025-02-01,2025,2,Feb,Q1,0,Jaipur,Rajasthan,Menstrual Hygiene,Pad for Dignity Drive,Individual,Fundraising Event,37469,21536,207,51.7,3,6,3,8952,8.52,103.83,62929.0,220.0,39299.0,216.0,37600.0,205.0,181.0096618357488,0.5747684752728922,4.003868471953578,15933,0.866,0.5,1,66.1,25.1,0.118,81.0
2025-03-01,2025,3,Mar,Q1,0,Jaipur,Rajasthan,Menstrual Hygiene,Pad for Dignity Drive,Alumni Network,Bank Transfer,40927,19101,201,49.1,2,7,2,9335,4.16,94.89,37469.0,207.0,62929.0,220.0,39299.0,216.0,203.61691542288557,0.46670901849634716,4.093686354378819,21826,1.0,0.0,1,66.1,25.1,0.118,81.0
2025-04-01,2025,4,Apr,Q2,0,Jaipur,Rajasthan,Menstrual Hygiene,Pad for Dignity Drive,Individual,UPI,31497,19615,191,47.9,2,7,2,5897,7.25,102.73,40927.0,201.0,37469.0,207.0,62929.0,220.0,164.90575916230367,0.622757722957742,3.987473903966597,11882,0.866,-0.5,1,66.1,25.1,0.118,81.0
2025-05-01,2025,5,May,Q2,0,Jaipur,Rajasthan,Menstrual Hygiene,Pad for Dignity Drive,Community Group,Fundraising Event,38506,19430,215,52.3,2,6,2,9450,4.37,90.31,31497.0,191.0,40927.0,201.0,37469.0,207.0,179.09767441860464,0.5045966862307173,4.1108986615678775,19076,0.5,-0.866,1,66.1,25.1,0.118,81.0
2025-06-01,2025,6,Jun,Q2,0,Jaipur,Rajasthan,Menstrual Hygiene,Pad for Dignity Drive,Community Group,Fundraising Event,43693,21091,189,49.7,3,9,4,8246,4.01,111.87,38506.0,215.0,31497.0,191.0,40927.0,201.0,231.17989417989418,0.4827089007392488,3.8028169014084505,22602,0.0,-1.0,1,66.1,25.1,0.118,81.0
2025-07-01,2025,7,Jul,Q3,0,Jaipur,Rajasthan,Menstrual Hygiene,Pad for Dignity Drive,Individual,Fundraising Event,41270,19398,221,60.8,2,8,4,10133,8.5,87.85,43693.0,189.0,38506.0,215.0,31497.0,191.0,186.7420814479638,0.47002665374363944,3.634868421052632,21872,-0.5,-0.866,1,66.1,25.1,0.118,81.0
2025-08-01,2025,8,Aug,Q3,1,Jaipur,Rajasthan,Menstrual Hygiene,Pad for Dignity Drive,Individual,Bank Transfer,42529,19095,219,60.3,2,9,3,7606,6.61,87.09,41270.0,221.0,43693.0,189.0,38506.0,215.0,194.19634703196348,0.448987749535611,3.6318407960199006,23434,-0.866,-0.5,1,66.1,25.1,0.118,81.0
2025-09-01,2025,9,Sep,Q3,1,Jaipur,Rajasthan,Menstrual Hygiene,Pad for Dignity Drive,Individual,Online Portal,40190,21366,205,66.7,2,7,2,6831,3.33,104.15,42529.0,219.0,41270.0,221.0,43693.0,189.0,196.0487804878049,0.5316247822841503,3.073463268365817,18824,-1.0,-0.0,1,66.1,25.1,0.118,81.0
2025-10-01,2025,10,Oct,Q4,1,Jaipur,Rajasthan,Menstrual Hygiene,Pad for Dignity Drive,Corporate CSR,Online Portal,66315,18953,184,46.6,2,15,5,9378,5.89,102.89,40190.0,205.0,42529.0,219.0,41270.0,221.0,360.4076086956522,0.28580260876121544,3.948497854077253,47362,-0.866,0.5,1,66.1,25.1,0.118,81.0
2025-11-01,2025,11,Nov,Q4,1,Jaipur,Rajasthan,Menstrual Hygiene,Pad for Dignity Drive,Individual,Fundraising Event,45613,20745,198,50.2,3,8,4,7031,7.67,104.93,66315.0,184.0,40190.0,205.0,42529.0,219.0,230.36868686868686,0.4548045513340495,3.9442231075697207,24868,-0.5,0.866,1,66.1,25.1,0.118,81.0
2025-12-01,2025,12,Dec,Q4,1,Jaipur,Rajasthan,Menstrual Hygiene,Pad for Dignity Drive,Corporate CSR,Bank Transfer,77834,20162,232,64.4,3,19,7,10254,7.52,86.91,45613.0,198.0,66315.0,184.0,40190.0,205.0,335.4913793103448,0.2590384664799445,3.602484472049689,57672,-0.0,1.0,1,66.1,25.1,0.118,81.0
2024-02-01,2024,2,Feb,Q1,0,Kanpur,Uttar Pradesh,Clothing Support,Warmth and Dignity Drive,Alumni Network,Bank Transfer,40763,33715,203,59.3,2,7,3,7624,5.24,165.96,57426.0,216.0,57426.0,216.0,57426.0,216.0,200.80295566502463,0.8270981036724481,3.4232715008431707,7048,0.866,0.5,0,67.7,22.3,0.143,235.0
2024-03-01,2024,3,Mar,Q1,0,Kanpur,Uttar Pradesh,Clothing Support,Warmth and Dignity Drive,Individual,Bank Transfer,41788,34736,257,68.1,3,9,4,9923,5.1,135.4,40763.0,203.0,57426.0,216.0,57426.0,216.0,162.59922178988327,0.8312434191633962,3.7738619676945673,7052,1.0,0.0,0,67.7,22.3,0.143,235.0
2024-04-01,2024,4,Apr,Q2,0,Kanpur,Uttar Pradesh,Clothing Support,Warmth and Dignity Drive,Corporate CSR,Bank Transfer,56646,30275,255,75.2,2,11,3,9892,4.04,118.52,41788.0,257.0,40763.0,203.0,57426.0,216.0,222.14117647058825,0.5344596264520002,3.3909574468085104,26371,0.866,-0.5,1,67.7,22.3,0.143,235.0
2024-05-01,2024,5,May,Q2,0,Kanpur,Uttar Pradesh,Clothing Support,Warmth and Dignity Drive,Individual,Bank Transfer,39790,30960,211,68.3,2,8,2,9550,8.82,146.66,56646.0,255.0,41788.0,257.0,40763.0,203.0,188.5781990521327,0.7780849459663232,3.0893118594436313,8830,0.5,-0.866,0,67.7,22.3,0.143,235.0
2024-06-01,2024,6,Jun,Q2,0,Kanpur,Uttar Pradesh,Clothing Support,Warmth and Dignity Drive,Individual,Online Portal,43670,35697,221,72.4,3,7,3,9994,5.44,161.32,39790.0,211.0,56646.0,255.0,41788.0,257.0,197.60180995475113,0.8174261506755209,3.052486187845304,7973,0.0,-1.0,0,67.7,22.3,0.143,235.0
2024-07-01,2024,7,Jul,Q3,0,Kanpur,Uttar Pradesh,Clothing Support,Warmth and Dignity Drive,Alumni Network,Online Portal,49773,32257,225,61.5,3,9,4,10807,5.18,143.33,43670.0,221.0,39790.0,211.0,56646.0,255.0,221.21333333333334,0.6480822936130031,3.658536585365854,17516,-0.5,-0.866,0,67.7,22.3,0.143,235.0
2024-08-01,2024,8,Aug,Q3,1,Kanpur,Uttar Pradesh,Clothing Support,Warmth and Dignity Drive,Alumni Network,UPI,52655,31909,253,74.0,2,10,4,8826,7.97,126.26,49773.0,225.0,43670.0,221.0,39790.0,211.0,208.12252964426878,0.6060013294084132,3.418918918918919,20746,-0.866,-0.5,1,67.7,22.3,0.143,235.0
2024-09-01,2024,9,Sep,Q3,1,Kanpur,Uttar Pradesh,Clothing Support,Warmth and Dignity Drive,Corporate CSR,UPI,70119,32978,269,90.7,3,16,5,13496,4.97,122.8,52655.0,253.0,49773.0,225.0,43670.0,221.0,260.6654275092937,0.4703147506382008,2.9658213891951486,37141,-1.0,-0.0,1,67.7,22.3,0.143,235.0
2024-10-01,2024,10,Oct,Q4,1,Kanpur,Uttar Pradesh,Clothing Support,Warmth and Dignity Drive,Community Group,Bank Transfer,51683,34998,213,61.4,3,8,2,8296,5.68,164.24,70119.0,269.0,52655.0,253.0,49773.0,225.0,242.6431924882629,0.6771665731478436,3.469055374592834,16685,-0.866,0.5,0,67.7,22.3,0.143,235.0
2024-11-01,2024,11,Nov,Q4,1,Kanpur,Uttar Pradesh,Clothing Support,Warmth and Dignity Drive,Community Group,UPI,64211,33088,259,67.3,4,11,4,13124,5.26,127.84,51683.0,213.0,70119.0,269.0,52655.0,253.0,247.9189189189189,0.5153011166311068,3.848439821693908,31123,-0.5,0.866,1,67.7,22.3,0.143,235.0
2024-12-01,2024,12,Dec,Q4,1,Kanpur,Uttar Pradesh,Clothing Support,Warmth and Dignity Drive,Individual,UPI,43331,33706,227,76.7,2,7,3,9806,7.47,148.38,64211.0,259.0,51683.0,213.0,70119.0,269.0,190.88546255506608,0.7778726546814059,2.9595827900912646,9625,-0.0,1.0,0,67.7,22.3,0.143,235.0
2025-01-01,2025,1,Jan,Q1,0,Kanpur,Uttar Pradesh,Clothing Support,Warmth and Dignity Drive,Community Group,Fundraising Event,48794,35263,257,82.0,4,10,3,8247,6.65,137.18,43331.0,227.0,64211.0,259.0,51683.0,213.0,189.8599221789883,0.7226913145058819,3.1341463414634148,13531,0.5,0.866,0,67.7,22.3,0.143,235.0
2025-02-01,2025,2,Feb,Q1,0,Kanpur,Uttar Pradesh,Clothing Support,Warmth and Dignity Drive,Individual,UPI,40504,30130,254,89.7,3,9,4,9241,4.03,118.61,48794.0,257.0,43331.0,227.0,64211.0,259.0,159.46456692913387,0.7438771479360063,2.831661092530658,10374,0.866,0.5,1,67.7,22.3,0.143,235.0
2025-03-01,2025,3,Mar,Q1,0,Kanpur,Uttar Pradesh,Clothing Support,Warmth and Dignity Drive,Corporate CSR,UPI,80091,29958,256,79.9,3,15,5,13639,4.21,116.85,40504.0,254.0,48794.0,257.0,43331.0,227.0,312.85546875,0.37404951867251,3.2040050062578223,50133,1.0,0.0,1,67.7,22.3,0.143,235.0
2025-04-01,2025,4,Apr,Q2,0,Kanpur,Uttar Pradesh,Clothing Support,Warmth and Dignity Drive,Individual,UPI,38083,31731,235,69.9,3,8,3,8045,4.09,134.75,80091.0,256.0,40504.0,254.0,48794.0,257.0,162.05531914893618,0.8332064175616417,3.361945636623748,6352,0.866,-0.5,0,67.7,22.3,0.143,235.0
2025-05-01,2025,5,May,Q2,0,Kanpur,Uttar Pradesh,Clothing Support,Warmth and Dignity Drive,Individual,Fundraising Event,36956,32393,219,64.8,2,6,2,9147,6.67,147.8,38083.0,235.0,80091.0,256.0,40504.0,254.0,168.74885844748857,0.8765288451131075,3.3796296296296298,4563,0.5,-0.866,0,67.7,22.3,0.143,235.0
2025-06-01,2025,6,Jun,Q2,0,Kanpur,Uttar Pradesh,Clothing Support,Warmth and Dignity Drive,Individual,Bank Transfer,43769,34508,231,75.7,2,9,3,9818,3.48,149.43,36956.0,219.0,38083.0,235.0,80091.0,256.0,189.47619047619048,0.7884118896936188,3.0515191545574636,9261,0.0,-1.0,0,67.7,22.3,0.143,235.0
2025-07-01,2025,7,Jul,Q3,0,Kanpur,Uttar Pradesh,Clothing Support,Warmth and Dignity Drive,Individual,UPI,44781,33646,239,77.3,3,8,3,8250,9.18,140.52,43769.0,231.0,36956.0,219.0,38083.0,235.0,187.36820083682008,0.7513454366807352,3.0918499353169473,11135,-0.5,-0.866,0,67.7,22.3,0.143,235.0
2025-08-01,2025,8,Aug,Q3,1,Kanpur,Uttar Pradesh,Clothing Support,Warmth and Dignity Drive,Individual,Online Portal,50085,32560,263,88.3,3,13,6,12011,7.01,123.81,44781.0,239.0,43769.0,231.0,36956.0,219.0,190.43726235741445,0.650094838774084,2.9784824462061157,17525,-0.866,-0.5,1,67.7,22.3,0.143,235.0
2025-09-01,2025,9,Sep,Q3,1,Kanpur,Uttar Pradesh,Clothing Support,Warmth and Dignity Drive,Individual,UPI,49248,33595,224,68.3,2,8,4,10555,4.05,149.72,50085.0,263.0,44781.0,239.0,43769.0,231.0,219.85714285714286,0.682159681611436,3.279648609077599,15653,-1.0,-0.0,0,67.7,22.3,0.143,235.0
2025-10-01,2025,10,Oct,Q4,1,Kanpur,Uttar Pradesh,Clothing Support,Warmth and Dignity Drive,Corporate CSR,Fundraising Event,88802,30740,275,71.7,3,17,6,15205,7.99,111.8,49248.0,224.0,50085.0,263.0,44781.0,239.0,322.91636363636366,0.34616337469876807,3.835425383542538,58062,-0.866,0.5,1,67.7,22.3,0.143,235.0
2025-11-01,2025,11,Nov,Q4,1,Kanpur,Uttar Pradesh,Clothing Support,Warmth and Dignity Drive,Individual,UPI,56413,32033,256,85.9,2,13,5,10522,6.16,125.03,88802.0,275.0,49248.0,224.0,50085.0,263.0,220.36328125,0.5678301100810097,2.9802095459837017,24380,-0.5,0.866,1,67.7,22.3,0.143,235.0
2025-12-01,2025,12,Dec,Q4,1,Kanpur,Uttar Pradesh,Clothing Support,Warmth and Dignity Drive,Individual,UPI,58359,34989,237,75.8,3,13,6,10126,4.56,147.42,56413.0,256.0,88802.0,275.0,49248.0,224.0,246.2405063291139,0.5995476276152778,3.1266490765171504,23370,-0.0,1.0,0,67.7,22.3,0.143,235.0
2024-02-01,2024,2,Feb,Q1,0,Kanpur,Uttar Pradesh,Education Support,Back to School Drive,Community Group,Online Portal,68851,45763,229,77.1,2,14,5,9652,8.3,200.03,101646.0,195.0,101646.0,195.0,101646.0,195.0,300.6593886462882,0.6646671798521445,2.9701686121919586,23088,0.866,0.5,0,67.7,22.3,0.143,235.0
2024-03-01,2024,3,Mar,Q1,0,Kanpur,Uttar Pradesh,Education Support,Back to School Drive,Corporate CSR,Bank Transfer,108003,46086,205,70.9,2,22,9,12479,9.54,224.76,68851.0,229.0,101646.0,195.0,101646.0,195.0,526.8439024390244,0.4267103691564123,2.8913963328631875,61917,1.0,0.0,0,67.7,22.3,0.143,235.0
2024-04-01,2024,4,Apr,Q2,0,Kanpur,Uttar Pradesh,Education Support,Back to School Drive,Individual,Online Portal,61923,39329,234,91.9,2,10,4,10384,4.45,168.42,108003.0,205.0,68851.0,229.0,101646.0,195.0,264.62820512820514,0.6351274970527914,2.546245919477693,22594,0.866,-0.5,0,67.7,22.3,0.143,235.0
2024-05-01,2024,5,May,Q2,0,Kanpur,Uttar Pradesh,Education Support,Back to School Drive,Community Group,UPI,69774,43443,236,90.4,3,16,7,11952,9.16,184.0,61923.0,234.0,108003.0,205.0,68851.0,229.0,295.6525423728813,0.6226244732995099,2.6106194690265485,26331,0.5,-0.866,0,67.7,22.3,0.143,235.0
2024-06-01,2024,6,Jun,Q2,0,Kanpur,Uttar Pradesh,Education Support,Back to School Drive,Community Group,Bank Transfer,80153,44516,241,80.2,3,13,5,13919,6.48,184.86,69774.0,236.0,61923.0,234.0,108003.0,205.0,332.5850622406639,0.5553878207927339,3.0049875311720697,35637,0.0,-1.0,0,67.7,22.3,0.143,235.0
2024-07-01,2024,7,Jul,Q3,0,Kanpur,Uttar Pradesh,Education Support,Back to School Drive,Individual,UPI,63500,45876,227,77.1,3,13,5,11662,8.32,202.16,80153.0,241.0,69774.0,236.0,61923.0,234.0,279.73568281938327,0.7224566929133859,2.9442282749675748,17624,-0.5,-0.866,0,67.7,22.3,0.143,235.0
2024-08-01,2024,8,Aug,Q3,1,Kanpur,Uttar Pradesh,Education Support,Back to School Drive,Corporate CSR,UPI,122109,46171,210,78.8,2,30,14,15743,5.54,219.97,63500.0,227.0,80153.0,241.0,69774.0,236.0,581.4714285714285,0.37811299740395876,2.66497461928934,75938,-0.866,-0.5,0,67.7,22.3,0.143,235.0
2024-09-01,2024,9,Sep,Q3,1,Kanpur,Uttar Pradesh,Education Support,Back to School Drive,Individual,Online Portal,67756,42947,227,81.8,2,17,7,11516,5.03,189.2,122109.0,210.0,63500.0,227.0,80153.0,241.0,298.48458149779736,0.6338479249070194,2.7750611246943766,24809,-1.0,-0.0,0,67.7,22.3,0.143,235.0
2024-10-01,2024,10,Oct,Q4,1,Kanpur,Uttar Pradesh,Education Support,Back to School Drive,Corporate CSR,Bank Transfer,119183,46756,246,82.7,3,20,6,16792,4.77,190.32,67756.0,227.0,122109.0,210.0,63500.0,227.0,484.4837398373984,0.39230427158235653,2.974607013301088,72427,-0.866,0.5,0,67.7,22.3,0.143,235.0
2024-11-01,2024,11,Nov,Q4,1,Kanpur,Uttar Pradesh,Education Support,Back to School Drive,Individual,Fundraising Event,69386,40176,244,105.2,3,11,5,13540,4.15,164.61,119183.0,246.0,67756.0,227.0,122109.0,210.0,284.3688524590164,0.5790217046666475,2.3193916349809887,29210,-0.5,0.866,0,67.7,22.3,0.143,235.0
2024-12-01,2024,12,Dec,Q4,1,Kanpur,Uttar Pradesh,Education Support,Back to School Drive,Community Group,Online Portal,97000,39227,225,73.5,2,22,10,12254,5.09,174.7,69386.0,244.0,119183.0,246.0,67756.0,227.0,431.1111111111111,0.4044020618556701,3.061224489795918,57773,-0.0,1.0,0,67.7,22.3,0.143,235.0
2025-01-01,2025,1,Jan,Q1,0,Kanpur,Uttar Pradesh,Education Support,Back to School Drive,Individual,Fundraising Event,68612,42532,223,74.9,3,12,3,9445,6.99,190.47,97000.0,225.0,69386.0,244.0,119183.0,246.0,307.67713004484307,0.6198915641578733,2.9773030707610144,26080,0.5,0.866,0,67.7,22.3,0.143,235.0
2025-02-01,2025,2,Feb,Q1,0,Kanpur,Uttar Pradesh,Education Support,Back to School Drive,Community Group,Fundraising Event,80168,41991,233,97.8,3,17,6,12830,7.89,180.6,68612.0,223.0,97000.0,225.0,69386.0,244.0,344.068669527897,0.5237875461530785,2.38241308793456,38177,0.866,0.5,0,67.7,22.3,0.143,235.0
2025-03-01,2025,3,Mar,Q1,0,Kanpur,Uttar Pradesh,Education Support,Back to School Drive,Corporate CSR,Bank Transfer,103014,40000,225,76.8,2,23,8,13256,6.97,178.16,80168.0,233.0,68612.0,223.0,97000.0,225.0,457.84,0.3882967363659308,2.9296875,63014,1.0,0.0,0,67.7,22.3,0.143,235.0
2025-04-01,2025,4,Apr,Q2,0,Kanpur,Uttar Pradesh,Education Support,Back to School Drive,Community Group,Online Portal,71956,42357,234,84.1,3,14,5,11781,7.29,181.28,103014.0,225.0,80168.0,233.0,68612.0,223.0,307.5042735042735,0.5886513980766024,2.7824019024970275,29599,0.866,-0.5,0,67.7,22.3,0.143,235.0
2025-05-01,2025,5,May,Q2,0,Kanpur,Uttar Pradesh,Education Support,Back to School Drive,Individual,Online Portal,67915,41830,221,76.2,2,16,5,11483,4.15,189.43,71956.0,234.0,103014.0,225.0,80168.0,233.0,307.3076923076923,0.615916955017301,2.900262467191601,26085,0.5,-0.866,0,67.7,22.3,0.143,235.0
2025-06-01,2025,6,Jun,Q2,0,Kanpur,Uttar Pradesh,Education Support,Back to School Drive,Individual,Bank Transfer,60396,38742,230,76.2,3,11,5,10242,8.53,168.52,67915.0,221.0,71956.0,234.0,103014.0,225.0,262.5913043478261,0.6414663222729982,3.0183727034120733,21654,0.0,-1.0,0,67.7,22.3,0.143,235.0
2025-07-01,2025,7,Jul,Q3,0,Kanpur,Uttar Pradesh,Education Support,Back to School Drive,Alumni Network,Online Portal,73881,46671,251,90.7,2,18,8,10519,4.57,185.9,60396.0,230.0,67915.0,221.0,71956.0,234.0,294.34661354581675,0.6317050391846347,2.767364939360529,27210,-0.5,-0.866,0,67.7,22.3,0.143,235.0
2025-08-01,2025,8,Aug,Q3,1,Kanpur,Uttar Pradesh,Education Support,Back to School Drive,Corporate CSR,Fundraising Event,128591,44318,253,83.4,3,21,7,17330,9.63,175.33,73881.0,251.0,60396.0,230.0,67915.0,221.0,508.2648221343874,0.3446430932180324,3.0335731414868103,84273,-0.866,-0.5,0,67.7,22.3,0.143,235.0
2025-09-01,2025,9,Sep,Q3,1,Kanpur,Uttar Pradesh,Education Support,Back to School Drive,Community Group,UPI,89818,41186,216,88.9,2,16,7,13227,4.6,190.88,128591.0,253.0,73881.0,251.0,60396.0,230.0,415.8240740740741,0.4585495112338284,2.4296962879640045,48632,-1.0,-0.0,0,67.7,22.3,0.143,235.0
2025-10-01,2025,10,Oct,Q4,1,Kanpur,Uttar Pradesh,Education Support,Back to School Drive,Individual,Fundraising Event,76207,44590,260,108.4,3,16,6,13957,9.14,171.36,89818.0,216.0,128591.0,253.0,73881.0,251.0,293.1038461538462,0.5851168527825528,2.3985239852398523,31617,-0.866,0.5,0,67.7,22.3,0.143,235.0
2025-11-01,2025,11,Nov,Q4,1,Kanpur,Uttar Pradesh,Education Support,Back to School Drive,Alumni Network,Online Portal,77106,43019,223,73.6,3,14,6,12139,4.36,193.1,76207.0,260.0,89818.0,216.0,128591.0,253.0,345.76681614349775,0.5579202656083833,3.029891304347826,34087,-0.5,0.866,0,67.7,22.3,0.143,235.0
2025-12-01,2025,12,Dec,Q4,1,Kanpur,Uttar Pradesh,Education Support,Back to School Drive,Corporate CSR,Fundraising Event,126888,41510,262,104.9,3,23,8,15715,6.01,158.31,77106.0,223.0,76207.0,260.0,89818.0,216.0,484.30534351145036,0.3271388941428662,2.4976167778836986,85378,-0.0,1.0,0,67.7,22.3,0.143,235.0
2024-02-01,2024,2,Feb,Q1,0,Kanpur,Uttar Pradesh,Food Distribution,Meal Support Campaign,Individual,Online Portal,50751,47483,363,99.3,3,11,5,15736,3.45,130.96,47674.0,349.0,47674.0,349.0,47674.0,349.0,139.8099173553719,0.9356071801540856,3.6555891238670695,3268,0.866,0.5,0,67.7,22.3,0.143,235.0
2024-03-01,2024,3,Mar,Q1,0,Kanpur,Uttar Pradesh,Food Distribution,Meal Support Campaign,Individual,Bank Transfer,51058,45188,313,92.7,3,12,5,12707,6.3,144.51,50751.0,363.0,47674.0,349.0,47674.0,349.0,163.12460063897763,0.8850327079008187,3.3764832793959005,5870,1.0,0.0,0,67.7,22.3,0.143,235.0
2024-04-01,2024,4,Apr,Q2,0,Kanpur,Uttar Pradesh,Food Distribution,Meal Support Campaign,Individual,Online Portal,41061,50097,310,116.1,4,9,5,12279,4.55,161.71,51058.0,313.0,50751.0,363.0,47674.0,349.0,132.45483870967743,1.2200628333455104,2.670111972437554,-9036,0.866,-0.5,0,67.7,22.3,0.143,235.0
2024-05-01,2024,5,May,Q2,0,Kanpur,Uttar Pradesh,Food Distribution,Meal Support Campaign,Community Group,UPI,54118,46326,354,112.7,4,10,4,13195,5.24,130.92,41061.0,310.0,51058.0,313.0,50751.0,363.0,152.87570621468927,0.8560183303152371,3.1410825199645074,7792,0.5,-0.866,0,67.7,22.3,0.143,235.0
2024-06-01,2024,6,Jun,Q2,0,Kanpur,Uttar Pradesh,Food Distribution,Meal Support Campaign,Individual,Online Portal,50303,46374,382,118.1,5,10,5,14315,6.31,121.25,54118.0,354.0,41061.0,310.0,51058.0,313.0,131.68324607329842,0.9218933264417629,3.23454699407282,3929,0.0,-1.0,1,67.7,22.3,0.143,235.0
2024-07-01,2024,7,Jul,Q3,0,Kanpur,Uttar Pradesh,Food Distribution,Meal Support Campaign,Individual,Fundraising Event,49600,49870,380,126.5,4,9,3,15543,9.71,131.21,50303.0,382.0,54118.0,354.0,41061.0,310.0,130.52631578947367,1.0054435483870967,3.0039525691699605,-270,-0.5,-0.866,0,67.7,22.3,0.143,235.0
2024-08-01,2024,8,Aug,Q3,1,Kanpur,Uttar Pradesh,Food Distribution,Meal Support Campaign,Corporate CSR,UPI,95473,50644,357,133.7,4,17,5,14234,4.67,141.79,49600.0,380.0,50303.0,382.0,54118.0,354.0,267.4313725490196,0.5304536361065432,2.6701570680628275,44829,-0.866,-0.5,0,67.7,22.3,0.143,235.0
2024-09-01,2024,9,Sep,Q3,1,Kanpur,Uttar Pradesh,Food Distribution,Meal Support Campaign,Individual,Bank Transfer,62764,47639,314,104.7,3,12,5,11805,6.09,151.89,95473.0,357.0,49600.0,380.0,50303.0,382.0,199.88535031847132,0.7590179083551081,2.9990448901623687,15125,-1.0,-0.0,0,67.7,22.3,0.143,235.0
2024-10-01,2024,10,Oct,Q4,1,Kanpur,Uttar Pradesh,Food Distribution,Meal Support Campaign,Alumni Network,Bank Transfer,63062,52273,391,134.0,4,13,4,12824,7.77,133.67,62764.0,314.0,95473.0,357.0,49600.0,380.0,161.28388746803068,0.8289144016999144,2.917910447761194,10789,-0.866,0.5,0,67.7,22.3,0.143,235.0
2024-11-01,2024,11,Nov,Q4,1,Kanpur,Uttar Pradesh,Food Distribution,Meal Support Campaign,Community Group,Bank Transfer,76802,50564,349,101.0,4,20,7,16221,4.31,145.09,63062.0,391.0,62764.0,314.0,95473.0,357.0,220.06303724928367,0.6583682716595922,3.4554455445544554,26238,-0.5,0.866,0,67.7,22.3,0.143,235.0
2024-12-01,2024,12,Dec,Q4,1,Kanpur,Uttar Pradesh,Food Distribution,Meal Support Campaign,Individual,UPI,63853,51802,332,91.2,3,15,7,14569,8.91,155.9,76802.0,349.0,63062.0,391.0,62764.0,314.0,192.32831325301206,0.8112696349427592,3.6403508771929824,12051,-0.0,1.0,0,67.7,22.3,0.143,235.0
2025-01-01,2025,1,Jan,Q1,0,Kanpur,Uttar Pradesh,Food Distribution,Meal Support Campaign,Individual,UPI,59094,45894,320,118.3,3,12,6,13310,9.0,143.41,63853.0,332.0,76802.0,349.0,63062.0,391.0,184.66875,0.776627068737943,2.7049873203719357,13200,0.5,0.866,0,67.7,22.3,0.143,235.0
2025-02-01,2025,2,Feb,Q1,0,Kanpur,Uttar Pradesh,Food Distribution,Meal Support Campaign,Corporate CSR,Online Portal,87926,52413,350,108.5,4,14,5,13963,3.35,149.61,59094.0,320.0,63853.0,332.0,76802.0,349.0,251.21714285714285,0.5961035416145395,3.225806451612903,35513,0.866,0.5,0,67.7,22.3,0.143,235.0
2025-03-01,2025,3,Mar,Q1,0,Kanpur,Uttar Pradesh,Food Distribution,Meal Support Campaign,Corporate CSR,Bank Transfer,100855,51791,379,109.7,4,18,8,19976,7.13,136.61,87926.0,350.0,59094.0,320.0,63853.0,332.0,266.1081794195251,0.5135194090526003,3.454876937101185,49064,1.0,0.0,0,67.7,22.3,0.143,235.0
2025-04-01,2025,4,Apr,Q2,0,Kanpur,Uttar Pradesh,Food Distribution,Meal Support Campaign,Corporate CSR,Bank Transfer,77883,50224,326,89.5,3,14,7,13253,9.27,154.29,100855.0,379.0,87926.0,350.0,59094.0,320.0,238.90490797546013,0.6448647329969313,3.642458100558659,27659,0.866,-0.5,0,67.7,22.3,0.143,235.0
2025-05-01,2025,5,May,Q2,0,Kanpur,Uttar Pradesh,Food Distribution,Meal Support Campaign,Community Group,Online Portal,70703,45401,326,116.5,3,12,5,15964,7.31,139.22,77883.0,326.0,100855.0,379.0,87926.0,350.0,216.88036809815952,0.6421368258772612,2.7982832618025753,25302,0.5,-0.866,0,67.7,22.3,0.143,235.0
2025-06-01,2025,6,Jun,Q2,0,Kanpur,Uttar Pradesh,Food Distribution,Meal Support Campaign,Community Group,Bank Transfer,64393,49227,377,118.8,3,12,3,12488,6.5,130.5,70703.0,326.0,77883.0,326.0,100855.0,379.0,170.80371352785147,0.7644775053189011,3.1734006734006734,15166,0.0,-1.0,0,67.7,22.3,0.143,235.0
2025-07-01,2025,7,Jul,Q3,0,Kanpur,Uttar Pradesh,Food Distribution,Meal Support Campaign,Individual,Fundraising Event,53650,51543,411,115.2,5,9,3,14697,7.89,125.47,64393.0,377.0,70703.0,326.0,77883.0,326.0,130.5352798053528,0.9607269338303821,3.567708333333333,2107,-0.5,-0.866,1,67.7,22.3,0.143,235.0
2025-08-01,2025,8,Aug,Q3,1,Kanpur,Uttar Pradesh,Food Distribution,Meal Support Campaign,Individual,Bank Transfer,59665,53899,323,101.3,4,11,3,14495,3.83,167.01,53650.0,411.0,64393.0,377.0,70703.0,326.0,184.72136222910217,0.9033604290622643,3.188548864758144,5766,-0.866,-0.5,0,67.7,22.3,0.143,235.0
2025-09-01,2025,9,Sep,Q3,1,Kanpur,Uttar Pradesh,Food Distribution,Meal Support Campaign,Alumni Network,UPI,68152,48474,377,105.1,4,12,6,11860,7.7,128.74,59665.0,323.0,53650.0,411.0,64393.0,377.0,180.77453580901857,0.7112630590444888,3.587059942911513,19678,-1.0,-0.0,0,67.7,22.3,0.143,235.0
2025-10-01,2025,10,Oct,Q4,1,Kanpur,Uttar Pradesh,Food Distribution,Meal Support Campaign,Corporate CSR,Bank Transfer,114099,46530,366,120.5,3,21,9,20565,8.36,127.1,68152.0,377.0,59665.0,323.0,53650.0,411.0,311.74590163934425,0.4078037493755423,3.037344398340249,67569,-0.866,0.5,1,67.7,22.3,0.143,235.0
2025-11-01,2025,11,Nov,Q4,1,Kanpur,Uttar Pradesh,Food Distribution,Meal Support Campaign,Corporate CSR,UPI,100966,52658,417,152.3,4,22,11,15240,9.6,126.27,114099.0,366.0,68152.0,377.0,59665.0,323.0,242.12470023980816,0.5215419051958085,2.738017071569271,48308,-0.5,0.866,1,67.7,22.3,0.143,235.0
2025-12-01,2025,12,Dec,Q4,1,Kanpur,Uttar Pradesh,Food Distribution,Meal Support Campaign,Community Group,Fundraising Event,80016,52099,327,121.0,4,13,5,15201,7.18,159.21,100966.0,417.0,114099.0,366.0,68152.0,377.0,244.69724770642202,0.6511072785442912,2.7024793388429753,27917,-0.0,1.0,0,67.7,22.3,0.143,235.0
2024-02-01,2024,2,Feb,Q1,0,Kanpur,Uttar Pradesh,Health Awareness,Community Wellness Camp,Individual,Online Portal,42675,29610,272,84.2,3,8,3,10384,5.88,108.87,46000.0,258.0,46000.0,258.0,46000.0,258.0,156.8933823529412,0.6938488576449913,3.2304038004750595,13065,0.866,0.5,1,67.7,22.3,0.143,235.0
2024-03-01,2024,3,Mar,Q1,0,Kanpur,Uttar Pradesh,Health Awareness,Community Wellness Camp,Individual,Fundraising Event,43537,31460,302,88.4,4,11,4,10013,4.85,104.25,42675.0,272.0,46000.0,258.0,46000.0,258.0,144.16225165562915,0.7226037623171095,3.416289592760181,12077,1.0,0.0,1,67.7,22.3,0.143,235.0
2024-04-01,2024,4,Apr,Q2,0,Kanpur,Uttar Pradesh,Health Awareness,Community Wellness Camp,Individual,UPI,40843,32933,270,79.5,4,8,4,7903,8.37,122.2,43537.0,302.0,42675.0,272.0,46000.0,258.0,151.27037037037036,0.8063315623240213,3.3962264150943398,7910,0.866,-0.5,1,67.7,22.3,0.143,235.0
2024-05-01,2024,5,May,Q2,0,Kanpur,Uttar Pradesh,Health Awareness,Community Wellness Camp,Individual,Bank Transfer,35760,29163,303,87.0,3,8,3,9514,3.38,96.37,40843.0,270.0,43537.0,302.0,42675.0,272.0,118.01980198019803,0.8155201342281879,3.4827586206896552,6597,0.5,-0.866,1,67.7,22.3,0.143,235.0
2024-06-01,2024,6,Jun,Q2,0,Kanpur,Uttar Pradesh,Health Awareness,Community Wellness Camp,Alumni Network,Bank Transfer,41504,31419,275,68.6,4,9,4,9872,7.2,114.2,35760.0,303.0,40843.0,270.0,43537.0,302.0,150.92363636363638,0.7570113723978412,4.0087463556851315,10085,0.0,-1.0,1,67.7,22.3,0.143,235.0
2024-07-01,2024,7,Jul,Q3,0,Kanpur,Uttar Pradesh,Health Awareness,Community Wellness Camp,Corporate CSR,Online Portal,83182,34302,281,84.0,4,19,6,14327,9.29,122.21,41504.0,275.0,35760.0,303.0,40843.0,270.0,296.02135231316726,0.4123728691303407,3.3452380952380953,48880,-0.5,-0.866,1,67.7,22.3,0.143,235.0
2024-08-01,2024,8,Aug,Q3,1,Kanpur,Uttar Pradesh,Health Awareness,Community Wellness Camp,Individual,UPI,44250,29289,301,98.5,3,8,3,13236,4.81,97.36,83182.0,281.0,41504.0,275.0,35760.0,303.0,147.00996677740864,0.6618983050847458,3.0558375634517767,14961,-0.866,-0.5,1,67.7,22.3,0.143,235.0
2024-09-01,2024,9,Sep,Q3,1,Kanpur,Uttar Pradesh,Health Awareness,Community Wellness Camp,Community Group,UPI,54746,31714,274,74.1,2,10,4,11184,3.57,115.78,44250.0,301.0,83182.0,281.0,41504.0,275.0,199.8029197080292,0.5792934643626931,3.697705802968961,23032,-1.0,-0.0,1,67.7,22.3,0.143,235.0
2024-10-01,2024,10,Oct,Q4,1,Kanpur,Uttar Pradesh,Health Awareness,Community Wellness Camp,Community Group,UPI,55787,33936,318,99.5,4,10,4,11935,3.55,106.87,54746.0,274.0,44250.0,301.0,83182.0,281.0,175.4308176100629,0.6083137648556115,3.1959798994974875,21851,-0.866,0.5,1,67.7,22.3,0.143,235.0
2024-11-01,2024,11,Nov,Q4,1,Kanpur,Uttar Pradesh,Health Awareness,Community Wellness Camp,Individual,Fundraising Event,44924,30423,307,83.9,3,9,3,13019,9.77,99.08,55787.0,318.0,54746.0,274.0,44250.0,301.0,146.33224755700326,0.6772103997863057,3.6591179976162094,14501,-0.5,0.866,1,67.7,22.3,0.143,235.0
2024-12-01,2024,12,Dec,Q4,1,Kanpur,Uttar Pradesh,Health Awareness,Community Wellness Camp,Community Group,Bank Transfer,66639,30454,320,83.8,3,15,5,13293,5.69,95.31,44924.0,307.0,55787.0,318.0,54746.0,274.0,208.246875,0.4569996548567656,3.8186157517899764,36185,-0.0,1.0,1,67.7,22.3,0.143,235.0
2025-01-01,2025,1,Jan,Q1,0,Kanpur,Uttar Pradesh,Health Awareness,Community Wellness Camp,Alumni Network,Online Portal,52130,29485,294,97.7,3,9,4,12580,3.82,100.37,66639.0,320.0,44924.0,307.0,55787.0,318.0,177.31292517006804,0.5656052177249185,3.0092118730808597,22645,0.5,0.866,1,67.7,22.3,0.143,235.0
2025-02-01,2025,2,Feb,Q1,0,Kanpur,Uttar Pradesh,Health Awareness,Community Wellness Camp,Corporate CSR,Bank Transfer,68726,33584,300,82.9,3,11,5,11832,6.14,111.99,52130.0,294.0,66639.0,320.0,44924.0,307.0,229.08666666666667,0.48866513401041817,3.6188178528347406,35142,0.866,0.5,1,67.7,22.3,0.143,235.0
2025-03-01,2025,3,Mar,Q1,0,Kanpur,Uttar Pradesh,Health Awareness,Community Wellness Camp,Corporate CSR,Online Portal,89291,31905,308,78.3,3,16,5,14036,6.34,103.42,68726.0,300.0,52130.0,294.0,66639.0,320.0,289.90584415584414,0.3573148469610599,3.9335887611749683,57386,1.0,0.0,1,67.7,22.3,0.143,235.0
2025-04-01,2025,4,Apr,Q2,0,Kanpur,Uttar Pradesh,Health Awareness,Community Wellness Camp,Corporate CSR,Fundraising Event,70527,29572,284,75.3,4,14,7,12817,3.78,104.24,89291.0,308.0,68726.0,300.0,52130.0,294.0,248.33450704225353,0.419300409772144,3.7715803452855248,40955,0.866,-0.5,1,67.7,22.3,0.143,235.0
2025-05-01,2025,5,May,Q2,0,Kanpur,Uttar Pradesh,Health Awareness,Community Wellness Camp,Community Group,Fundraising Event,52268,33550,259,65.7,3,9,5,8821,7.38,129.6,70527.0,284.0,89291.0,308.0,68726.0,300.0,201.8069498069498,0.6418841356087855,3.942161339421613,18718,0.5,-0.866,0,67.7,22.3,0.143,235.0
2025-06-01,2025,6,Jun,Q2,0,Kanpur,Uttar Pradesh,Health Awareness,Community Wellness Camp,Corporate CSR,Fundraising Event,74519,32113,274,90.8,3,18,5,12949,4.24,117.21,52268.0,259.0,70527.0,284.0,89291.0,308.0,271.96715328467155,0.43093707645030127,3.0176211453744495,42406,0.0,-1.0,1,67.7,22.3,0.143,235.0
2025-07-01,2025,7,Jul,Q3,0,Kanpur,Uttar Pradesh,Health Awareness,Community Wellness Camp,Corporate CSR,UPI,76900,34460,278,69.8,3,15,6,14704,7.34,124.17,74519.0,274.0,52268.0,259.0,70527.0,284.0,276.61870503597123,0.44811443433029907,3.982808022922636,42440,-0.5,-0.866,1,67.7,22.3,0.143,235.0
2025-08-01,2025,8,Aug,Q3,1,Kanpur,Uttar Pradesh,Health Awareness,Community Wellness Camp,Individual,Online Portal,49688,33432,308,100.9,3,8,4,9361,4.52,108.6,76900.0,278.0,74519.0,274.0,52268.0,259.0,161.32467532467533,0.6728385123168572,3.052527254707631,16256,-0.866,-0.5,1,67.7,22.3,0.143,235.0
2025-09-01,2025,9,Sep,Q3,1,Kanpur,Uttar Pradesh,Health Awareness,Community Wellness Camp,Community Group,Fundraising Event,61742,29010,263,88.6,3,13,4,13405,8.91,110.42,49688.0,308.0,76900.0,278.0,74519.0,274.0,234.76045627376425,0.4698584431991189,2.9683972911963883,32732,-1.0,-0.0,1,67.7,22.3,0.143,235.0
2025-10-01,2025,10,Oct,Q4,1,Kanpur,Uttar Pradesh,Health Awareness,Community Wellness Camp,Alumni Network,UPI,61079,30153,328,96.4,4,11,6,12684,6.98,92.04,61742.0,263.0,49688.0,308.0,76900.0,278.0,186.21646341463415,0.4936721295371568,3.4024896265560165,30926,-0.866,0.5,1,67.7,22.3,0.143,235.0
2025-11-01,2025,11,Nov,Q4,1,Kanpur,Uttar Pradesh,Health Awareness,Community Wellness Camp,Individual,Bank Transfer,53094,33469,332,113.4,4,10,5,14622,4.5,100.66,61079.0,328.0,61742.0,263.0,49688.0,308.0,159.92168674698794,0.630372546803782,2.927689594356261,19625,-0.5,0.866,1,67.7,22.3,0.143,235.0
2025-12-01,2025,12,Dec,Q4,1,Kanpur,Uttar Pradesh,Health Awareness,Community Wellness Camp,Individual,UPI,56770,28758,292,81.0,3,12,6,10015,5.96,98.32,53094.0,332.0,61079.0,328.0,61742.0,263.0,194.41780821917808,0.5065703716751806,3.6049382716049383,28012,-0.0,1.0,1,67.7,22.3,0.143,235.0
2024-02-01,2024,2,Feb,Q1,0,Kanpur,Uttar Pradesh,Menstrual Hygiene,Pad for Dignity Drive,Corporate CSR,Fundraising Event,76532,28224,236,67.5,3,15,5,12841,3.21,119.38,37798.0,278.0,37798.0,278.0,37798.0,278.0,324.2881355932203,0.36878691266398367,3.4962962962962965,48308,0.866,0.5,1,67.7,22.3,0.143,235.0
2024-03-01,2024,3,Mar,Q1,0,Kanpur,Uttar Pradesh,Menstrual Hygiene,Pad for Dignity Drive,Individual,Fundraising Event,46037,27442,264,79.7,2,8,3,10855,9.36,103.92,76532.0,236.0,37798.0,278.0,37798.0,278.0,174.38257575757575,0.5960857571084128,3.312421580928482,18595,1.0,0.0,1,67.7,22.3,0.143,235.0
2024-04-01,2024,4,Apr,Q2,0,Kanpur,Uttar Pradesh,Menstrual Hygiene,Pad for Dignity Drive,Community Group,Bank Transfer,50607,26144,273,84.7,3,10,3,12887,9.72,95.73,46037.0,264.0,76532.0,236.0,37798.0,278.0,185.37362637362637,0.5166083743355663,3.2231404958677685,24463,0.866,-0.5,1,67.7,22.3,0.143,235.0
2024-05-01,2024,5,May,Q2,0,Kanpur,Uttar Pradesh,Menstrual Hygiene,Pad for Dignity Drive,Community Group,Online Portal,54039,28424,232,67.6,3,10,5,10094,5.96,122.26,50607.0,273.0,46037.0,264.0,76532.0,236.0,232.92672413793105,0.5259904883510057,3.4319526627218937,25615,0.5,-0.866,1,67.7,22.3,0.143,235.0
2024-06-01,2024,6,Jun,Q2,0,Kanpur,Uttar Pradesh,Menstrual Hygiene,Pad for Dignity Drive,Corporate CSR,UPI,73516,28838,281,86.9,3,15,6,11499,6.85,102.6,54039.0,232.0,50607.0,273.0,46037.0,264.0,261.62277580071174,0.39226834974699387,3.2336018411967777,44678,0.0,-1.0,1,67.7,22.3,0.143,235.0
2024-07-01,2024,7,Jul,Q3,0,Kanpur,Uttar Pradesh,Menstrual Hygiene,Pad for Dignity Drive,Corporate CSR,Online Portal,75259,30084,226,72.3,2,14,5,11680,9.62,133.1,73516.0,281.0,54039.0,232.0,50607.0,273.0,333.00442477876106,0.3997395660319696,3.1258644536652835,45175,-0.5,-0.866,0,67.7,22.3,0.143,235.0
2024-08-01,2024,8,Aug,Q3,1,Kanpur,Uttar Pradesh,Menstrual Hygiene,Pad for Dignity Drive,Community Group,Bank Transfer,59279,29228,250,73.2,3,13,4,9363,5.95,116.8,75259.0,226.0,73516.0,281.0,54039.0,232.0,237.116,0.4930582499704786,3.4153005464480874,30051,-0.866,-0.5,1,67.7,22.3,0.143,235.0
2024-09-01,2024,9,Sep,Q3,1,Kanpur,Uttar Pradesh,Menstrual Hygiene,Pad for Dignity Drive,Alumni Network,Bank Transfer,46861,27439,230,64.5,2,10,5,10322,3.99,119.09,59279.0,250.0,75259.0,226.0,73516.0,281.0,203.74347826086955,0.5855402146774503,3.565891472868217,19422,-1.0,-0.0,1,67.7,22.3,0.143,235.0
2024-10-01,2024,10,Oct,Q4,1,Kanpur,Uttar Pradesh,Menstrual Hygiene,Pad for Dignity Drive,Individual,UPI,53186,27472,229,63.4,3,11,5,9384,5.68,119.94,46861.0,230.0,59279.0,250.0,75259.0,226.0,232.25327510917032,0.5165269055766555,3.6119873817034702,25714,-0.866,0.5,1,67.7,22.3,0.143,235.0
2024-11-01,2024,11,Nov,Q4,1,Kanpur,Uttar Pradesh,Menstrual Hygiene,Pad for Dignity Drive,Community Group,Online Portal,67974,25884,282,78.4,3,14,6,10198,6.72,91.78,53186.0,229.0,46861.0,230.0,59279.0,250.0,241.04255319148936,0.38079265601553536,3.596938775510204,42090,-0.5,0.866,1,67.7,22.3,0.143,235.0
2024-12-01,2024,12,Dec,Q4,1,Kanpur,Uttar Pradesh,Menstrual Hygiene,Pad for Dignity Drive,Community Group,Online Portal,61236,29460,284,75.1,3,10,4,13992,9.64,103.76,67974.0,282.0,53186.0,229.0,46861.0,230.0,215.61971830985917,0.4810895551636292,3.7816245006657794,31776,-0.0,1.0,1,67.7,22.3,0.143,235.0
2025-01-01,2025,1,Jan,Q1,0,Kanpur,Uttar Pradesh,Menstrual Hygiene,Pad for Dignity Drive,Community Group,Fundraising Event,64602,28188,245,69.0,3,15,6,9863,7.05,115.06,61236.0,284.0,67974.0,282.0,53186.0,229.0,263.68163265306123,0.4363332404569518,3.550724637681159,36414,0.5,0.866,1,67.7,22.3,0.143,235.0
2025-02-01,2025,2,Feb,Q1,0,Kanpur,Uttar Pradesh,Menstrual Hygiene,Pad for Dignity Drive,Community Group,Fundraising Event,66566,25472,281,71.1,4,16,8,12512,3.37,90.61,64602.0,245.0,61236.0,284.0,67974.0,282.0,236.8896797153025,0.3826578132980801,3.9521800281293955,41094,0.866,0.5,1,67.7,22.3,0.143,235.0
2025-03-01,2025,3,Mar,Q1,0,Kanpur,Uttar Pradesh,Menstrual Hygiene,Pad for Dignity Drive,Individual,Online Portal,44446,29100,236,63.8,2,9,4,10768,4.7,123.24,66566.0,281.0,64602.0,245.0,61236.0,284.0,188.33050847457628,0.6547270845520407,3.699059561128527,15346,1.0,0.0,1,67.7,22.3,0.143,235.0
2025-04-01,2025,4,Apr,Q2,0,Kanpur,Uttar Pradesh,Menstrual Hygiene,Pad for Dignity Drive,Individual,Online Portal,52054,26411,245,73.4,2,10,4,12049,8.15,107.76,44446.0,236.0,66566.0,281.0,64602.0,245.0,212.465306122449,0.5073769547008875,3.3378746594005446,25643,0.866,-0.5,1,67.7,22.3,0.143,235.0
2025-05-01,2025,5,May,Q2,0,Kanpur,Uttar Pradesh,Menstrual Hygiene,Pad for Dignity Drive,Individual,Online Portal,46211,26745,268,68.2,3,9,4,9145,6.51,99.97,52054.0,245.0,44446.0,236.0,66566.0,281.0,172.42910447761193,0.578758304299842,3.9296187683284454,19466,0.5,-0.866,1,67.7,22.3,0.143,235.0
2025-06-01,2025,6,Jun,Q2,0,Kanpur,Uttar Pradesh,Menstrual Hygiene,Pad for Dignity Drive,Alumni Network,Fundraising Event,51828,26267,236,58.7,3,13,5,10977,6.76,111.17,46211.0,268.0,52054.0,245.0,44446.0,236.0,219.61016949152543,0.5068109901983484,4.0204429301533215,25561,0.0,-1.0,1,67.7,22.3,0.143,235.0
2025-07-01,2025,7,Jul,Q3,0,Kanpur,Uttar Pradesh,Menstrual Hygiene,Pad for Dignity Drive,Community Group,Bank Transfer,60120,26629,299,84.6,3,13,5,12150,8.08,89.16,51828.0,236.0,46211.0,268.0,52054.0,245.0,201.0702341137124,0.4429308050565536,3.534278959810875,33491,-0.5,-0.866,1,67.7,22.3,0.143,235.0
2025-08-01,2025,8,Aug,Q3,1,Kanpur,Uttar Pradesh,Menstrual Hygiene,Pad for Dignity Drive,Individual,UPI,56735,27414,278,75.0,4,10,4,10508,7.58,98.64,60120.0,299.0,51828.0,236.0,46211.0,268.0,204.08273381294964,0.4831937957169296,3.7066666666666666,29321,-0.866,-0.5,1,67.7,22.3,0.143,235.0
2025-09-01,2025,9,Sep,Q3,1,Kanpur,Uttar Pradesh,Menstrual Hygiene,Pad for Dignity Drive,Corporate CSR,Online Portal,91222,25714,309,82.8,4,18,8,14921,7.35,83.18,56735.0,278.0,60120.0,299.0,51828.0,236.0,295.2168284789644,0.2818837561114643,3.7318840579710146,65508,-1.0,-0.0,1,67.7,22.3,0.143,235.0
2025-10-01,2025,10,Oct,Q4,1,Kanpur,Uttar Pradesh,Menstrual Hygiene,Pad for Dignity Drive,Individual,Bank Transfer,62449,27994,247,67.8,2,11,4,11303,4.61,113.15,91222.0,309.0,56735.0,278.0,60120.0,299.0,252.82995951417004,0.44826978814712803,3.6430678466076696,34455,-0.866,0.5,1,67.7,22.3,0.143,235.0
2025-11-01,2025,11,Nov,Q4,1,Kanpur,Uttar Pradesh,Menstrual Hygiene,Pad for Dignity Drive,Corporate CSR,Fundraising Event,103281,25213,309,85.7,3,19,9,15147,8.77,81.61,62449.0,247.0,91222.0,309.0,56735.0,278.0,334.24271844660194,0.24412040936861573,3.6056009334889145,78068,-0.5,0.866,1,67.7,22.3,0.143,235.0
2025-12-01,2025,12,Dec,Q4,1,Kanpur,Uttar Pradesh,Menstrual Hygiene,Pad for Dignity Drive,Corporate CSR,Online Portal,114863,27308,259,74.5,3,28,12,15590,9.11,105.38,103281.0,309.0,62449.0,247.0,91222.0,309.0,443.4864864864865,0.23774409513942696,3.476510067114094,87555,-0.0,1.0,1,67.7,22.3,0.143,235.0
2024-02-01,2024,2,Feb,Q1,0,Lucknow,Uttar Pradesh,Clothing Support,Warmth and Dignity Drive,Individual,UPI,35332,25720,175,60.9,2,7,3,7971,9.13,147.35,34627.0,178.0,34627.0,178.0,34627.0,178.0,201.89714285714285,0.7279519981886109,2.873563218390805,9612,0.866,0.5,0,67.7,22.3,0.143,235.0
2024-03-01,2024,3,Mar,Q1,0,Lucknow,Uttar Pradesh,Clothing Support,Warmth and Dignity Drive,Individual,Fundraising Event,35415,24982,210,62.3,2,7,2,7893,9.23,119.14,35332.0,175.0,34627.0,178.0,34627.0,178.0,168.64285714285714,0.7054073132853311,3.370786516853933,10433,1.0,0.0,1,67.7,22.3,0.143,235.0
2024-04-01,2024,4,Apr,Q2,0,Lucknow,Uttar Pradesh,Clothing Support,Warmth and Dignity Drive,Community Group,UPI,32779,25527,188,57.3,2,7,3,8580,7.14,135.57,35415.0,210.0,35332.0,175.0,34627.0,178.0,174.35638297872342,0.7787607919704689,3.280977312390925,7252,0.866,-0.5,0,67.7,22.3,0.143,235.0
2024-05-01,2024,5,May,Q2,0,Lucknow,Uttar Pradesh,Clothing Support,Warmth and Dignity Drive,Community Group,UPI,39625,24250,179,53.0,2,7,3,7281,9.63,135.21,32779.0,188.0,35415.0,210.0,35332.0,175.0,221.3687150837989,0.61198738170347,3.3773584905660377,15375,0.5,-0.866,0,67.7,22.3,0.143,235.0
2024-06-01,2024,6,Jun,Q2,0,Lucknow,Uttar Pradesh,Clothing Support,Warmth and Dignity Drive,Alumni Network,Fundraising Event,31854,26678,195,55.1,2,6,3,5936,5.93,136.92,39625.0,179.0,32779.0,188.0,35415.0,210.0,163.35384615384615,0.8375086331386953,3.5390199637023594,5176,0.0,-1.0,0,67.7,22.3,0.143,235.0
2024-07-01,2024,7,Jul,Q3,0,Lucknow,Uttar Pradesh,Clothing Support,Warmth and Dignity Drive,Individual,Fundraising Event,35133,26339,179,59.0,2,6,2,8425,6.66,147.02,31854.0,195.0,39625.0,179.0,32779.0,188.0,196.27374301675977,0.7496940198673612,3.0338983050847457,8794,-0.5,-0.866,0,67.7,22.3,0.143,235.0
2024-08-01,2024,8,Aug,Q3,1,Lucknow,Uttar Pradesh,Clothing Support,Warmth and Dignity Drive,Individual,UPI,38869,24984,188,56.7,2,7,2,8883,3.41,132.79,35133.0,179.0,31854.0,195.0,39625.0,179.0,206.75,0.6427744475031516,3.315696649029982,13885,-0.866,-0.5,0,67.7,22.3,0.143,235.0
2024-09-01,2024,9,Sep,Q3,1,Lucknow,Uttar Pradesh,Clothing Support,Warmth and Dignity Drive,Community Group,Online Portal,46958,25468,204,58.4,3,11,5,9097,4.23,124.57,38869.0,188.0,35133.0,179.0,31854.0,195.0,230.18627450980392,0.5423569998722263,3.493150684931507,21490,-1.0,-0.0,1,67.7,22.3,0.143,235.0
2024-10-01,2024,10,Oct,Q4,1,Lucknow,Uttar Pradesh,Clothing Support,Warmth and Dignity Drive,Community Group,UPI,44463,26827,175,58.7,2,7,3,6789,5.09,153.26,46958.0,204.0,38869.0,188.0,35133.0,179.0,254.0742857142857,0.6033555990374019,2.9812606473594547,17636,-0.866,0.5,0,67.7,22.3,0.143,235.0
2024-11-01,2024,11,Nov,Q4,1,Lucknow,Uttar Pradesh,Clothing Support,Warmth and Dignity Drive,Alumni Network,Fundraising Event,45050,27997,173,47.9,2,7,2,7593,8.81,161.69,44463.0,175.0,46958.0,204.0,38869.0,188.0,260.40462427745666,0.621465038845727,3.6116910229645094,17053,-0.5,0.866,0,67.7,22.3,0.143,235.0
2024-12-01,2024,12,Dec,Q4,1,Lucknow,Uttar Pradesh,Clothing Support,Warmth and Dignity Drive,Individual,Fundraising Event,34847,26646,205,66.2,2,6,3,8474,3.68,130.18,45050.0,173.0,44463.0,175.0,46958.0,204.0,169.98536585365855,0.7646569288604471,3.096676737160121,8201,-0.0,1.0,0,67.7,22.3,0.143,235.0
2025-01-01,2025,1,Jan,Q1,0,Lucknow,Uttar Pradesh,Clothing Support,Warmth and Dignity Drive,Corporate CSR,Fundraising Event,54539,26284,212,69.7,2,10,4,10151,9.64,124.16,34847.0,205.0,45050.0,173.0,44463.0,175.0,257.25943396226415,0.48193036175947485,3.0416068866571018,28255,0.5,0.866,1,67.7,22.3,0.143,235.0
2025-02-01,2025,2,Feb,Q1,0,Lucknow,Uttar Pradesh,Clothing Support,Warmth and Dignity Drive,Community Group,Bank Transfer,42923,25011,223,80.2,3,8,2,9523,4.58,112.13,54539.0,212.0,34847.0,205.0,45050.0,173.0,192.4798206278027,0.5826945926426391,2.7805486284289276,17912,0.866,0.5,1,67.7,22.3,0.143,235.0
2025-03-01,2025,3,Mar,Q1,0,Lucknow,Uttar Pradesh,Clothing Support,Warmth and Dignity Drive,Alumni Network,Fundraising Event,37769,24575,193,56.7,2,7,2,9261,6.51,127.23,42923.0,223.0,54539.0,212.0,34847.0,205.0,195.69430051813472,0.6506658900156213,3.403880070546737,13194,1.0,0.0,1,67.7,22.3,0.143,235.0
2025-04-01,2025,4,Apr,Q2,0,Lucknow,Uttar Pradesh,Clothing Support,Warmth and Dignity Drive,Individual,UPI,36614,25861,222,57.9,2,7,2,9891,8.03,116.37,37769.0,193.0,42923.0,223.0,54539.0,212.0,164.92792792792793,0.7063145244988256,3.83419689119171,10753,0.866,-0.5,1,67.7,22.3,0.143,235.0
2025-05-01,2025,5,May,Q2,0,Lucknow,Uttar Pradesh,Clothing Support,Warmth and Dignity Drive,Individual,Online Portal,33400,24829,211,68.8,2,7,3,9498,5.27,117.92,36614.0,222.0,37769.0,193.0,42923.0,223.0,158.29383886255926,0.7433832335329341,3.0668604651162794,8571,0.5,-0.866,1,67.7,22.3,0.143,235.0
2025-06-01,2025,6,Jun,Q2,0,Lucknow,Uttar Pradesh,Clothing Support,Warmth and Dignity Drive,Individual,Online Portal,36958,27256,182,50.5,2,7,3,6004,7.34,149.35,33400.0,211.0,36614.0,222.0,37769.0,193.0,203.06593406593407,0.7374857946858596,3.603960396039604,9702,0.0,-1.0,0,67.7,22.3,0.143,235.0
2025-07-01,2025,7,Jul,Q3,0,Lucknow,Uttar Pradesh,Clothing Support,Warmth and Dignity Drive,Corporate CSR,UPI,59566,28527,222,78.8,3,14,6,11109,4.8,128.39,36958.0,182.0,33400.0,211.0,36614.0,222.0,268.31531531531533,0.4789141456535608,2.817258883248731,31039,-0.5,-0.866,0,67.7,22.3,0.143,235.0
2025-08-01,2025,8,Aug,Q3,1,Lucknow,Uttar Pradesh,Clothing Support,Warmth and Dignity Drive,Corporate CSR,Bank Transfer,65159,27082,198,65.2,2,12,5,9347,6.12,136.76,59566.0,222.0,36958.0,182.0,33400.0,211.0,329.0858585858586,0.4156294602434046,3.03680981595092,38077,-0.866,-0.5,0,67.7,22.3,0.143,235.0
2025-09-01,2025,9,Sep,Q3,1,Lucknow,Uttar Pradesh,Clothing Support,Warmth and Dignity Drive,Corporate CSR,Fundraising Event,73187,27249,231,78.6,3,17,6,12813,7.79,117.91,65159.0,198.0,59566.0,222.0,36958.0,182.0,316.82683982683983,0.3723202208042412,2.938931297709924,45938,-1.0,-0.0,1,67.7,22.3,0.143,235.0
2025-10-01,2025,10,Oct,Q4,1,Lucknow,Uttar Pradesh,Clothing Support,Warmth and Dignity Drive,Community Group,Fundraising Event,45942,27005,214,63.5,2,10,3,9535,6.12,126.48,73187.0,231.0,65159.0,198.0,59566.0,222.0,214.6822429906542,0.5878063645466023,3.37007874015748,18937,-0.866,0.5,1,67.7,22.3,0.143,235.0
2025-11-01,2025,11,Nov,Q4,1,Lucknow,Uttar Pradesh,Clothing Support,Warmth and Dignity Drive,Community Group,Online Portal,50749,27126,234,65.3,3,12,5,10572,6.28,115.77,45942.0,214.0,73187.0,231.0,65159.0,198.0,216.8760683760684,0.5345129953299572,3.5834609494640124,23623,-0.5,0.866,1,67.7,22.3,0.143,235.0
2025-12-01,2025,12,Dec,Q4,1,Lucknow,Uttar Pradesh,Clothing Support,Warmth and Dignity Drive,Individual,UPI,45259,24358,203,68.1,2,11,4,7716,3.43,120.2,50749.0,234.0,45942.0,214.0,73187.0,231.0,222.95073891625617,0.538191298968161,2.9809104258443466,20901,-0.0,1.0,1,67.7,22.3,0.143,235.0
2024-02-01,2024,2,Feb,Q1,0,Lucknow,Uttar Pradesh,Education Support,Back to School Drive,Corporate CSR,Online Portal,87575,34184,180,61.5,2,16,7,11686,7.34,189.62,62426.0,180.0,62426.0,180.0,62426.0,180.0,486.52777777777777,0.39033970882101054,2.926829268292683,53391,0.866,0.5,0,67.7,22.3,0.143,235.0
2024-03-01,2024,3,Mar,Q1,0,Lucknow,Uttar Pradesh,Education Support,Back to School Drive,Individual,UPI,49873,37177,154,53.3,2,10,4,7791,6.21,240.89,87575.0,180.0,62426.0,180.0,62426.0,180.0,323.85064935064935,0.7454334008381288,2.8893058161350846,12696,1.0,0.0,0,67.7,22.3,0.143,235.0
2024-04-01,2024,4,Apr,Q2,0,Lucknow,Uttar Pradesh,Education Support,Back to School Drive,Community Group,UPI,60980,33223,176,66.9,2,11,4,8199,8.78,188.96,49873.0,154.0,87575.0,180.0,62426.0,180.0,346.47727272727275,0.5448179731059364,2.630792227204783,27757,0.866,-0.5,0,67.7,22.3,0.143,235.0
2024-05-01,2024,5,May,Q2,0,Lucknow,Uttar Pradesh,Education Support,Back to School Drive,Individual,UPI,42448,32465,152,59.3,2,8,4,6297,5.53,213.37,60980.0,176.0,49873.0,154.0,87575.0,180.0,279.2631578947368,0.7648181304183943,2.5632377740303545,9983,0.5,-0.866,0,67.7,22.3,0.143,235.0
2024-06-01,2024,6,Jun,Q2,0,Lucknow,Uttar Pradesh,Education Support,Back to School Drive,Corporate CSR,Fundraising Event,84604,32679,159,60.0,2,14,5,10327,4.57,205.71,42448.0,152.0,60980.0,176.0,49873.0,154.0,532.1006289308176,0.3862583329393409,2.65,51925,0.0,-1.0,0,67.7,22.3,0.143,235.0
2024-07-01,2024,7,Jul,Q3,0,Lucknow,Uttar Pradesh,Education Support,Back to School Drive,Corporate CSR,Fundraising Event,81757,37465,189,73.5,2,19,9,10355,7.95,197.91,84604.0,159.0,42448.0,152.0,60980.0,176.0,432.5767195767196,0.4582482233937155,2.5714285714285716,44292,-0.5,-0.866,0,67.7,22.3,0.143,235.0
2024-08-01,2024,8,Aug,Q3,1,Lucknow,Uttar Pradesh,Education Support,Back to School Drive,Corporate CSR,Online Portal,86297,36739,160,61.8,1,14,6,10260,5.73,228.95,81757.0,189.0,84604.0,159.0,42448.0,152.0,539.35625,0.4257274296904875,2.5889967637540456,49558,-0.866,-0.5,0,67.7,22.3,0.143,235.0
2024-09-01,2024,9,Sep,Q3,1,Lucknow,Uttar Pradesh,Education Support,Back to School Drive,Individual,Fundraising Event,56236,31293,185,65.0,2,12,5,8565,4.55,168.77,86297.0,160.0,81757.0,189.0,84604.0,159.0,303.97837837837835,0.5564584963368661,2.8461538461538463,24943,-1.0,-0.0,0,67.7,22.3,0.143,235.0
2024-10-01,2024,10,Oct,Q4,1,Lucknow,Uttar Pradesh,Education Support,Back to School Drive,Individual,UPI,55354,36468,196,77.1,2,13,6,8298,9.7,185.72,56236.0,185.0,86297.0,160.0,81757.0,189.0,282.4183673469388,0.6588141778371933,2.542153047989624,18886,-0.866,0.5,0,67.7,22.3,0.143,235.0
2024-11-01,2024,11,Nov,Q4,1,Lucknow,Uttar Pradesh,Education Support,Back to School Drive,Corporate CSR,Online Portal,91933,35675,154,64.9,1,17,5,10354,6.58,231.07,55354.0,196.0,56236.0,185.0,86297.0,160.0,596.9675324675325,0.3880543439243797,2.3728813559322033,56258,-0.5,0.866,0,67.7,22.3,0.143,235.0
2024-12-01,2024,12,Dec,Q4,1,Lucknow,Uttar Pradesh,Education Support,Back to School Drive,Community Group,Bank Transfer,68849,31973,159,68.2,2,13,6,8820,7.35,200.95,91933.0,154.0,55354.0,196.0,56236.0,185.0,433.0125786163522,0.4643930921291522,2.3313782991202343,36876,-0.0,1.0,0,67.7,22.3,0.143,235.0
2025-01-01,2025,1,Jan,Q1,0,Lucknow,Uttar Pradesh,Education Support,Back to School Drive,Individual,Bank Transfer,51440,32110,190,63.8,2,11,5,9444,7.86,169.04,68849.0,159.0,91933.0,154.0,55354.0,196.0,270.7368421052632,0.6242223950233281,2.9780564263322886,19330,0.5,0.866,0,67.7,22.3,0.143,235.0
2025-02-01,2025,2,Feb,Q1,0,Lucknow,Uttar Pradesh,Education Support,Back to School Drive,Individual,Online Portal,49502,31424,158,59.2,2,12,4,8456,8.0,199.1,51440.0,190.0,68849.0,159.0,91933.0,154.0,313.30379746835445,0.6348026342370006,2.668918918918919,18078,0.866,0.5,0,67.7,22.3,0.143,235.0
2025-03-01,2025,3,Mar,Q1,0,Lucknow,Uttar Pradesh,Education Support,Back to School Drive,Alumni Network,UPI,56763,34540,202,68.9,3,13,6,8844,6.27,170.8,49502.0,158.0,51440.0,190.0,68849.0,159.0,281.0049504950495,0.6084949703151701,2.931785195936139,22223,1.0,0.0,0,67.7,22.3,0.143,235.0
2025-04-01,2025,4,Apr,Q2,0,Lucknow,Uttar Pradesh,Education Support,Back to School Drive,Individual,UPI,55146,35635,173,60.4,2,13,6,9588,9.06,205.51,56763.0,202.0,49502.0,158.0,51440.0,190.0,318.7630057803468,0.6461937402531462,2.8642384105960264,19511,0.866,-0.5,0,67.7,22.3,0.143,235.0
2025-05-01,2025,5,May,Q2,0,Lucknow,Uttar Pradesh,Education Support,Back to School Drive,Individual,Bank Transfer,46393,33136,196,76.1,2,11,4,8251,5.19,169.11,55146.0,173.0,56763.0,202.0,49502.0,158.0,236.69897959183675,0.7142456836160628,2.5755584756898817,13257,0.5,-0.866,0,67.7,22.3,0.143,235.0
2025-06-01,2025,6,Jun,Q2,0,Lucknow,Uttar Pradesh,Education Support,Back to School Drive,Individual,Fundraising Event,54487,37098,171,72.9,2,9,3,7405,9.74,216.35,46393.0,196.0,55146.0,173.0,56763.0,202.0,318.6374269005848,0.6808596545965092,2.3456790123456788,17389,0.0,-1.0,0,67.7,22.3,0.143,235.0
2025-07-01,2025,7,Jul,Q3,0,Lucknow,Uttar Pradesh,Education Support,Back to School Drive,Alumni Network,Fundraising Event,57466,36020,177,57.2,2,10,4,8482,4.58,204.04,54487.0,171.0,46393.0,196.0,55146.0,173.0,324.6666666666667,0.6268054153760484,3.094405594405594,21446,-0.5,-0.866,0,67.7,22.3,0.143,235.0
2025-08-01,2025,8,Aug,Q3,1,Lucknow,Uttar Pradesh,Education Support,Back to School Drive,Individual,UPI,65628,36676,178,71.1,2,12,6,8936,3.9,206.13,57466.0,177.0,54487.0,171.0,46393.0,196.0,368.69662921348316,0.5588468336685561,2.5035161744022507,28952,-0.866,-0.5,0,67.7,22.3,0.143,235.0
2025-09-01,2025,9,Sep,Q3,1,Lucknow,Uttar Pradesh,Education Support,Back to School Drive,Corporate CSR,UPI,93347,32402,197,65.2,2,23,11,11860,7.08,164.86,65628.0,178.0,57466.0,177.0,54487.0,171.0,473.84263959390864,0.3471134583864506,3.0214723926380365,60945,-1.0,-0.0,0,67.7,22.3,0.143,235.0
2025-10-01,2025,10,Oct,Q4,1,Lucknow,Uttar Pradesh,Education Support,Back to School Drive,Individual,Fundraising Event,55116,33669,172,74.0,2,11,5,7730,7.09,196.12,93347.0,197.0,65628.0,178.0,57466.0,177.0,320.4418604651163,0.6108752449379491,2.324324324324324,21447,-0.866,0.5,0,67.7,22.3,0.143,235.0
2025-11-01,2025,11,Nov,Q4,1,Lucknow,Uttar Pradesh,Education Support,Back to School Drive,Individual,UPI,65918,36445,168,56.1,2,12,4,9317,7.98,216.67,55116.0,172.0,93347.0,197.0,65628.0,178.0,392.3690476190476,0.5528838860402318,2.9946524064171123,29473,-0.5,0.866,0,67.7,22.3,0.143,235.0
2025-12-01,2025,12,Dec,Q4,1,Lucknow,Uttar Pradesh,Education Support,Back to School Drive,Corporate CSR,Fundraising Event,100121,36361,171,59.8,2,22,9,12345,3.68,212.59,65918.0,168.0,55116.0,172.0,93347.0,197.0,585.5029239766081,0.3631705636180222,2.859531772575251,63760,-0.0,1.0,0,67.7,22.3,0.143,235.0
2024-02-01,2024,2,Feb,Q1,0,Lucknow,Uttar Pradesh,Food Distribution,Meal Support Campaign,Individual,UPI,41109,38177,248,90.7,3,10,4,7991,4.61,154.24,38661.0,264.0,38661.0,264.0,38661.0,264.0,165.76209677419354,0.9286774185701427,2.7342888643880925,2932,0.866,0.5,0,67.7,22.3,0.143,235.0
2024-03-01,2024,3,Mar,Q1,0,Lucknow,Uttar Pradesh,Food Distribution,Meal Support Campaign,Individual,Bank Transfer,44045,42246,269,97.7,3,8,3,11988,6.55,157.19,41109.0,248.0,38661.0,264.0,38661.0,264.0,163.73605947955392,0.9591554092405494,2.7533265097236437,1799,1.0,0.0,0,67.7,22.3,0.143,235.0
2024-04-01,2024,4,Apr,Q2,0,Lucknow,Uttar Pradesh,Food Distribution,Meal Support Campaign,Individual,Fundraising Event,37560,41766,292,109.6,3,7,3,7926,9.33,143.0,44045.0,269.0,41109.0,248.0,38661.0,264.0,128.63013698630138,1.1119808306709265,2.664233576642336,-4206,0.866,-0.5,0,67.7,22.3,0.143,235.0
2024-05-01,2024,5,May,Q2,0,Lucknow,Uttar Pradesh,Food Distribution,Meal Support Campaign,Individual,Bank Transfer,39541,42715,285,91.8,4,9,4,12153,3.44,149.96,37560.0,292.0,44045.0,269.0,41109.0,248.0,138.74035087719298,1.0802711109987102,3.104575163398693,-3174,0.5,-0.866,0,67.7,22.3,0.143,235.0
2024-06-01,2024,6,Jun,Q2,0,Lucknow,Uttar Pradesh,Food Distribution,Meal Support Campaign,Corporate CSR,Fundraising Event,67680,42605,277,96.6,3,13,5,14054,5.8,153.6,39541.0,285.0,37560.0,292.0,44045.0,269.0,244.33212996389892,0.6295065011820331,2.867494824016563,25075,0.0,-1.0,0,67.7,22.3,0.143,235.0
2024-07-01,2024,7,Jul,Q3,0,Lucknow,Uttar Pradesh,Food Distribution,Meal Support Campaign,Corporate CSR,UPI,72556,36313,300,107.4,4,19,6,13863,3.65,121.21,67680.0,277.0,39541.0,285.0,37560.0,292.0,241.85333333333332,0.5004823860190749,2.793296089385475,36243,-0.5,-0.866,1,67.7,22.3,0.143,235.0
2024-08-01,2024,8,Aug,Q3,1,Lucknow,Uttar Pradesh,Food Distribution,Meal Support Campaign,Corporate CSR,Online Portal,73698,41155,276,87.7,4,14,7,11522,3.42,149.38,72556.0,300.0,67680.0,277.0,39541.0,285.0,267.0217391304348,0.5584276371136259,3.14709236031927,32543,-0.866,-0.5,0,67.7,22.3,0.143,235.0
2024-09-01,2024,9,Sep,Q3,1,Lucknow,Uttar Pradesh,Food Distribution,Meal Support Campaign,Alumni Network,Online Portal,47967,43281,245,85.0,3,8,4,9950,7.83,176.8,73698.0,276.0,72556.0,300.0,67680.0,277.0,195.78367346938776,0.9023078366376884,2.8823529411764706,4686,-1.0,-0.0,0,67.7,22.3,0.143,235.0
2024-10-01,2024,10,Oct,Q4,1,Lucknow,Uttar Pradesh,Food Distribution,Meal Support Campaign,Alumni Network,Bank Transfer,44231,43237,274,86.9,2,8,4,9191,9.21,158.06,47967.0,245.0,73698.0,276.0,72556.0,300.0,161.42700729927006,0.977527073771789,3.153049482163406,994,-0.866,0.5,0,67.7,22.3,0.143,235.0
2024-11-01,2024,11,Nov,Q4,1,Lucknow,Uttar Pradesh,Food Distribution,Meal Support Campaign,Community Group,UPI,63558,39311,292,109.6,4,16,8,14047,8.82,134.72,44231.0,274.0,47967.0,245.0,73698.0,276.0,217.66438356164383,0.6185059315900437,2.664233576642336,24247,-0.5,0.866,0,67.7,22.3,0.143,235.0
2024-12-01,2024,12,Dec,Q4,1,Lucknow,Uttar Pradesh,Food Distribution,Meal Support Campaign,Individual,Online Portal,53117,42175,260,94.9,3,11,5,8888,7.73,162.16,63558.0,292.0,44231.0,274.0,47967.0,245.0,204.29615384615386,0.7940019202891729,2.73972602739726,10942,-0.0,1.0,0,67.7,22.3,0.143,235.0
2025-01-01,2025,1,Jan,Q1,0,Lucknow,Uttar Pradesh,Food Distribution,Meal Support Campaign,Individual,UPI,46509,39137,309,103.5,4,10,4,11826,7.98,126.74,53117.0,260.0,63558.0,292.0,44231.0,274.0,150.51456310679612,0.8414930443570062,2.9855072463768115,7372,0.5,0.866,1,67.7,22.3,0.143,235.0
2025-02-01,2025,2,Feb,Q1,0,Lucknow,Uttar Pradesh,Food Distribution,Meal Support Campaign,Individual,Bank Transfer,38951,38806,264,93.7,3,8,4,7602,3.73,147.04,46509.0,309.0,53117.0,260.0,63558.0,292.0,147.54166666666666,0.9962773741367359,2.8175026680896478,145,0.866,0.5,0,67.7,22.3,0.143,235.0
2025-03-01,2025,3,Mar,Q1,0,Lucknow,Uttar Pradesh,Food Distribution,Meal Support Campaign,Alumni Network,UPI,47089,42043,270,92.1,2,12,6,11038,4.73,155.97,38951.0,264.0,46509.0,309.0,53117.0,260.0,174.4037037037037,0.8928412155705154,2.9315960912052117,5046,1.0,0.0,0,67.7,22.3,0.143,235.0
2025-04-01,2025,4,Apr,Q2,0,Lucknow,Uttar Pradesh,Food Distribution,Meal Support Campaign,Individual,Bank Transfer,39608,42793,252,85.3,2,8,3,9742,8.91,169.56,47089.0,270.0,38951.0,264.0,46509.0,309.0,157.17460317460316,1.0804130478691174,2.954279015240328,-3185,0.866,-0.5,0,67.7,22.3,0.143,235.0
2025-05-01,2025,5,May,Q2,0,Lucknow,Uttar Pradesh,Food Distribution,Meal Support Campaign,Community Group,Bank Transfer,49040,38967,307,87.8,3,12,6,11192,7.68,127.13,39608.0,252.0,47089.0,270.0,38951.0,264.0,159.73941368078175,0.7945962479608483,3.496583143507973,10073,0.5,-0.866,1,67.7,22.3,0.143,235.0
2025-06-01,2025,6,Jun,Q2,0,Lucknow,Uttar Pradesh,Food Distribution,Meal Support Campaign,Community Group,UPI,54888,41677,284,98.0,4,11,3,12532,7.77,146.9,49040.0,307.0,39608.0,252.0,47089.0,270.0,193.26760563380282,0.7593098673662732,2.8979591836734695,13211,0.0,-1.0,0,67.7,22.3,0.143,235.0
2025-07-01,2025,7,Jul,Q3,0,Lucknow,Uttar Pradesh,Food Distribution,Meal Support Campaign,Alumni Network,Online Portal,54449,36339,316,111.8,3,14,4,13605,6.59,114.97,54888.0,284.0,49040.0,307.0,39608.0,252.0,172.30696202531647,0.6673951771382395,2.8264758497316635,18110,-0.5,-0.866,1,67.7,22.3,0.143,235.0
2025-08-01,2025,8,Aug,Q3,1,Lucknow,Uttar Pradesh,Food Distribution,Meal Support Campaign,Individual,Fundraising Event,49913,40252,276,89.2,3,8,3,10439,7.71,146.01,54449.0,316.0,54888.0,284.0,49040.0,307.0,180.84420289855072,0.8064432111874662,3.094170403587444,9661,-0.866,-0.5,0,67.7,22.3,0.143,235.0
2025-09-01,2025,9,Sep,Q3,1,Lucknow,Uttar Pradesh,Food Distribution,Meal Support Campaign,Individual,Online Portal,52454,43054,278,101.3,4,12,6,11507,8.95,154.86,49913.0,276.0,54449.0,316.0,54888.0,284.0,188.68345323741008,0.8207953635566401,2.7443237907206317,9400,-1.0,-0.0,0,67.7,22.3,0.143,235.0
2025-10-01,2025,10,Oct,Q4,1,Lucknow,Uttar Pradesh,Food Distribution,Meal Support Campaign,Individual,Fundraising Event,56872,41971,276,89.1,4,12,6,10989,6.98,152.33,52454.0,278.0,49913.0,276.0,54449.0,316.0,206.05797101449275,0.7379905753270503,3.0976430976430978,14901,-0.866,0.5,0,67.7,22.3,0.143,235.0
2025-11-01,2025,11,Nov,Q4,1,Lucknow,Uttar Pradesh,Food Distribution,Meal Support Campaign,Individual,Bank Transfer,48243,36846,263,87.8,3,9,3,10688,6.77,140.02,56872.0,276.0,52454.0,278.0,49913.0,276.0,183.43346007604563,0.7637584727317953,2.995444191343964,11397,-0.5,0.866,0,67.7,22.3,0.143,235.0
2025-12-01,2025,12,Dec,Q4,1,Lucknow,Uttar Pradesh,Food Distribution,Meal Support Campaign,Corporate CSR,Online Portal,90079,42378,322,100.8,5,22,11,14334,8.14,131.8,48243.0,263.0,56872.0,276.0,52454.0,278.0,279.74844720496895,0.47045371285205206,3.1944444444444446,47701,-0.0,1.0,0,67.7,22.3,0.143,235.0
2024-02-01,2024,2,Feb,Q1,0,Lucknow,Uttar Pradesh,Health Awareness,Community Wellness Camp,Corporate CSR,Fundraising Event,54096,24474,188,58.5,2,13,5,7900,7.31,130.17,46466.0,226.0,46466.0,226.0,46466.0,226.0,287.74468085106383,0.45241792369121564,3.213675213675214,29622,0.866,0.5,0,67.7,22.3,0.143,235.0
2024-03-01,2024,3,Mar,Q1,0,Lucknow,Uttar Pradesh,Health Awareness,Community Wellness Camp,Individual,Bank Transfer,33222,25280,190,57.3,2,6,2,7398,6.22,133.33,54096.0,188.0,46466.0,226.0,46466.0,226.0,174.85263157894738,0.7609415447594967,3.315881326352531,7942,1.0,0.0,0,67.7,22.3,0.143,235.0
2024-04-01,2024,4,Apr,Q2,0,Lucknow,Uttar Pradesh,Health Awareness,Community Wellness Camp,Community Group,Bank Transfer,34352,25960,225,61.0,2,7,3,7442,8.18,115.48,33222.0,190.0,54096.0,188.0,46466.0,226.0,152.67555555555555,0.755705635770843,3.6885245901639343,8392,0.866,-0.5,1,67.7,22.3,0.143,235.0
2024-05-01,2024,5,May,Q2,0,Lucknow,Uttar Pradesh,Health Awareness,Community Wellness Camp,Corporate CSR,Online Portal,49684,23993,237,59.9,3,10,5,8611,5.14,101.36,34352.0,225.0,33222.0,190.0,54096.0,188.0,209.63713080168776,0.4829120038644232,3.956594323873122,25691,0.5,-0.866,1,67.7,22.3,0.143,235.0
2024-06-01,2024,6,Jun,Q2,0,Lucknow,Uttar Pradesh,Health Awareness,Community Wellness Camp,Corporate CSR,UPI,59615,27454,199,67.6,3,11,5,9665,7.49,138.01,49684.0,237.0,34352.0,225.0,33222.0,190.0,299.57286432160805,0.4605216807850373,2.943786982248521,32161,0.0,-1.0,0,67.7,22.3,0.143,235.0
2024-07-01,2024,7,Jul,Q3,0,Lucknow,Uttar Pradesh,Health Awareness,Community Wellness Camp,Individual,Fundraising Event,38713,24822,208,58.5,2,7,4,7303,7.71,119.42,59615.0,199.0,49684.0,237.0,34352.0,225.0,186.12019230769232,0.6411799653863044,3.5555555555555554,13891,-0.5,-0.866,1,67.7,22.3,0.143,235.0
2024-08-01,2024,8,Aug,Q3,1,Lucknow,Uttar Pradesh,Health Awareness,Community Wellness Camp,Individual,UPI,36884,26696,253,67.7,2,7,3,9990,7.38,105.65,38713.0,208.0,59615.0,199.0,49684.0,237.0,145.78656126482213,0.7237826699924086,3.7370753323485966,10188,-0.866,-0.5,1,67.7,22.3,0.143,235.0
2024-09-01,2024,9,Sep,Q3,1,Lucknow,Uttar Pradesh,Health Awareness,Community Wellness Camp,Individual,Online Portal,35816,24682,201,64.4,2,7,3,6498,8.53,122.55,36884.0,253.0,38713.0,208.0,59615.0,199.0,178.18905472636817,0.6891333482242573,3.12111801242236,11134,-1.0,-0.0,1,67.7,22.3,0.143,235.0
2024-10-01,2024,10,Oct,Q4,1,Lucknow,Uttar Pradesh,Health Awareness,Community Wellness Camp,Corporate CSR,Fundraising Event,70860,26116,211,63.5,2,16,6,11375,7.69,123.62,35816.0,201.0,36884.0,253.0,38713.0,208.0,335.8293838862559,0.3685577194467965,3.322834645669291,44744,-0.866,0.5,1,67.7,22.3,0.143,235.0
2024-11-01,2024,11,Nov,Q4,1,Lucknow,Uttar Pradesh,Health Awareness,Community Wellness Camp,Community Group,Bank Transfer,43390,23287,239,80.4,3,9,4,10504,7.68,97.5,70860.0,211.0,35816.0,201.0,36884.0,253.0,181.5481171548117,0.536690481677806,2.972636815920398,20103,-0.5,0.866,1,67.7,22.3,0.143,235.0
2024-12-01,2024,12,Dec,Q4,1,Lucknow,Uttar Pradesh,Health Awareness,Community Wellness Camp,Alumni Network,UPI,41420,25966,240,65.3,2,9,4,7403,4.23,108.38,43390.0,239.0,70860.0,211.0,35816.0,201.0,172.58333333333334,0.6268952197006277,3.6753445635528332,15454,-0.0,1.0,1,67.7,22.3,0.143,235.0
2025-01-01,2025,1,Jan,Q1,0,Lucknow,Uttar Pradesh,Health Awareness,Community Wellness Camp,Individual,Fundraising Event,38708,24723,220,66.5,2,7,2,7070,5.08,112.19,41420.0,240.0,43390.0,239.0,70860.0,211.0,175.94545454545454,0.6387051772243464,3.308270676691729,13985,0.5,0.866,1,67.7,22.3,0.143,235.0
2025-02-01,2025,2,Feb,Q1,0,Lucknow,Uttar Pradesh,Health Awareness,Community Wellness Camp,Individual,Fundraising Event,41450,26346,210,66.5,2,10,4,7808,5.58,125.75,38708.0,220.0,41420.0,240.0,43390.0,239.0,197.38095238095238,0.6356091676718938,3.1578947368421053,15104,0.866,0.5,1,67.7,22.3,0.143,235.0
2025-03-01,2025,3,Mar,Q1,0,Lucknow,Uttar Pradesh,Health Awareness,Community Wellness Camp,Community Group,Fundraising Event,50838,26773,256,63.6,3,11,3,12019,7.54,104.42,41450.0,210.0,38708.0,220.0,41420.0,240.0,198.5859375,0.5266336205200834,4.0251572327044025,24065,1.0,0.0,1,67.7,22.3,0.143,235.0
2025-04-01,2025,4,Apr,Q2,0,Lucknow,Uttar Pradesh,Health Awareness,Community Wellness Camp,Corporate CSR,Fundraising Event,53817,26664,257,86.2,3,13,6,10477,7.91,103.89,50838.0,256.0,41450.0,210.0,38708.0,220.0,209.4046692607004,0.49545682591002843,2.9814385150812064,27153,0.866,-0.5,1,67.7,22.3,0.143,235.0
2025-05-01,2025,5,May,Q2,0,Lucknow,Uttar Pradesh,Health Awareness,Community Wellness Camp,Individual,UPI,37665,23191,204,52.0,2,9,3,7028,3.36,113.82,53817.0,257.0,50838.0,256.0,41450.0,210.0,184.63235294117646,0.6157175096243197,3.923076923076923,14474,0.5,-0.866,1,67.7,22.3,0.143,235.0
2025-06-01,2025,6,Jun,Q2,0,Lucknow,Uttar Pradesh,Health Awareness,Community Wellness Camp,Individual,Fundraising Event,38677,26445,223,69.7,2,7,2,9233,7.3,118.61,37665.0,204.0,53817.0,257.0,50838.0,256.0,173.4394618834081,0.6837396902551904,3.1994261119081777,12232,0.0,-1.0,1,67.7,22.3,0.143,235.0
2025-07-01,2025,7,Jul,Q3,0,Lucknow,Uttar Pradesh,Health Awareness,Community Wellness Camp,Corporate CSR,UPI,74116,25453,254,79.9,2,17,8,10257,7.99,100.23,38677.0,223.0,37665.0,204.0,53817.0,257.0,291.79527559055117,0.3434211236440175,3.178973717146433,48663,-0.5,-0.866,1,67.7,22.3,0.143,235.0
2025-08-01,2025,8,Aug,Q3,1,Lucknow,Uttar Pradesh,Health Awareness,Community Wellness Camp,Individual,Online Portal,47121,24418,265,89.1,3,10,5,8851,6.1,92.05,74116.0,254.0,38677.0,223.0,37665.0,204.0,177.81509433962265,0.5181978311156384,2.974186307519641,22703,-0.866,-0.5,1,67.7,22.3,0.143,235.0
2025-09-01,2025,9,Sep,Q3,1,Lucknow,Uttar Pradesh,Health Awareness,Community Wellness Camp,Individual,UPI,39373,26079,249,71.6,3,7,2,8470,6.26,104.61,47121.0,265.0,74116.0,254.0,38677.0,223.0,158.12449799196787,0.6623574530769817,3.4776536312849164,13294,-1.0,-0.0,1,67.7,22.3,0.143,235.0
2025-10-01,2025,10,Oct,Q4,1,Lucknow,Uttar Pradesh,Health Awareness,Community Wellness Camp,Individual,UPI,47356,25719,254,82.0,2,9,3,10295,4.47,101.08,39373.0,249.0,47121.0,265.0,74116.0,254.0,186.44094488188978,0.5430990793141313,3.097560975609756,21637,-0.866,0.5,1,67.7,22.3,0.143,235.0
2025-11-01,2025,11,Nov,Q4,1,Lucknow,Uttar Pradesh,Health Awareness,Community Wellness Camp,Corporate CSR,Fundraising Event,77349,23785,237,68.5,2,19,6,10251,4.67,100.37,47356.0,254.0,39373.0,249.0,47121.0,265.0,326.36708860759495,0.30750235943580395,3.45985401459854,53564,-0.5,0.866,1,67.7,22.3,0.143,235.0
2025-12-01,2025,12,Dec,Q4,1,Lucknow,Uttar Pradesh,Health Awareness,Community Wellness Camp,Corporate CSR,Bank Transfer,76634,26102,214,63.3,2,14,4,12172,6.13,122.02,77349.0,237.0,47356.0,254.0,39373.0,249.0,358.10280373831773,0.3406059973379962,3.3807266982622433,50532,-0.0,1.0,1,67.7,22.3,0.143,235.0
2024-02-01,2024,2,Feb,Q1,0,Lucknow,Uttar Pradesh,Menstrual Hygiene,Pad for Dignity Drive,Individual,Fundraising Event,34814,20994,195,54.1,2,7,3,8706,8.25,107.44,36027.0,224.0,36027.0,224.0,36027.0,224.0,178.53333333333333,0.6030332624806113,3.6044362292051755,13820,0.866,0.5,1,67.7,22.3,0.143,235.0
2024-03-01,2024,3,Mar,Q1,0,Lucknow,Uttar Pradesh,Menstrual Hygiene,Pad for Dignity Drive,Community Group,Fundraising Event,45362,22573,219,65.7,2,9,4,8458,8.23,102.88,34814.0,195.0,36027.0,224.0,36027.0,224.0,207.1324200913242,0.49761915259468276,3.333333333333333,22789,1.0,0.0,1,67.7,22.3,0.143,235.0
2024-04-01,2024,4,Apr,Q2,0,Lucknow,Uttar Pradesh,Menstrual Hygiene,Pad for Dignity Drive,Community Group,Fundraising Event,34945,23215,190,61.5,2,8,3,7950,3.66,122.2,45362.0,219.0,34814.0,195.0,36027.0,224.0,183.92105263157896,0.6643296608956932,3.089430894308943,11730,0.866,-0.5,1,67.7,22.3,0.143,235.0
2024-05-01,2024,5,May,Q2,0,Lucknow,Uttar Pradesh,Menstrual Hygiene,Pad for Dignity Drive,Individual,Bank Transfer,35403,21295,193,53.1,2,7,2,8047,5.09,110.1,34945.0,190.0,45362.0,219.0,34814.0,195.0,183.43523316062175,0.6015026975115103,3.6346516007532954,14108,0.5,-0.866,1,67.7,22.3,0.143,235.0
2024-06-01,2024,6,Jun,Q2,0,Lucknow,Uttar Pradesh,Menstrual Hygiene,Pad for Dignity Drive,Individual,Bank Transfer,33735,23109,193,52.1,2,8,3,6523,6.75,119.73,35403.0,193.0,34945.0,190.0,45362.0,219.0,174.79274611398964,0.6850155624722098,3.7044145873320535,10626,0.0,-1.0,1,67.7,22.3,0.143,235.0
2024-07-01,2024,7,Jul,Q3,0,Lucknow,Uttar Pradesh,Menstrual Hygiene,Pad for Dignity Drive,Individual,Bank Transfer,37852,22773,199,59.6,2,8,3,6357,6.84,114.51,33735.0,193.0,35403.0,193.0,34945.0,190.0,190.2110552763819,0.6016326746274966,3.338926174496644,15079,-0.5,-0.866,1,67.7,22.3,0.143,235.0
2024-08-01,2024,8,Aug,Q3,1,Lucknow,Uttar Pradesh,Menstrual Hygiene,Pad for Dignity Drive,Individual,Fundraising Event,36175,23352,205,63.3,2,9,3,8829,8.63,114.07,37852.0,199.0,33735.0,193.0,35403.0,193.0,176.46341463414635,0.6455286800276434,3.2385466034755135,12823,-0.866,-0.5,1,67.7,22.3,0.143,235.0
2024-09-01,2024,9,Sep,Q3,1,Lucknow,Uttar Pradesh,Menstrual Hygiene,Pad for Dignity Drive,Individual,UPI,40532,22897,209,57.2,2,10,4,7151,5.13,109.77,36175.0,205.0,37852.0,199.0,33735.0,193.0,193.93301435406698,0.5649116747261423,3.6538461538461537,17635,-1.0,-0.0,1,67.7,22.3,0.143,235.0
2024-10-01,2024,10,Oct,Q4,1,Lucknow,Uttar Pradesh,Menstrual Hygiene,Pad for Dignity Drive,Alumni Network,UPI,38652,22548,213,67.6,2,6,2,9007,7.08,106.03,40532.0,209.0,36175.0,205.0,37852.0,199.0,181.46478873239437,0.5833592052157714,3.1508875739644973,16104,-0.866,0.5,1,67.7,22.3,0.143,235.0
2024-11-01,2024,11,Nov,Q4,1,Lucknow,Uttar Pradesh,Menstrual Hygiene,Pad for Dignity Drive,Individual,Fundraising Event,40869,23843,189,60.6,3,10,4,7421,9.1,126.23,38652.0,213.0,40532.0,209.0,36175.0,205.0,216.23809523809524,0.5834006214979569,3.118811881188119,17026,-0.5,0.866,1,67.7,22.3,0.143,235.0
2024-12-01,2024,12,Dec,Q4,1,Lucknow,Uttar Pradesh,Menstrual Hygiene,Pad for Dignity Drive,Individual,Fundraising Event,38067,21035,188,48.9,3,7,3,7396,6.18,112.18,40869.0,189.0,38652.0,213.0,40532.0,209.0,202.4840425531915,0.5525783487009746,3.8445807770961147,17032,-0.0,1.0,1,67.7,22.3,0.143,235.0
2025-01-01,2025,1,Jan,Q1,0,Lucknow,Uttar Pradesh,Menstrual Hygiene,Pad for Dignity Drive,Alumni Network,Online Portal,41970,23084,214,62.9,2,7,3,8430,4.53,107.74,38067.0,188.0,40869.0,189.0,38652.0,213.0,196.1214953271028,0.5500119132713843,3.4022257551669317,18886,0.5,0.866,1,67.7,22.3,0.143,235.0
2025-02-01,2025,2,Feb,Q1,0,Lucknow,Uttar Pradesh,Menstrual Hygiene,Pad for Dignity Drive,Community Group,Bank Transfer,42537,20425,230,64.8,3,7,3,10277,4.0,88.75,41970.0,214.0,38067.0,188.0,40869.0,189.0,184.94347826086957,0.4801702047629123,3.549382716049383,22112,0.866,0.5,1,67.7,22.3,0.143,235.0
2025-03-01,2025,3,Mar,Q1,0,Lucknow,Uttar Pradesh,Menstrual Hygiene,Pad for Dignity Drive,Individual,UPI,44211,22645,215,52.7,3,7,3,9563,3.46,105.55,42537.0,230.0,41970.0,214.0,38067.0,188.0,205.6325581395349,0.5122028454457036,4.0796963946869065,21566,1.0,0.0,1,67.7,22.3,0.143,235.0
2025-04-01,2025,4,Apr,Q2,0,Lucknow,Uttar Pradesh,Menstrual Hygiene,Pad for Dignity Drive,Community Group,Fundraising Event,47742,20390,203,65.0,2,8,3,8939,4.36,100.29,44211.0,215.0,42537.0,230.0,41970.0,214.0,235.1822660098522,0.42708726069289094,3.123076923076923,27352,0.866,-0.5,1,67.7,22.3,0.143,235.0
2025-05-01,2025,5,May,Q2,0,Lucknow,Uttar Pradesh,Menstrual Hygiene,Pad for Dignity Drive,Alumni Network,UPI,35123,21477,220,69.5,2,7,2,7392,8.5,97.78,47742.0,203.0,44211.0,215.0,42537.0,230.0,159.65,0.6114796572046807,3.1654676258992804,13646,0.5,-0.866,1,67.7,22.3,0.143,235.0
2025-06-01,2025,6,Jun,Q2,0,Lucknow,Uttar Pradesh,Menstrual Hygiene,Pad for Dignity Drive,Individual,Bank Transfer,36674,22829,207,50.9,2,8,4,9209,8.13,110.3,35123.0,220.0,47742.0,203.0,44211.0,215.0,177.16908212560386,0.6224845939902929,4.06679764243615,13845,0.0,-1.0,1,67.7,22.3,0.143,235.0
2025-07-01,2025,7,Jul,Q3,0,Lucknow,Uttar Pradesh,Menstrual Hygiene,Pad for Dignity Drive,Individual,UPI,47382,21442,193,46.0,3,11,5,8854,4.52,111.02,36674.0,207.0,35123.0,220.0,47742.0,203.0,245.50259067357513,0.4525347178253345,4.195652173913044,25940,-0.5,-0.866,1,67.7,22.3,0.143,235.0
2025-08-01,2025,8,Aug,Q3,1,Lucknow,Uttar Pradesh,Menstrual Hygiene,Pad for Dignity Drive,Alumni Network,Bank Transfer,46243,23685,234,56.1,2,9,4,10084,9.41,101.11,47382.0,193.0,36674.0,207.0,35123.0,220.0,197.6196581196581,0.5121856280950631,4.171122994652406,22558,-0.866,-0.5,1,67.7,22.3,0.143,235.0
2025-09-01,2025,9,Sep,Q3,1,Lucknow,Uttar Pradesh,Menstrual Hygiene,Pad for Dignity Drive,Individual,UPI,39208,20933,200,56.3,2,7,4,8384,6.41,104.86,46243.0,234.0,47382.0,193.0,36674.0,207.0,196.04,0.5338961436441543,3.552397868561279,18275,-1.0,-0.0,1,67.7,22.3,0.143,235.0
2025-10-01,2025,10,Oct,Q4,1,Lucknow,Uttar Pradesh,Menstrual Hygiene,Pad for Dignity Drive,Corporate CSR,Fundraising Event,82603,23258,222,65.4,2,16,6,12041,6.16,104.63,39208.0,200.0,46243.0,234.0,47382.0,193.0,372.0855855855856,0.28156362359720594,3.3944954128440363,59345,-0.866,0.5,1,67.7,22.3,0.143,235.0
2025-11-01,2025,11,Nov,Q4,1,Lucknow,Uttar Pradesh,Menstrual Hygiene,Pad for Dignity Drive,Individual,Online Portal,44703,21804,215,51.3,2,8,2,8921,8.71,101.2,82603.0,222.0,39208.0,200.0,46243.0,234.0,207.92093023255813,0.487752499832226,4.1910331384015596,22899,-0.5,0.866,1,67.7,22.3,0.143,235.0
2025-12-01,2025,12,Dec,Q4,1,Lucknow,Uttar Pradesh,Menstrual Hygiene,Pad for Dignity Drive,Corporate CSR,UPI,73292,23304,236,65.6,3,16,5,13042,7.21,98.86,44703.0,215.0,82603.0,222.0,39208.0,200.0,310.5593220338983,0.31796103258200076,3.5975609756097566,49988,-0.0,1.0,1,67.7,22.3,0.143,235.0
2024-02-01,2024,2,Feb,Q1,0,Patna,Bihar,Clothing Support,Warmth and Dignity Drive,Corporate CSR,Fundraising Event,42083,23782,146,42.7,1,8,3,5866,9.46,162.97,28882.0,173.0,28882.0,173.0,28882.0,173.0,288.23972602739724,0.5651213078915477,3.4192037470725993,18301,0.866,0.5,0,61.8,11.3,0.171,127.9
2024-03-01,2024,3,Mar,Q1,0,Patna,Bihar,Clothing Support,Warmth and Dignity Drive,Individual,UPI,30597,21712,165,50.1,2,5,2,5977,8.13,131.26,42083.0,146.0,28882.0,173.0,28882.0,173.0,185.43636363636364,0.7096120534692943,3.2934131736526946,8885,1.0,0.0,0,61.8,11.3,0.171,127.9
2024-04-01,2024,4,Apr,Q2,0,Patna,Bihar,Clothing Support,Warmth and Dignity Drive,Community Group,UPI,32565,20669,181,57.6,2,6,3,7740,3.47,114.41,30597.0,165.0,42083.0,146.0,28882.0,173.0,179.91712707182322,0.6346998311070168,3.142361111111111,11896,0.866,-0.5,1,61.8,11.3,0.171,127.9
2024-05-01,2024,5,May,Q2,0,Patna,Bihar,Clothing Support,Warmth and Dignity Drive,Alumni Network,UPI,26848,21717,169,58.7,2,5,2,7549,6.06,128.63,32565.0,181.0,30597.0,165.0,42083.0,146.0,158.8639053254438,0.8088870679380215,2.8790459965928448,5131,0.5,-0.866,0,61.8,11.3,0.171,127.9
2024-06-01,2024,6,Jun,Q2,0,Patna,Bihar,Clothing Support,Warmth and Dignity Drive,Individual,UPI,24976,22521,164,51.9,2,5,2,5011,4.56,137.29,26848.0,169.0,32565.0,181.0,30597.0,165.0,152.29268292682926,0.9017056374119155,3.159922928709056,2455,0.0,-1.0,0,61.8,11.3,0.171,127.9
2024-07-01,2024,7,Jul,Q3,0,Patna,Bihar,Clothing Support,Warmth and Dignity Drive,Individual,Online Portal,28977,24278,145,50.7,1,6,2,5611,4.12,167.79,24976.0,164.0,26848.0,169.0,32565.0,181.0,199.84137931034482,0.8378369051316561,2.8599605522682445,4699,-0.5,-0.866,0,61.8,11.3,0.171,127.9
2024-08-01,2024,8,Aug,Q3,1,Patna,Bihar,Clothing Support,Warmth and Dignity Drive,Corporate CSR,Online Portal,45998,23975,172,61.9,2,11,3,7650,8.02,139.0,28977.0,145.0,24976.0,164.0,26848.0,169.0,267.43023255813955,0.5212183138397322,2.778675282714055,22023,-0.866,-0.5,0,61.8,11.3,0.171,127.9
2024-09-01,2024,9,Sep,Q3,1,Patna,Bihar,Clothing Support,Warmth and Dignity Drive,Individual,Bank Transfer,29463,24391,179,47.2,2,7,3,7598,5.54,136.39,45998.0,172.0,28977.0,145.0,24976.0,164.0,164.5977653631285,0.8278518820215185,3.792372881355932,5072,-1.0,-0.0,0,61.8,11.3,0.171,127.9
2024-10-01,2024,10,Oct,Q4,1,Patna,Bihar,Clothing Support,Warmth and Dignity Drive,Individual,Fundraising Event,33374,22179,180,48.4,2,6,3,6744,7.47,123.07,29463.0,179.0,45998.0,172.0,28977.0,145.0,185.4111111111111,0.6645592377299694,3.71900826446281,11195,-0.866,0.5,1,61.8,11.3,0.171,127.9
2024-11-01,2024,11,Nov,Q4,1,Patna,Bihar,Clothing Support,Warmth and Dignity Drive,Community Group,Online Portal,36441,23598,176,47.4,2,8,4,6968,6.22,133.76,33374.0,180.0,29463.0,179.0,45998.0,172.0,207.05113636363637,0.6475673005680415,3.7130801687763713,12843,-0.5,0.866,0,61.8,11.3,0.171,127.9
2024-12-01,2024,12,Dec,Q4,1,Patna,Bihar,Clothing Support,Warmth and Dignity Drive,Corporate CSR,Bank Transfer,63528,22876,170,61.2,2,11,4,8621,8.3,134.6,36441.0,176.0,33374.0,180.0,29463.0,179.0,373.6941176470588,0.3600931872560131,2.7777777777777777,40652,-0.0,1.0,0,61.8,11.3,0.171,127.9
2025-01-01,2025,1,Jan,Q1,0,Patna,Bihar,Clothing Support,Warmth and Dignity Drive,Individual,UPI,31626,23288,167,43.2,2,6,2,6939,4.91,139.65,63528.0,170.0,36441.0,176.0,33374.0,180.0,189.37724550898204,0.7363561626509834,3.8657407407407405,8338,0.5,0.866,0,61.8,11.3,0.171,127.9
2025-02-01,2025,2,Feb,Q1,0,Patna,Bihar,Clothing Support,Warmth and Dignity Drive,Corporate CSR,UPI,50558,20688,174,61.5,2,10,5,7226,8.49,118.66,31626.0,167.0,63528.0,170.0,36441.0,176.0,290.5632183908046,0.409193401637723,2.8292682926829267,29870,0.866,0.5,1,61.8,11.3,0.171,127.9
2025-03-01,2025,3,Mar,Q1,0,Patna,Bihar,Clothing Support,Warmth and Dignity Drive,Corporate CSR,UPI,53591,23918,168,44.1,1,11,4,9137,6.88,142.17,50558.0,174.0,31626.0,167.0,63528.0,170.0,318.9940476190476,0.44630628277136086,3.8095238095238093,29673,1.0,0.0,0,61.8,11.3,0.171,127.9
2025-04-01,2025,4,Apr,Q2,0,Patna,Bihar,Clothing Support,Warmth and Dignity Drive,Individual,Online Portal,27318,20960,160,49.0,2,6,3,5930,9.67,131.35,53591.0,168.0,50558.0,174.0,31626.0,167.0,170.7375,0.7672596822607805,3.2653061224489797,6358,0.866,-0.5,0,61.8,11.3,0.171,127.9
2025-05-01,2025,5,May,Q2,0,Patna,Bihar,Clothing Support,Warmth and Dignity Drive,Corporate CSR,Fundraising Event,51216,22927,191,56.2,3,10,5,7747,4.47,120.2,27318.0,160.0,53591.0,168.0,50558.0,174.0,268.14659685863876,0.4476530771633864,3.398576512455516,28289,0.5,-0.866,1,61.8,11.3,0.171,127.9
2025-06-01,2025,6,Jun,Q2,0,Patna,Bihar,Clothing Support,Warmth and Dignity Drive,Corporate CSR,Bank Transfer,60481,23318,189,61.6,2,14,4,9024,4.03,123.3,51216.0,191.0,27318.0,160.0,53591.0,168.0,320.005291005291,0.38554256708718443,3.068181818181818,37163,0.0,-1.0,1,61.8,11.3,0.171,127.9
2025-07-01,2025,7,Jul,Q3,0,Patna,Bihar,Clothing Support,Warmth and Dignity Drive,Community Group,Online Portal,38155,22525,182,51.8,2,6,2,8860,3.41,123.88,60481.0,189.0,51216.0,191.0,27318.0,160.0,209.64285714285714,0.590355130389202,3.5135135135135136,15630,-0.5,-0.866,1,61.8,11.3,0.171,127.9
2025-08-01,2025,8,Aug,Q3,1,Patna,Bihar,Clothing Support,Warmth and Dignity Drive,Individual,Bank Transfer,31083,21488,198,60.1,2,6,3,6023,6.29,108.73,38155.0,182.0,60481.0,189.0,51216.0,191.0,156.9848484848485,0.6913103625776148,3.2945091514143092,9595,-0.866,-0.5,1,61.8,11.3,0.171,127.9
2025-09-01,2025,9,Sep,Q3,1,Patna,Bihar,Clothing Support,Warmth and Dignity Drive,Individual,Fundraising Event,39973,23759,190,63.8,2,7,3,9016,7.19,125.29,31083.0,198.0,38155.0,182.0,60481.0,189.0,210.3842105263158,0.5943762039376579,2.9780564263322886,16214,-1.0,-0.0,1,61.8,11.3,0.171,127.9
2025-10-01,2025,10,Oct,Q4,1,Patna,Bihar,Clothing Support,Warmth and Dignity Drive,Individual,Online Portal,40701,21390,193,66.5,2,10,4,6702,3.79,110.61,39973.0,190.0,31083.0,198.0,38155.0,182.0,210.8860103626943,0.5255399130242501,2.9022556390977443,19311,-0.866,0.5,1,61.8,11.3,0.171,127.9
2025-11-01,2025,11,Nov,Q4,1,Patna,Bihar,Clothing Support,Warmth and Dignity Drive,Community Group,Online Portal,49558,21818,173,60.3,2,8,3,8422,4.09,126.1,40701.0,193.0,39973.0,190.0,31083.0,198.0,286.46242774566474,0.44025182614310504,2.868988391376451,27740,-0.5,0.866,1,61.8,11.3,0.171,127.9
2025-12-01,2025,12,Dec,Q4,1,Patna,Bihar,Clothing Support,Warmth and Dignity Drive,Individual,Fundraising Event,36644,20715,193,65.3,2,6,3,6844,8.04,107.46,49558.0,173.0,40701.0,193.0,39973.0,190.0,189.86528497409327,0.5653040061128698,2.955589586523737,15929,-0.0,1.0,1,61.8,11.3,0.171,127.9
2024-02-01,2024,2,Feb,Q1,0,Patna,Bihar,Education Support,Back to School Drive,Individual,UPI,38802,28721,142,52.8,2,7,3,5749,9.54,201.96,42270.0,144.0,42270.0,144.0,42270.0,144.0,273.2535211267606,0.7401938044430699,2.6893939393939394,10081,0.866,0.5,0,61.8,11.3,0.171,127.9
2024-03-01,2024,3,Mar,Q1,0,Patna,Bihar,Education Support,Back to School Drive,Alumni Network,Fundraising Event,45631,28065,143,59.0,2,10,4,6631,6.97,196.39,38802.0,142.0,42270.0,144.0,42270.0,144.0,319.0979020979021,0.6150424053823059,2.4237288135593222,17566,1.0,0.0,0,61.8,11.3,0.171,127.9
2024-04-01,2024,4,Apr,Q2,0,Patna,Bihar,Education Support,Back to School Drive,Alumni Network,Fundraising Event,39303,30104,165,54.0,2,9,3,6316,8.21,182.62,45631.0,143.0,38802.0,142.0,42270.0,144.0,238.2,0.765946619850902,3.0555555555555554,9199,0.866,-0.5,0,61.8,11.3,0.171,127.9
2024-05-01,2024,5,May,Q2,0,Patna,Bihar,Education Support,Back to School Drive,Individual,Online Portal,42609,31845,160,68.8,2,8,3,6853,5.18,199.1,39303.0,165.0,45631.0,143.0,38802.0,142.0,266.30625,0.7473773146518341,2.3255813953488373,10764,0.5,-0.866,0,61.8,11.3,0.171,127.9
2024-06-01,2024,6,Jun,Q2,0,Patna,Bihar,Education Support,Back to School Drive,Individual,Fundraising Event,46714,30660,141,43.7,1,9,3,6408,5.22,218.14,42609.0,160.0,39303.0,165.0,45631.0,143.0,331.3049645390071,0.6563342895063579,3.226544622425629,16054,0.0,-1.0,0,61.8,11.3,0.171,127.9
2024-07-01,2024,7,Jul,Q3,0,Patna,Bihar,Education Support,Back to School Drive,Corporate CSR,Fundraising Event,75767,27757,144,55.0,2,13,5,9192,3.69,192.32,46714.0,141.0,42609.0,160.0,39303.0,165.0,526.1597222222222,0.366346826454789,2.618181818181818,48010,-0.5,-0.866,0,61.8,11.3,0.171,127.9
2024-08-01,2024,8,Aug,Q3,1,Patna,Bihar,Education Support,Back to School Drive,Individual,Online Portal,49837,31045,166,52.4,2,9,3,9282,4.24,186.86,75767.0,144.0,46714.0,141.0,42609.0,160.0,300.22289156626505,0.622930754258884,3.16793893129771,18792,-0.866,-0.5,0,61.8,11.3,0.171,127.9
2024-09-01,2024,9,Sep,Q3,1,Patna,Bihar,Education Support,Back to School Drive,Individual,Fundraising Event,46559,29447,167,53.4,2,10,4,8671,4.84,176.72,49837.0,166.0,75767.0,144.0,46714.0,141.0,278.79640718562877,0.6324663330397989,3.1273408239700373,17112,-1.0,-0.0,0,61.8,11.3,0.171,127.9
2024-10-01,2024,10,Oct,Q4,1,Patna,Bihar,Education Support,Back to School Drive,Community Group,Fundraising Event,55576,28229,166,68.2,2,14,4,9547,8.35,170.32,46559.0,167.0,49837.0,166.0,75767.0,144.0,334.7951807228916,0.5079350798906003,2.434017595307918,27347,-0.866,0.5,0,61.8,11.3,0.171,127.9
2024-11-01,2024,11,Nov,Q4,1,Patna,Bihar,Education Support,Back to School Drive,Corporate CSR,UPI,80344,29893,134,54.9,1,13,6,10739,6.91,223.58,55576.0,166.0,46559.0,167.0,49837.0,166.0,599.5820895522388,0.3720626306880414,2.4408014571948997,50451,-0.5,0.866,0,61.8,11.3,0.171,127.9
2024-12-01,2024,12,Dec,Q4,1,Patna,Bihar,Education Support,Back to School Drive,Corporate CSR,Bank Transfer,86890,28641,148,53.6,2,19,6,11362,6.08,193.45,80344.0,134.0,55576.0,166.0,46559.0,167.0,587.0945945945946,0.3296236621015077,2.761194029850746,58249,-0.0,1.0,0,61.8,11.3,0.171,127.9
2025-01-01,2025,1,Jan,Q1,0,Patna,Bihar,Education Support,Back to School Drive,Community Group,Fundraising Event,50463,28011,142,54.8,2,12,6,8017,7.58,197.04,86890.0,148.0,80344.0,134.0,55576.0,166.0,355.3732394366197,0.5550799595743416,2.591240875912409,22452,0.5,0.866,0,61.8,11.3,0.171,127.9
2025-02-01,2025,2,Feb,Q1,0,Patna,Bihar,Education Support,Back to School Drive,Corporate CSR,Online Portal,67793,28769,161,53.6,2,12,6,8844,7.96,178.51,50463.0,142.0,86890.0,148.0,80344.0,134.0,421.0745341614907,0.42436534745475196,3.003731343283582,39024,0.866,0.5,0,61.8,11.3,0.171,127.9
2025-03-01,2025,3,Mar,Q1,0,Patna,Bihar,Education Support,Back to School Drive,Community Group,Bank Transfer,57385,30637,161,57.1,1,11,3,7849,3.41,190.7,67793.0,161.0,50463.0,142.0,86890.0,148.0,356.42857142857144,0.533885161627603,2.819614711033275,26748,1.0,0.0,0,61.8,11.3,0.171,127.9
2025-04-01,2025,4,Apr,Q2,0,Patna,Bihar,Education Support,Back to School Drive,Individual,Online Portal,39003,30098,149,60.1,2,6,2,7773,4.9,201.87,57385.0,161.0,67793.0,161.0,50463.0,142.0,261.76510067114094,0.7716842294182499,2.4792013311148087,8905,0.866,-0.5,0,61.8,11.3,0.171,127.9
2025-05-01,2025,5,May,Q2,0,Patna,Bihar,Education Support,Back to School Drive,Individual,Fundraising Event,47439,29344,161,68.4,2,10,5,8545,8.38,182.08,39003.0,149.0,57385.0,161.0,67793.0,161.0,294.6521739130435,0.6185627858934631,2.353801169590643,18095,0.5,-0.866,0,61.8,11.3,0.171,127.9
2025-06-01,2025,6,Jun,Q2,0,Patna,Bihar,Education Support,Back to School Drive,Individual,Bank Transfer,47188,30743,155,48.5,2,12,6,8496,6.63,197.79,47439.0,161.0,39003.0,149.0,57385.0,161.0,304.43870967741935,0.6515003814529118,3.195876288659794,16445,0.0,-1.0,0,61.8,11.3,0.171,127.9
2025-07-01,2025,7,Jul,Q3,0,Patna,Bihar,Education Support,Back to School Drive,Individual,Online Portal,47421,29967,169,57.9,2,9,3,7940,7.18,177.43,47188.0,155.0,47439.0,161.0,39003.0,149.0,280.59763313609466,0.6319352185740494,2.918825561312608,17454,-0.5,-0.866,0,61.8,11.3,0.171,127.9
2025-08-01,2025,8,Aug,Q3,1,Patna,Bihar,Education Support,Back to School Drive,Corporate CSR,Bank Transfer,97893,27891,181,71.6,2,20,8,11809,3.79,154.03,47421.0,169.0,47188.0,155.0,47439.0,161.0,540.8453038674033,0.2849131194263124,2.527932960893855,70002,-0.866,-0.5,0,61.8,11.3,0.171,127.9
2025-09-01,2025,9,Sep,Q3,1,Patna,Bihar,Education Support,Back to School Drive,Individual,Online Portal,58929,30531,176,70.3,2,10,5,9476,5.06,173.55,97893.0,181.0,47421.0,169.0,47188.0,155.0,334.8238636363636,0.5180980501959985,2.5035561877667143,28398,-1.0,-0.0,0,61.8,11.3,0.171,127.9
2025-10-01,2025,10,Oct,Q4,1,Patna,Bihar,Education Support,Back to School Drive,Corporate CSR,Online Portal,93450,26886,180,68.1,2,23,11,12554,4.03,149.05,58929.0,176.0,97893.0,181.0,47421.0,169.0,519.1666666666666,0.28770465489566616,2.643171806167401,66564,-0.866,0.5,0,61.8,11.3,0.171,127.9
2025-11-01,2025,11,Nov,Q4,1,Patna,Bihar,Education Support,Back to School Drive,Alumni Network,Bank Transfer,64381,27650,154,52.4,2,14,4,9085,7.05,179.39,93450.0,180.0,58929.0,176.0,97893.0,181.0,418.0584415584416,0.42947453441232664,2.9389312977099236,36731,-0.5,0.866,0,61.8,11.3,0.171,127.9
2025-12-01,2025,12,Dec,Q4,1,Patna,Bihar,Education Support,Back to School Drive,Alumni Network,Bank Transfer,58470,31825,170,59.3,2,12,4,9248,7.06,187.19,64381.0,154.0,93450.0,180.0,58929.0,176.0,343.94117647058823,0.5442962202839062,2.8667790893760543,26645,-0.0,1.0,0,61.8,11.3,0.171,127.9
2024-02-01,2024,2,Feb,Q1,0,Patna,Bihar,Food Distribution,Meal Support Campaign,Corporate CSR,Online Portal,59319,35264,225,84.0,3,10,4,10273,6.07,157.06,56159.0,222.0,56159.0,222.0,56159.0,222.0,263.64,0.5944806891552453,2.6785714285714284,24055,0.866,0.5,0,61.8,11.3,0.171,127.9
2024-03-01,2024,3,Mar,Q1,0,Patna,Bihar,Food Distribution,Meal Support Campaign,Corporate CSR,Fundraising Event,50351,33122,250,68.0,2,9,5,11847,8.12,132.34,59319.0,225.0,56159.0,222.0,56159.0,222.0,201.404,0.6578220889356716,3.676470588235294,17229,1.0,0.0,0,61.8,11.3,0.171,127.9
2024-04-01,2024,4,Apr,Q2,0,Patna,Bihar,Food Distribution,Meal Support Campaign,Individual,Online Portal,31299,34112,235,80.9,2,6,3,7588,9.61,145.04,50351.0,250.0,59319.0,225.0,56159.0,222.0,133.1872340425532,1.0898750758810185,2.9048207663782444,-2813,0.866,-0.5,0,61.8,11.3,0.171,127.9
2024-05-01,2024,5,May,Q2,0,Patna,Bihar,Food Distribution,Meal Support Campaign,Individual,Bank Transfer,33597,31159,233,68.2,3,6,2,8597,5.63,133.65,31299.0,235.0,50351.0,250.0,59319.0,225.0,144.1931330472103,0.927433997083073,3.4164222873900294,2438,0.5,-0.866,0,61.8,11.3,0.171,127.9
2024-06-01,2024,6,Jun,Q2,0,Patna,Bihar,Food Distribution,Meal Support Campaign,Individual,Fundraising Event,36281,36558,243,75.3,3,6,2,8673,9.73,150.64,33597.0,233.0,31299.0,235.0,50351.0,250.0,149.3045267489712,1.0076348501970729,3.2270916334661357,-277,0.0,-1.0,0,61.8,11.3,0.171,127.9
2024-07-01,2024,7,Jul,Q3,0,Patna,Bihar,Food Distribution,Meal Support Campaign,Individual,Online Portal,38657,35383,244,74.3,3,10,4,8526,4.98,145.14,36281.0,243.0,33597.0,233.0,31299.0,235.0,158.43032786885246,0.9153064128100991,3.2839838492597577,3274,-0.5,-0.866,0,61.8,11.3,0.171,127.9
2024-08-01,2024,8,Aug,Q3,1,Patna,Bihar,Food Distribution,Meal Support Campaign,Individual,Online Portal,35424,31567,249,84.7,3,6,2,9536,4.85,126.93,38657.0,244.0,36281.0,243.0,33597.0,233.0,142.26506024096386,0.8911190153568203,2.9397874852420305,3857,-0.866,-0.5,1,61.8,11.3,0.171,127.9
2024-09-01,2024,9,Sep,Q3,1,Patna,Bihar,Food Distribution,Meal Support Campaign,Alumni Network,UPI,46389,33008,256,84.3,3,8,3,9555,4.39,128.89,35424.0,249.0,38657.0,244.0,36281.0,243.0,181.20703125,0.7115479962922244,3.036773428232503,13381,-1.0,-0.0,0,61.8,11.3,0.171,127.9
2024-10-01,2024,10,Oct,Q4,1,Patna,Bihar,Food Distribution,Meal Support Campaign,Individual,Bank Transfer,40701,32447,251,79.0,4,7,3,7441,9.22,129.35,46389.0,256.0,35424.0,249.0,38657.0,244.0,162.15537848605578,0.7972039999017223,3.1772151898734178,8254,-0.866,0.5,0,61.8,11.3,0.171,127.9
2024-11-01,2024,11,Nov,Q4,1,Patna,Bihar,Food Distribution,Meal Support Campaign,Corporate CSR,Online Portal,76031,31110,232,68.4,3,15,6,11802,7.54,134.15,40701.0,251.0,46389.0,256.0,35424.0,249.0,327.7198275862069,0.409175204850653,3.3918128654970756,44921,-0.5,0.866,0,61.8,11.3,0.171,127.9
2024-12-01,2024,12,Dec,Q4,1,Patna,Bihar,Food Distribution,Meal Support Campaign,Community Group,Bank Transfer,53532,33906,231,73.6,2,11,3,10547,3.74,146.69,76031.0,232.0,40701.0,251.0,46389.0,256.0,231.74025974025975,0.6333781663304192,3.1385869565217392,19626,-0.0,1.0,0,61.8,11.3,0.171,127.9
2025-01-01,2025,1,Jan,Q1,0,Patna,Bihar,Food Distribution,Meal Support Campaign,Corporate CSR,UPI,67914,32549,235,86.3,2,13,4,10108,8.24,138.48,53532.0,231.0,76031.0,232.0,40701.0,251.0,288.9957446808511,0.4792678976352446,2.72305909617613,35365,0.5,0.866,0,61.8,11.3,0.171,127.9
2025-02-01,2025,2,Feb,Q1,0,Patna,Bihar,Food Distribution,Meal Support Campaign,Corporate CSR,Online Portal,59192,35468,257,73.8,3,12,4,9439,7.55,138.05,67914.0,235.0,53532.0,231.0,76031.0,232.0,230.31906614785993,0.5992025949452628,3.4823848238482387,23724,0.866,0.5,0,61.8,11.3,0.171,127.9
2025-03-01,2025,3,Mar,Q1,0,Patna,Bihar,Food Distribution,Meal Support Campaign,Community Group,UPI,52619,32016,276,94.6,3,12,4,13019,6.1,115.97,59192.0,257.0,67914.0,235.0,53532.0,231.0,190.6485507246377,0.6084494194112393,2.9175475687103596,20603,1.0,0.0,1,61.8,11.3,0.171,127.9
2025-04-01,2025,4,Apr,Q2,0,Patna,Bihar,Food Distribution,Meal Support Campaign,Individual,Bank Transfer,37832,35442,259,94.5,3,10,4,8744,6.24,137.06,52619.0,276.0,59192.0,257.0,67914.0,235.0,146.06949806949808,0.9368259674349757,2.740740740740741,2390,0.866,-0.5,0,61.8,11.3,0.171,127.9
2025-05-01,2025,5,May,Q2,0,Patna,Bihar,Food Distribution,Meal Support Campaign,Corporate CSR,UPI,58119,35337,262,74.3,3,9,3,10297,3.56,135.07,37832.0,259.0,52619.0,276.0,59192.0,257.0,221.82824427480915,0.6080111495380168,3.5262449528936743,22782,0.5,-0.866,0,61.8,11.3,0.171,127.9
2025-06-01,2025,6,Jun,Q2,0,Patna,Bihar,Food Distribution,Meal Support Campaign,Individual,Fundraising Event,40860,33659,270,92.3,3,8,3,10166,9.13,124.83,58119.0,262.0,37832.0,259.0,52619.0,276.0,151.33333333333334,0.8237640724424865,2.925243770314193,7201,0.0,-1.0,1,61.8,11.3,0.171,127.9
2025-07-01,2025,7,Jul,Q3,0,Patna,Bihar,Food Distribution,Meal Support Campaign,Individual,Online Portal,41706,33559,228,64.7,2,9,5,7228,8.07,147.34,40860.0,270.0,58119.0,262.0,37832.0,259.0,182.92105263157896,0.8046564043542895,3.523956723338485,8147,-0.5,-0.866,0,61.8,11.3,0.171,127.9
2025-08-01,2025,8,Aug,Q3,1,Patna,Bihar,Food Distribution,Meal Support Campaign,Individual,UPI,38024,35681,255,94.4,2,8,3,8073,9.44,140.04,41706.0,228.0,40860.0,270.0,58119.0,262.0,149.1137254901961,0.9383810225120977,2.7012711864406778,2343,-0.866,-0.5,0,61.8,11.3,0.171,127.9
2025-09-01,2025,9,Sep,Q3,1,Patna,Bihar,Food Distribution,Meal Support Campaign,Community Group,Online Portal,48119,34589,234,65.9,3,8,3,8534,3.51,147.94,38024.0,255.0,41706.0,228.0,40860.0,270.0,205.63675213675214,0.7188220869095368,3.5508345978755687,13530,-1.0,-0.0,0,61.8,11.3,0.171,127.9
2025-10-01,2025,10,Oct,Q4,1,Patna,Bihar,Food Distribution,Meal Support Campaign,Corporate CSR,Online Portal,66706,32026,265,99.3,3,11,5,12081,6.0,120.8,48119.0,234.0,38024.0,255.0,41706.0,228.0,251.72075471698113,0.48010673702515516,2.6686807653575024,34680,-0.866,0.5,1,61.8,11.3,0.171,127.9
2025-11-01,2025,11,Nov,Q4,1,Patna,Bihar,Food Distribution,Meal Support Campaign,Corporate CSR,UPI,82527,34711,277,80.1,3,14,6,12974,6.62,125.19,66706.0,265.0,48119.0,234.0,38024.0,255.0,297.93140794223825,0.4206017424600434,3.458177278401998,47816,-0.5,0.866,1,61.8,11.3,0.171,127.9
2025-12-01,2025,12,Dec,Q4,1,Patna,Bihar,Food Distribution,Meal Support Campaign,Individual,Bank Transfer,47281,30903,273,74.5,3,11,4,10173,4.81,113.31,82527.0,277.0,66706.0,265.0,48119.0,234.0,173.1904761904762,0.6536029271800512,3.664429530201342,16378,-0.0,1.0,1,61.8,11.3,0.171,127.9
2024-02-01,2024,2,Feb,Q1,0,Patna,Bihar,Health Awareness,Community Wellness Camp,Individual,Online Portal,27881,22429,197,60.7,2,5,2,6181,7.77,113.63,30061.0,164.0,30061.0,164.0,30061.0,164.0,141.5279187817259,0.8044546465334815,3.245469522240527,5452,0.866,0.5,1,61.8,11.3,0.171,127.9
2024-03-01,2024,3,Mar,Q1,0,Patna,Bihar,Health Awareness,Community Wellness Camp,Individual,Bank Transfer,30613,21110,204,60.1,2,7,3,8912,9.58,103.24,27881.0,197.0,30061.0,164.0,30061.0,164.0,150.06372549019608,0.6895763237840133,3.394342762063228,9503,1.0,0.0,1,61.8,11.3,0.171,127.9
2024-04-01,2024,4,Apr,Q2,0,Patna,Bihar,Health Awareness,Community Wellness Camp,Alumni Network,Bank Transfer,26994,20121,186,46.6,2,5,2,7339,6.53,108.45,30613.0,204.0,27881.0,197.0,30061.0,164.0,145.1290322580645,0.7453878639697711,3.9914163090128754,6873,0.866,-0.5,1,61.8,11.3,0.171,127.9
2024-05-01,2024,5,May,Q2,0,Patna,Bihar,Health Awareness,Community Wellness Camp,Alumni Network,UPI,30362,20717,189,49.2,2,7,4,7118,5.07,109.75,26994.0,186.0,30613.0,204.0,27881.0,197.0,160.64550264550263,0.6823331796324352,3.841463414634146,9645,0.5,-0.866,1,61.8,11.3,0.171,127.9
2024-06-01,2024,6,Jun,Q2,0,Patna,Bihar,Health Awareness,Community Wellness Camp,Corporate CSR,UPI,53835,19815,186,48.0,2,10,4,9469,5.23,106.43,30362.0,189.0,26994.0,186.0,30613.0,204.0,289.43548387096774,0.3680691000278629,3.875,34020,0.0,-1.0,1,61.8,11.3,0.171,127.9
2024-07-01,2024,7,Jul,Q3,0,Patna,Bihar,Health Awareness,Community Wellness Camp,Individual,Online Portal,27894,20780,173,47.4,2,6,3,7089,6.47,120.09,53835.0,186.0,30362.0,189.0,26994.0,186.0,161.23699421965318,0.7449630744963075,3.649789029535865,7114,-0.5,-0.866,1,61.8,11.3,0.171,127.9
2024-08-01,2024,8,Aug,Q3,1,Patna,Bihar,Health Awareness,Community Wellness Camp,Individual,Fundraising Event,31023,21267,181,58.6,2,6,3,5676,6.92,117.61,27894.0,173.0,53835.0,186.0,30362.0,189.0,171.3977900552486,0.6855236437481869,3.0887372013651877,9756,-0.866,-0.5,1,61.8,11.3,0.171,127.9
2024-09-01,2024,9,Sep,Q3,1,Patna,Bihar,Health Awareness,Community Wellness Camp,Community Group,Bank Transfer,36084,22997,197,61.6,2,9,4,9147,6.92,116.7,31023.0,181.0,27894.0,173.0,53835.0,186.0,183.16751269035532,0.6373184791043122,3.198051948051948,13087,-1.0,-0.0,1,61.8,11.3,0.171,127.9
2024-10-01,2024,10,Oct,Q4,1,Patna,Bihar,Health Awareness,Community Wellness Camp,Corporate CSR,Fundraising Event,57980,21076,192,52.3,2,13,6,10842,7.5,109.53,36084.0,197.0,31023.0,181.0,27894.0,173.0,301.9791666666667,0.3635046567781994,3.67112810707457,36904,-0.866,0.5,1,61.8,11.3,0.171,127.9
2024-11-01,2024,11,Nov,Q4,1,Patna,Bihar,Health Awareness,Community Wellness Camp,Community Group,Fundraising Event,37135,23534,190,62.0,2,7,3,8136,9.51,123.87,57980.0,192.0,36084.0,197.0,31023.0,181.0,195.44736842105263,0.633741753063148,3.064516129032258,13601,-0.5,0.866,1,61.8,11.3,0.171,127.9
2024-12-01,2024,12,Dec,Q4,1,Patna,Bihar,Health Awareness,Community Wellness Camp,Community Group,Fundraising Event,38800,20128,196,54.8,3,9,5,9436,7.72,102.89,37135.0,190.0,57980.0,192.0,36084.0,197.0,197.9591836734694,0.5187628865979381,3.5766423357664237,18672,-0.0,1.0,1,61.8,11.3,0.171,127.9
2025-01-01,2025,1,Jan,Q1,0,Patna,Bihar,Health Awareness,Community Wellness Camp,Corporate CSR,Bank Transfer,49086,20978,221,58.1,2,10,5,8916,5.84,94.95,38800.0,196.0,37135.0,190.0,57980.0,192.0,222.10859728506787,0.42737236686631624,3.8037865748709123,28108,0.5,0.866,1,61.8,11.3,0.171,127.9
2025-02-01,2025,2,Feb,Q1,0,Patna,Bihar,Health Awareness,Community Wellness Camp,Individual,Online Portal,34590,19841,213,65.1,2,6,3,6564,4.62,92.96,49086.0,221.0,38800.0,196.0,37135.0,190.0,162.3943661971831,0.5736050881757734,3.2718894009216593,14749,0.866,0.5,1,61.8,11.3,0.171,127.9
2025-03-01,2025,3,Mar,Q1,0,Patna,Bihar,Health Awareness,Community Wellness Camp,Corporate CSR,UPI,50453,23233,196,62.6,2,12,4,10211,7.75,118.76,34590.0,213.0,49086.0,221.0,38800.0,196.0,257.41326530612247,0.46048797891106574,3.130990415335463,27220,1.0,0.0,1,61.8,11.3,0.171,127.9
2025-04-01,2025,4,Apr,Q2,0,Patna,Bihar,Health Awareness,Community Wellness Camp,Corporate CSR,Fundraising Event,51375,22205,186,46.9,2,10,4,9013,6.26,119.54,50453.0,196.0,34590.0,213.0,49086.0,221.0,276.2096774193548,0.4322141119221411,3.9658848614072495,29170,0.866,-0.5,1,61.8,11.3,0.171,127.9
2025-05-01,2025,5,May,Q2,0,Patna,Bihar,Health Awareness,Community Wellness Camp,Corporate CSR,Bank Transfer,50011,21679,177,48.8,2,9,3,9833,3.44,122.2,51375.0,186.0,50453.0,196.0,34590.0,213.0,282.54802259887003,0.43348463338065624,3.627049180327869,28332,0.5,-0.866,1,61.8,11.3,0.171,127.9
2025-06-01,2025,6,Jun,Q2,0,Patna,Bihar,Health Awareness,Community Wellness Camp,Individual,Bank Transfer,30393,22310,213,72.5,3,6,3,7770,4.0,104.52,50011.0,177.0,51375.0,186.0,50453.0,196.0,142.69014084507043,0.7340506037574441,2.9379310344827587,8083,0.0,-1.0,1,61.8,11.3,0.171,127.9
2025-07-01,2025,7,Jul,Q3,0,Patna,Bihar,Health Awareness,Community Wellness Camp,Individual,UPI,33772,21191,193,55.9,3,7,3,6841,7.86,109.73,30393.0,213.0,50011.0,177.0,51375.0,186.0,174.98445595854923,0.6274724623948833,3.452593917710197,12581,-0.5,-0.866,1,61.8,11.3,0.171,127.9
2025-08-01,2025,8,Aug,Q3,1,Patna,Bihar,Health Awareness,Community Wellness Camp,Community Group,Online Portal,46561,22606,216,68.4,3,11,3,8489,4.75,104.6,33772.0,193.0,30393.0,213.0,50011.0,177.0,215.5601851851852,0.4855136272846374,3.157894736842105,23955,-0.866,-0.5,1,61.8,11.3,0.171,127.9
2025-09-01,2025,9,Sep,Q3,1,Patna,Bihar,Health Awareness,Community Wellness Camp,Individual,UPI,40485,21562,202,66.0,3,10,4,9135,9.45,106.73,46561.0,216.0,33772.0,193.0,30393.0,213.0,200.42079207920793,0.532592318142522,3.0606060606060606,18923,-1.0,-0.0,1,61.8,11.3,0.171,127.9
2025-10-01,2025,10,Oct,Q4,1,Patna,Bihar,Health Awareness,Community Wellness Camp,Corporate CSR,Bank Transfer,66170,23304,234,62.2,3,12,6,12808,7.39,99.46,40485.0,202.0,46561.0,216.0,33772.0,193.0,282.77777777777777,0.3521837690796433,3.7620578778135045,42866,-0.866,0.5,1,61.8,11.3,0.171,127.9
2025-11-01,2025,11,Nov,Q4,1,Patna,Bihar,Health Awareness,Community Wellness Camp,Individual,Online Portal,38366,19889,193,56.8,2,8,3,7411,6.48,103.27,66170.0,234.0,40485.0,202.0,46561.0,216.0,198.78756476683938,0.5184017098472606,3.397887323943662,18477,-0.5,0.866,1,61.8,11.3,0.171,127.9
2025-12-01,2025,12,Dec,Q4,1,Patna,Bihar,Health Awareness,Community Wellness Camp,Individual,Bank Transfer,39949,22498,232,62.3,2,7,3,8449,5.32,97.13,38366.0,193.0,66170.0,234.0,40485.0,202.0,172.19396551724137,0.5631680392500438,3.7239165329052972,17451,-0.0,1.0,1,61.8,11.3,0.171,127.9
2024-02-01,2024,2,Feb,Q1,0,Patna,Bihar,Menstrual Hygiene,Pad for Dignity Drive,Community Group,Fundraising Event,34389,20616,160,42.1,2,6,3,7126,5.42,129.15,47619.0,190.0,47619.0,190.0,47619.0,190.0,214.93125,0.599494024251941,3.8004750593824226,13773,0.866,0.5,0,61.8,11.3,0.171,127.9
2024-03-01,2024,3,Mar,Q1,0,Patna,Bihar,Menstrual Hygiene,Pad for Dignity Drive,Community Group,Fundraising Event,39352,20148,160,41.2,2,9,4,7800,7.69,126.03,34389.0,160.0,47619.0,190.0,47619.0,190.0,245.95,0.5119943077861354,3.8834951456310676,19204,1.0,0.0,1,61.8,11.3,0.171,127.9
2024-04-01,2024,4,Apr,Q2,0,Patna,Bihar,Menstrual Hygiene,Pad for Dignity Drive,Individual,Online Portal,24816,18251,171,44.9,2,5,2,6034,3.58,106.91,39352.0,160.0,34389.0,160.0,47619.0,190.0,145.12280701754386,0.7354529335912314,3.808463251670379,6565,0.866,-0.5,1,61.8,11.3,0.171,127.9
2024-05-01,2024,5,May,Q2,0,Patna,Bihar,Menstrual Hygiene,Pad for Dignity Drive,Community Group,Bank Transfer,34673,18250,155,51.3,2,7,3,7412,3.69,117.73,24816.0,171.0,39352.0,160.0,34389.0,160.0,223.69677419354838,0.5263461482998298,3.021442495126706,16423,0.5,-0.866,1,61.8,11.3,0.171,127.9
2024-06-01,2024,6,Jun,Q2,0,Patna,Bihar,Menstrual Hygiene,Pad for Dignity Drive,Individual,Online Portal,32590,20209,190,58.6,2,6,3,7347,6.69,106.51,34673.0,155.0,24816.0,171.0,39352.0,160.0,171.52631578947367,0.6200981896287204,3.242320819112628,12381,0.0,-1.0,1,61.8,11.3,0.171,127.9
2024-07-01,2024,7,Jul,Q3,0,Patna,Bihar,Menstrual Hygiene,Pad for Dignity Drive,Individual,Bank Transfer,31821,19140,179,44.3,2,6,3,7768,8.9,106.81,32590.0,190.0,34673.0,155.0,24816.0,171.0,177.7709497206704,0.6014895823512775,4.040632054176072,12681,-0.5,-0.866,1,61.8,11.3,0.171,127.9
2024-08-01,2024,8,Aug,Q3,1,Patna,Bihar,Menstrual Hygiene,Pad for Dignity Drive,Individual,Bank Transfer,29991,19957,184,56.6,2,7,2,6062,3.71,108.75,31821.0,179.0,32590.0,190.0,34673.0,155.0,162.9945652173913,0.6654329632223001,3.2508833922261484,10034,-0.866,-0.5,1,61.8,11.3,0.171,127.9
2024-09-01,2024,9,Sep,Q3,1,Patna,Bihar,Menstrual Hygiene,Pad for Dignity Drive,Individual,Bank Transfer,29910,18337,193,60.6,2,6,3,6308,4.25,94.78,29991.0,184.0,31821.0,179.0,32590.0,190.0,154.9740932642487,0.6130725509862922,3.184818481848185,11573,-1.0,-0.0,1,61.8,11.3,0.171,127.9
2024-10-01,2024,10,Oct,Q4,1,Patna,Bihar,Menstrual Hygiene,Pad for Dignity Drive,Corporate CSR,UPI,54273,20742,185,56.2,2,12,6,9997,6.23,112.25,29910.0,193.0,29991.0,184.0,31821.0,179.0,293.36756756756756,0.3821789840252059,3.291814946619217,33531,-0.866,0.5,1,61.8,11.3,0.171,127.9
2024-11-01,2024,11,Nov,Q4,1,Patna,Bihar,Menstrual Hygiene,Pad for Dignity Drive,Corporate CSR,UPI,53970,17361,188,51.0,2,9,4,8637,3.9,92.2,54273.0,185.0,29910.0,193.0,29991.0,184.0,287.0744680851064,0.3216787103946637,3.6862745098039214,36609,-0.5,0.866,1,61.8,11.3,0.171,127.9
2024-12-01,2024,12,Dec,Q4,1,Patna,Bihar,Menstrual Hygiene,Pad for Dignity Drive,Individual,Bank Transfer,40765,20047,167,49.4,2,7,3,7750,8.56,120.22,53970.0,188.0,54273.0,185.0,29910.0,193.0,244.10179640718562,0.4917699006500675,3.3805668016194335,20718,-0.0,1.0,1,61.8,11.3,0.171,127.9
2025-01-01,2025,1,Jan,Q1,0,Patna,Bihar,Menstrual Hygiene,Pad for Dignity Drive,Corporate CSR,Online Portal,51142,17421,186,58.2,2,10,4,8418,7.73,93.47,40765.0,167.0,53970.0,188.0,54273.0,185.0,274.9569892473118,0.34063978725900435,3.1958762886597936,33721,0.5,0.866,1,61.8,11.3,0.171,127.9
2025-02-01,2025,2,Feb,Q1,0,Patna,Bihar,Menstrual Hygiene,Pad for Dignity Drive,Individual,Bank Transfer,30927,17635,160,41.0,2,6,2,6403,7.32,109.9,51142.0,186.0,40765.0,167.0,53970.0,188.0,193.29375,0.5702137291040191,3.902439024390244,13292,0.866,0.5,1,61.8,11.3,0.171,127.9
2025-03-01,2025,3,Mar,Q1,0,Patna,Bihar,Menstrual Hygiene,Pad for Dignity Drive,Corporate CSR,Fundraising Event,63341,18799,204,63.3,2,11,5,9827,9.4,92.18,30927.0,160.0,51142.0,186.0,40765.0,167.0,310.4950980392157,0.2967903885319146,3.2227488151658767,44542,1.0,0.0,1,61.8,11.3,0.171,127.9
2025-04-01,2025,4,Apr,Q2,0,Patna,Bihar,Menstrual Hygiene,Pad for Dignity Drive,Individual,Fundraising Event,32654,17535,167,52.5,2,7,3,7512,6.72,104.96,63341.0,204.0,30927.0,160.0,51142.0,186.0,195.53293413173654,0.5369939364243278,3.1809523809523808,15119,0.866,-0.5,1,61.8,11.3,0.171,127.9
2025-05-01,2025,5,May,Q2,0,Patna,Bihar,Menstrual Hygiene,Pad for Dignity Drive,Alumni Network,UPI,32423,18360,204,64.7,2,7,2,7787,9.59,89.79,32654.0,167.0,63341.0,204.0,30927.0,160.0,158.93627450980392,0.5662646886469481,3.1530139103554866,14063,0.5,-0.866,1,61.8,11.3,0.171,127.9
2025-06-01,2025,6,Jun,Q2,0,Patna,Bihar,Menstrual Hygiene,Pad for Dignity Drive,Individual,Fundraising Event,32275,18274,181,57.4,2,7,4,7384,4.26,100.82,32423.0,204.0,32654.0,167.0,63341.0,204.0,178.31491712707182,0.5661967467079783,3.153310104529617,14001,0.0,-1.0,1,61.8,11.3,0.171,127.9
2025-07-01,2025,7,Jul,Q3,0,Patna,Bihar,Menstrual Hygiene,Pad for Dignity Drive,Community Group,Online Portal,46925,18671,213,64.1,3,9,3,7575,8.16,87.76,32275.0,181.0,32423.0,204.0,32654.0,167.0,220.30516431924883,0.39789025039957376,3.322932917316693,28254,-0.5,-0.866,1,61.8,11.3,0.171,127.9
2025-08-01,2025,8,Aug,Q3,1,Patna,Bihar,Menstrual Hygiene,Pad for Dignity Drive,Community Group,Fundraising Event,44332,17801,189,60.2,2,7,2,8779,5.96,93.95,46925.0,213.0,32275.0,181.0,32423.0,204.0,234.56084656084656,0.4015383921320942,3.13953488372093,26531,-0.866,-0.5,1,61.8,11.3,0.171,127.9
2025-09-01,2025,9,Sep,Q3,1,Patna,Bihar,Menstrual Hygiene,Pad for Dignity Drive,Individual,Fundraising Event,37088,20316,173,55.7,2,9,3,7575,4.0,117.26,44332.0,189.0,46925.0,213.0,32275.0,181.0,214.3815028901734,0.5477782571182054,3.105924596050269,16772,-1.0,-0.0,1,61.8,11.3,0.171,127.9
2025-10-01,2025,10,Oct,Q4,1,Patna,Bihar,Menstrual Hygiene,Pad for Dignity Drive,Alumni Network,Online Portal,36948,20807,208,61.5,2,9,3,9474,5.0,100.05,37088.0,173.0,44332.0,189.0,46925.0,213.0,177.6346153846154,0.5631427952798528,3.3821138211382116,16141,-0.866,0.5,1,61.8,11.3,0.171,127.9
2025-11-01,2025,11,Nov,Q4,1,Patna,Bihar,Menstrual Hygiene,Pad for Dignity Drive,Individual,Fundraising Event,40566,20816,192,54.1,2,8,4,8448,4.57,108.43,36948.0,208.0,37088.0,173.0,44332.0,189.0,211.28125,0.5131390819898437,3.5489833641404807,19750,-0.5,0.866,1,61.8,11.3,0.171,127.9
2025-12-01,2025,12,Dec,Q4,1,Patna,Bihar,Menstrual Hygiene,Pad for Dignity Drive,Individual,Bank Transfer,40398,17935,183,47.0,3,7,3,9072,8.08,97.87,40566.0,192.0,36948.0,208.0,37088.0,173.0,220.75409836065575,0.4439576216644388,3.893617021276596,22463,-0.0,1.0,1,61.8,11.3,0.171,127.9
