date,year,month_num,month,quarter,is_festive_season,city,state,program,campaign,donor_type,channel,donation_amount,expense_amount,beneficiaries_reached,volunteer_hours,event_count,new_donors,recurring_donors,social_reach,engagement_rate,cost_per_beneficiary
2024-01-01,2024,1,Jan,Q1,0,Kanpur,Uttar Pradesh,Education Support,Back to School Drive,Corporate CSR,UPI,101646,39793,195,62.8,2,20,8,11689,3.82,204.1
2024-01-01,2024,1,Jan,Q1,0,Kanpur,Uttar Pradesh,Food Distribution,Meal Support Campaign,Individual,UPI,47674,50848,349,110.2,4,11,5,13796,4.25,145.66
2024-01-01,2024,1,Jan,Q1,0,Kanpur,Uttar Pradesh,Menstrual Hygiene,Pad for Dignity Drive,Individual,Fundraising Event,37798,26778,278,68.4,4,6,3,11184,8.02,96.37
2024-01-01,2024,1,Jan,Q1,0,Kanpur,Uttar Pradesh,Clothing Support,Warmth and Dignity Drive,Corporate CSR,Online Portal,57426,33450,216,75.1,2,13,4,10518,8.3,155.1
2024-01-01,2024,1,Jan,Q1,0,Kanpur,Uttar Pradesh,Health Awareness,Community Wellness Camp,Alumni Network,Bank Transfer,46000,31123,258,84.0,3,10,4,10854,7.71,120.7
2024-01-01,2024,1,Jan,Q1,0,Delhi,Delhi,Education Support,Back to School Drive,Individual,Bank Transfer,54440,40314,185,63.5,2,10,3,8465,8.27,217.47
2024-01-01,2024,1,Jan,Q1,0,Delhi,Delhi,Food Distribution,Meal Support Campaign,Individual,UPI,48130,42755,305,112.6,3,9,3,11335,9.04,140.03
2024-01-01,2024,1,Jan,Q1,0,Delhi,Delhi,Menstrual Hygiene,Pad for Dignity Drive,Corporate CSR,Bank Transfer,62467,26578,219,57.4,2,10,4,9482,9.78,121.25
2024-01-01,2024,1,Jan,Q1,0,Delhi,Delhi,Clothing Support,Warmth and Dignity Drive,Corporate CSR,UPI,65275,29012,238,65.4,2,12,4,11523,6.29,121.76
2024-01-01,2024,1,Jan,Q1,0,Delhi,Delhi,Health Awareness,Community Wellness Camp,Individual,UPI,39095,32027,227,72.2,2,8,3,7465,3.22,141.06
2024-01-01,2024,1,Jan,Q1,0,Lucknow,Uttar Pradesh,Education Support,Back to School Drive,Community Group,Fundraising Event,62426,34353,180,58.1,2,11,4,8656,5.67,190.82
2024-01-01,2024,1,Jan,Q1,0,Lucknow,Uttar Pradesh,Food Distribution,Meal Support Campaign,Individual,UPI,38661,36460,264,81.8,2,7,2,8467,6.94,138.01
2024-01-01,2024,1,Jan,Q1,0,Lucknow,Uttar Pradesh,Menstrual Hygiene,Pad for Dignity Drive,Individual,Online Portal,36027,22333,224,55.9,2,6,2,8485,7.2,99.56
2024-01-01,2024,1,Jan,Q1,0,Lucknow,Uttar Pradesh,Clothing Support,Warmth and Dignity Drive,Alumni Network,Bank Transfer,34627,27083,178,52.8,2,7,2,5924,3.34,151.75
2024-01-01,2024,1,Jan,Q1,0,Lucknow,Uttar Pradesh,Health Awareness,Community Wellness Camp,Corporate CSR,Bank Transfer,46466,23119,226,56.9,3,10,4,8495,6.4,102.29
2024-01-01,2024,1,Jan,Q1,0,Jaipur,Rajasthan,Education Support,Back to School Drive,Corporate CSR,Online Portal,65924,30949,153,49.2,2,14,5,10066,3.56,201.86
2024-01-01,2024,1,Jan,Q1,0,Jaipur,Rajasthan,Food Distribution,Meal Support Campaign,Corporate CSR,UPI,51773,38189,258,73.0,3,10,3,9206,6.25,147.84
2024-01-01,2024,1,Jan,Q1,0,Jaipur,Rajasthan,Menstrual Hygiene,Pad for Dignity Drive,Community Group,UPI,36810,20578,200,48.5,2,6,3,9240,8.8,102.75
2024-01-01,2024,1,Jan,Q1,0,Jaipur,Rajasthan,Clothing Support,Warmth and Dignity Drive,Individual,Online Portal,28046,25923,185,50.8,3,6,3,7622,5.08,140.11
2024-01-01,2024,1,Jan,Q1,0,Jaipur,Rajasthan,Health Awareness,Community Wellness Camp,Corporate CSR,Online Portal,44530,25216,186,56.0,2,8,2,8420,6.52,135.72
2024-01-01,2024,1,Jan,Q1,0,Patna,Bihar,Education Support,Back to School Drive,Community Group,Bank Transfer,42270,31355,144,45.9,2,7,3,8010,6.96,217.07
2024-01-01,2024,1,Jan,Q1,0,Patna,Bihar,Food Distribution,Meal Support Campaign,Corporate CSR,UPI,56159,34260,222,72.6,2,13,6,9084,5.81,154.19
2024-01-01,2024,1,Jan,Q1,0,Patna,Bihar,Menstrual Hygiene,Pad for Dignity Drive,Corporate CSR,Fundraising Event,47619,20592,190,45.3,2,9,3,8643,6.54,108.36
2024-01-01,2024,1,Jan,Q1,0,Patna,Bihar,Clothing Support,Warmth and Dignity Drive,Individual,Fundraising Event,28882,21930,173,47.5,2,5,2,7917,7.52,126.54
2024-01-01,2024,1,Jan,Q1,0,Patna,Bihar,Health Awareness,Community Wellness Camp,Individual,Fundraising Event,30061,23165,164,44.4,1,5,2,5866,4.59,141.36
2024-01-01,2024,1,Jan,Q1,0,Bhopal,Madhya Pradesh,Education Support,Back to School Drive,Individual,Fundraising Event,36338,29409,125,39.4,1,6,2,5693,4.06,235.5
2024-01-01,2024,1,Jan,Q1,0,Bhopal,Madhya Pradesh,Food Distribution,Meal Support Campaign,Alumni Network,Bank Transfer,34094,30889,214,58.2,3,6,3,8129,8.71,144.45
2024-01-01,2024,1,Jan,Q1,0,Bhopal,Madhya Pradesh,Menstrual Hygiene,Pad for Dignity Drive,Corporate CSR,Bank Transfer,43902,17214,139,45.1,1,11,4,7391,7.6,124.14
2024-01-01,2024,1,Jan,Q1,0,Bhopal,Madhya Pradesh,Clothing Support,Warmth and Dignity Drive,Individual,Online Portal,27403,22559,156,44.0,2,5,2,5805,4.38,144.77
2024-01-01,2024,1,Jan,Q1,0,Bhopal,Madhya Pradesh,Health Awareness,Community Wellness Camp,Alumni Network,Online Portal,28966,21255,187,50.7,2,7,3,7976,4.67,113.63
2024-02-01,2024,2,Feb,Q1,0,Kanpur,Uttar Pradesh,Education Support,Back to School Drive,Community Group,Online Portal,68851,45763,229,77.1,2,14,5,9652,8.3,200.03
2024-02-01,2024,2,Feb,Q1,0,Kanpur,Uttar Pradesh,Food Distribution,Meal Support Campaign,Individual,Online Portal,50751,47483,363,99.3,3,11,5,15736,3.45,130.96
2024-02-01,2024,2,Feb,Q1,0,Kanpur,Uttar Pradesh,Menstrual Hygiene,Pad for Dignity Drive,Corporate CSR,Fundraising Event,76532,28224,236,67.5,3,15,5,12841,3.21,119.38
2024-02-01,2024,2,Feb,Q1,0,Kanpur,Uttar Pradesh,Clothing Support,Warmth and Dignity Drive,Alumni Network,Bank Transfer,40763,33715,203,59.3,2,7,3,7624,5.24,165.96
2024-02-01,2024,2,Feb,Q1,0,Kanpur,Uttar Pradesh,Health Awareness,Community Wellness Camp,Individual,Online Portal,42675,29610,272,84.2,3,8,3,10384,5.88,108.87
2024-02-01,2024,2,Feb,Q1,0,Delhi,Delhi,Education Support,Back to School Drive,Community Group,Fundraising Event,64365,41273,196,76.6,2,13,4,9995,9.15,210.07
2024-02-01,2024,2,Feb,Q1,0,Delhi,Delhi,Food Distribution,Meal Support Campaign,Community Group,Bank Transfer,58617,48082,297,100.2,4,10,3,11116,8.52,161.79
2024-02-01,2024,2,Feb,Q1,0,Delhi,Delhi,Menstrual Hygiene,Pad for Dignity Drive,Individual,UPI,38083,28047,235,57.4,3,7,2,9554,6.46,119.31
2024-02-01,2024,2,Feb,Q1,0,Delhi,Delhi,Clothing Support,Warmth and Dignity Drive,Individual,UPI,41338,33357,240,80.9,3,7,3,9061,6.88,139.19
2024-02-01,2024,2,Feb,Q1,0,Delhi,Delhi,Health Awareness,Community Wellness Camp,Alumni Network,UPI,40847,30843,276,93.9,3,7,3,10514,7.95,111.93
2024-02-01,2024,2,Feb,Q1,0,Lucknow,Uttar Pradesh,Education Support,Back to School Drive,Corporate CSR,Online Portal,87575,34184,180,61.5,2,16,7,11686,7.34,189.62
2024-02-01,2024,2,Feb,Q1,0,Lucknow,Uttar Pradesh,Food Distribution,Meal Support Campaign,Individual,UPI,41109,38177,248,90.7,3,10,4,7991,4.61,154.24
2024-02-01,2024,2,Feb,Q1,0,Lucknow,Uttar Pradesh,Menstrual Hygiene,Pad for Dignity Drive,Individual,Fundraising Event,34814,20994,195,54.1,2,7,3,8706,8.25,107.44
2024-02-01,2024,2,Feb,Q1,0,Lucknow,Uttar Pradesh,Clothing Support,Warmth and Dignity Drive,Individual,UPI,35332,25720,175,60.9,2,7,3,7971,9.13,147.35
2024-02-01,2024,2,Feb,Q1,0,Lucknow,Uttar Pradesh,Health Awareness,Community Wellness Camp,Corporate CSR,Fundraising Event,54096,24474,188,58.5,2,13,5,7900,7.31,130.17
2024-02-01,2024,2,Feb,Q1,0,Jaipur,Rajasthan,Education Support,Back to School Drive,Individual,Online Portal,44300,29064,162,58.7,1,10,3,7136,6.2,179.2
2024-02-01,2024,2,Feb,Q1,0,Jaipur,Rajasthan,Food Distribution,Meal Support Campaign,Individual,Online Portal,33743,35647,275,98.9,3,6,2,11387,4.68,129.83
2024-02-01,2024,2,Feb,Q1,0,Jaipur,Rajasthan,Menstrual Hygiene,Pad for Dignity Drive,Individual,UPI,33694,19251,206,49.3,3,8,4,7959,4.64,93.52
2024-02-01,2024,2,Feb,Q1,0,Jaipur,Rajasthan,Clothing Support,Warmth and Dignity Drive,Corporate CSR,Fundraising Event,44911,25253,174,47.0,2,7,2,6604,5.26,144.81
2024-02-01,2024,2,Feb,Q1,0,Jaipur,Rajasthan,Health Awareness,Community Wellness Camp,Corporate CSR,Online Portal,49170,21335,209,65.3,2,12,6,10290,7.16,101.99
2024-02-01,2024,2,Feb,Q1,0,Patna,Bihar,Education Support,Back to School Drive,Individual,UPI,38802,28721,142,52.8,2,7,3,5749,9.54,201.96
2024-02-01,2024,2,Feb,Q1,0,Patna,Bihar,Food Distribution,Meal Support Campaign,Corporate CSR,Online Portal,59319,35264,225,84.0,3,10,4,10273,6.07,157.06
2024-02-01,2024,2,Feb,Q1,0,Patna,Bihar,Menstrual Hygiene,Pad for Dignity Drive,Community Group,Fundraising Event,34389,20616,160,42.1,2,6,3,7126,5.42,129.15
2024-02-01,2024,2,Feb,Q1,0,Patna,Bihar,Clothing Support,Warmth and Dignity Drive,Corporate CSR,Fundraising Event,42083,23782,146,42.7,1,8,3,5866,9.46,162.97
2024-02-01,2024,2,Feb,Q1,0,Patna,Bihar,Health Awareness,Community Wellness Camp,Individual,Online Portal,27881,22429,197,60.7,2,5,2,6181,7.77,113.63
2024-02-01,2024,2,Feb,Q1,0,Bhopal,Madhya Pradesh,Education Support,Back to School Drive,Individual,Fundraising Event,37248,26954,136,54.4,2,7,2,5822,4.0,198.52
2024-02-01,2024,2,Feb,Q1,0,Bhopal,Madhya Pradesh,Food Distribution,Meal Support Campaign,Individual,UPI,32954,32487,238,69.3,2,7,3,9447,7.14,136.54
2024-02-01,2024,2,Feb,Q1,0,Bhopal,Madhya Pradesh,Menstrual Hygiene,Pad for Dignity Drive,Alumni Network,Bank Transfer,27782,17029,153,46.5,2,7,2,5482,9.43,111.17
2024-02-01,2024,2,Feb,Q1,0,Bhopal,Madhya Pradesh,Clothing Support,Warmth and Dignity Drive,Corporate CSR,Online Portal,38209,20054,128,39.2,1,6,2,6985,3.95,157.16
2024-02-01,2024,2,Feb,Q1,0,Bhopal,Madhya Pradesh,Health Awareness,Community Wellness Camp,Individual,Online Portal,23119,18406,177,46.0,2,5,3,5100,8.25,103.78
2024-03-01,2024,3,Mar,Q1,0,Kanpur,Uttar Pradesh,Education Support,Back to School Drive,Corporate CSR,Bank Transfer,108003,46086,205,70.9,2,22,9,12479,9.54,224.76
2024-03-01,2024,3,Mar,Q1,0,Kanpur,Uttar Pradesh,Food Distribution,Meal Support Campaign,Individual,Bank Transfer,51058,45188,313,92.7,3,12,5,12707,6.3,144.51
2024-03-01,2024,3,Mar,Q1,0,Kanpur,Uttar Pradesh,Menstrual Hygiene,Pad for Dignity Drive,Individual,Fundraising Event,46037,27442,264,79.7,2,8,3,10855,9.36,103.92
2024-03-01,2024,3,Mar,Q1,0,Kanpur,Uttar Pradesh,Clothing Support,Warmth and Dignity Drive,Individual,Bank Transfer,41788,34736,257,68.1,3,9,4,9923,5.1,135.4
2024-03-01,2024,3,Mar,Q1,0,Kanpur,Uttar Pradesh,Health Awareness,Community Wellness Camp,Individual,Fundraising Event,43537,31460,302,88.4,4,11,4,10013,4.85,104.25
2024-03-01,2024,3,Mar,Q1,0,Delhi,Delhi,Education Support,Back to School Drive,Individual,UPI,64184,38905,211,66.3,2,13,6,11811,4.4,184.57
2024-03-01,2024,3,Mar,Q1,0,Delhi,Delhi,Food Distribution,Meal Support Campaign,Corporate CSR,Online Portal,88865,45851,315,96.1,4,21,8,14939,7.57,145.62
2024-03-01,2024,3,Mar,Q1,0,Delhi,Delhi,Menstrual Hygiene,Pad for Dignity Drive,Individual,UPI,41076,25441,226,74.3,3,8,4,9422,6.78,112.48
2024-03-01,2024,3,Mar,Q1,0,Delhi,Delhi,Clothing Support,Warmth and Dignity Drive,Individual,Bank Transfer,38460,31098,227,68.8,3,9,3,7883,9.01,136.99
2024-03-01,2024,3,Mar,Q1,0,Delhi,Delhi,Health Awareness,Community Wellness Camp,Corporate CSR,UPI,74468,28436,264,68.7,3,14,4,14618,9.23,107.75
2024-03-01,2024,3,Mar,Q1,0,Lucknow,Uttar Pradesh,Education Support,Back to School Drive,Individual,UPI,49873,37177,154,53.3,2,10,4,7791,6.21,240.89
2024-03-01,2024,3,Mar,Q1,0,Lucknow,Uttar Pradesh,Food Distribution,Meal Support Campaign,Individual,Bank Transfer,44045,42246,269,97.7,3,8,3,11988,6.55,157.19
2024-03-01,2024,3,Mar,Q1,0,Lucknow,Uttar Pradesh,Menstrual Hygiene,Pad for Dignity Drive,Community Group,Fundraising Event,45362,22573,219,65.7,2,9,4,8458,8.23,102.88
2024-03-01,2024,3,Mar,Q1,0,Lucknow,Uttar Pradesh,Clothing Support,Warmth and Dignity Drive,Individual,Fundraising Event,35415,24982,210,62.3,2,7,2,7893,9.23,119.14
2024-03-01,2024,3,Mar,Q1,0,Lucknow,Uttar Pradesh,Health Awareness,Community Wellness Camp,Individual,Bank Transfer,33222,25280,190,57.3,2,6,2,7398,6.22,133.33
2024-03-01,2024,3,Mar,Q1,0,Jaipur,Rajasthan,Education Support,Back to School Drive,Community Group,Online Portal,59016,29023,176,71.4,2,11,4,7961,5.37,164.84
2024-03-01,2024,3,Mar,Q1,0,Jaipur,Rajasthan,Food Distribution,Meal Support Campaign,Corporate CSR,Online Portal,68711,38853,255,82.3,3,13,4,12590,5.1,152.55
2024-03-01,2024,3,Mar,Q1,0,Jaipur,Rajasthan,Menstrual Hygiene,Pad for Dignity Drive,Individual,UPI,31696,20938,165,52.6,2,6,3,5398,8.45,127.09
2024-03-01,2024,3,Mar,Q1,0,Jaipur,Rajasthan,Clothing Support,Warmth and Dignity Drive,Individual,Fundraising Event,29169,23733,159,52.0,2,7,3,5943,7.71,149.49
2024-03-01,2024,3,Mar,Q1,0,Jaipur,Rajasthan,Health Awareness,Community Wellness Camp,Corporate CSR,Bank Transfer,47953,23029,206,63.9,2,10,3,9101,3.69,111.62
2024-03-01,2024,3,Mar,Q1,0,Patna,Bihar,Education Support,Back to School Drive,Alumni Network,Fundraising Event,45631,28065,143,59.0,2,10,4,6631,6.97,196.39
2024-03-01,2024,3,Mar,Q1,0,Patna,Bihar,Food Distribution,Meal Support Campaign,Corporate CSR,Fundraising Event,50351,33122,250,68.0,2,9,5,11847,8.12,132.34
2024-03-01,2024,3,Mar,Q1,0,Patna,Bihar,Menstrual Hygiene,Pad for Dignity Drive,Community Group,Fundraising Event,39352,20148,160,41.2,2,9,4,7800,7.69,126.03
2024-03-01,2024,3,Mar,Q1,0,Patna,Bihar,Clothing Support,Warmth and Dignity Drive,Individual,UPI,30597,21712,165,50.1,2,5,2,5977,8.13,131.26
2024-03-01,2024,3,Mar,Q1,0,Patna,Bihar,Health Awareness,Community Wellness Camp,Individual,Bank Transfer,30613,21110,204,60.1,2,7,3,8912,9.58,103.24
2024-03-01,2024,3,Mar,Q1,0,Bhopal,Madhya Pradesh,Education Support,Back to School Drive,Individual,Fundraising Event,41235,25156,134,54.0,2,8,4,6439,8.78,187.31
2024-03-01,2024,3,Mar,Q1,0,Bhopal,Madhya Pradesh,Food Distribution,Meal Support Campaign,Corporate CSR,UPI,57306,31592,186,59.3,2,11,5,10185,9.41,170.3
2024-03-01,2024,3,Mar,Q1,0,Bhopal,Madhya Pradesh,Menstrual Hygiene,Pad for Dignity Drive,Individual,Bank Transfer,27740,19181,165,44.3,2,5,2,6183,7.83,116.09
2024-03-01,2024,3,Mar,Q1,0,Bhopal,Madhya Pradesh,Clothing Support,Warmth and Dignity Drive,Corporate CSR,UPI,39373,20143,166,51.0,2,7,2,7131,7.63,121.69
2024-03-01,2024,3,Mar,Q1,0,Bhopal,Madhya Pradesh,Health Awareness,Community Wellness Camp,Community Group,Online Portal,33050,21577,183,56.4,2,6,3,6499,7.76,117.96
2024-04-01,2024,4,Apr,Q2,0,Kanpur,Uttar Pradesh,Education Support,Back to School Drive,Individual,Online Portal,61923,39329,234,91.9,2,10,4,10384,4.45,168.42
2024-04-01,2024,4,Apr,Q2,0,Kanpur,Uttar Pradesh,Food Distribution,Meal Support Campaign,Individual,Online Portal,41061,50097,310,116.1,4,9,5,12279,4.55,161.71
2024-04-01,2024,4,Apr,Q2,0,Kanpur,Uttar Pradesh,Menstrual Hygiene,Pad for Dignity Drive,Community Group,Bank Transfer,50607,26144,273,84.7,3,10,3,12887,9.72,95.73
2024-04-01,2024,4,Apr,Q2,0,Kanpur,Uttar Pradesh,Clothing Support,Warmth and Dignity Drive,Corporate CSR,Bank Transfer,56646,30275,255,75.2,2,11,3,9892,4.04,118.52
2024-04-01,2024,4,Apr,Q2,0,Kanpur,Uttar Pradesh,Health Awareness,Community Wellness Camp,Individual,UPI,40843,32933,270,79.5,4,8,4,7903,8.37,122.2
2024-04-01,2024,4,Apr,Q2,0,Delhi,Delhi,Education Support,Back to School Drive,Community Group,Fundraising Event,63718,37100,228,83.9,3,12,5,12275,3.69,162.75
2024-04-01,2024,4,Apr,Q2,0,Delhi,Delhi,Food Distribution,Meal Support Campaign,Individual,Bank Transfer,38749,47577,300,98.9,4,6,2,10206,7.2,158.61
2024-04-01,2024,4,Apr,Q2,0,Delhi,Delhi,Menstrual Hygiene,Pad for Dignity Drive,Individual,UPI,42055,27511,249,76.0,3,9,3,8843,6.19,110.39
2024-04-01,2024,4,Apr,Q2,0,Delhi,Delhi,Clothing Support,Warmth and Dignity Drive,Individual,UPI,33797,29506,210,74.6,2,7,2,6462,6.05,140.57
2024-04-01,2024,4,Apr,Q2,0,Delhi,Delhi,Health Awareness,Community Wellness Camp,Community Group,Fundraising Event,48173,30236,262,78.4,3,12,4,10991,8.15,115.48
2024-04-01,2024,4,Apr,Q2,0,Lucknow,Uttar Pradesh,Education Support,Back to School Drive,Community Group,UPI,60980,33223,176,66.9,2,11,4,8199,8.78,188.96
2024-04-01,2024,4,Apr,Q2,0,Lucknow,Uttar Pradesh,Food Distribution,Meal Support Campaign,Individual,Fundraising Event,37560,41766,292,109.6,3,7,3,7926,9.33,143.0
2024-04-01,2024,4,Apr,Q2,0,Lucknow,Uttar Pradesh,Menstrual Hygiene,Pad for Dignity Drive,Community Group,Fundraising Event,34945,23215,190,61.5,2,8,3,7950,3.66,122.2
2024-04-01,2024,4,Apr,Q2,0,Lucknow,Uttar Pradesh,Clothing Support,Warmth and Dignity Drive,Community Group,UPI,32779,25527,188,57.3,2,7,3,8580,7.14,135.57
2024-04-01,2024,4,Apr,Q2,0,Lucknow,Uttar Pradesh,Health Awareness,Community Wellness Camp,Community Group,Bank Transfer,34352,25960,225,61.0,2,7,3,7442,8.18,115.48
2024-04-01,2024,4,Apr,Q2,0,Jaipur,Rajasthan,Education Support,Back to School Drive,Individual,Online Portal,36833,31944,165,61.6,2,8,4,5850,4.55,193.88
2024-04-01,2024,4,Apr,Q2,0,Jaipur,Rajasthan,Food Distribution,Meal Support Campaign,Alumni Network,Bank Transfer,38672,33420,234,75.8,3,9,4,7822,6.89,143.01
2024-04-01,2024,4,Apr,Q2,0,Jaipur,Rajasthan,Menstrual Hygiene,Pad for Dignity Drive,Corporate CSR,Fundraising Event,44878,18554,204,48.8,2,8,3,8873,7.88,91.0
2024-04-01,2024,4,Apr,Q2,0,Jaipur,Rajasthan,Clothing Support,Warmth and Dignity Drive,Individual,UPI,26878,22516,193,68.5,2,5,2,6677,3.9,116.64
2024-04-01,2024,4,Apr,Q2,0,Jaipur,Rajasthan,Health Awareness,Community Wellness Camp,Individual,Online Portal,28513,22254,194,54.1,2,7,3,5843,6.57,114.43
2024-04-01,2024,4,Apr,Q2,0,Patna,Bihar,Education Support,Back to School Drive,Alumni Network,Fundraising Event,39303,30104,165,54.0,2,9,3,6316,8.21,182.62
2024-04-01,2024,4,Apr,Q2,0,Patna,Bihar,Food Distribution,Meal Support Campaign,Individual,Online Portal,31299,34112,235,80.9,2,6,3,7588,9.61,145.04
2024-04-01,2024,4,Apr,Q2,0,Patna,Bihar,Menstrual Hygiene,Pad for Dignity Drive,Individual,Online Portal,24816,18251,171,44.9,2,5,2,6034,3.58,106.91
2024-04-01,2024,4,Apr,Q2,0,Patna,Bihar,Clothing Support,Warmth and Dignity Drive,Community Group,UPI,32565,20669,181,57.6,2,6,3,7740,3.47,114.41
2024-04-01,2024,4,Apr,Q2,0,Patna,Bihar,Health Awareness,Community Wellness Camp,Alumni Network,Bank Transfer,26994,20121,186,46.6,2,5,2,7339,6.53,108.45
2024-04-01,2024,4,Apr,Q2,0,Bhopal,Madhya Pradesh,Education Support,Back to School Drive,Individual,Bank Transfer,37371,27329,154,59.3,2,6,2,7494,7.68,177.15
2024-04-01,2024,4,Apr,Q2,0,Bhopal,Madhya Pradesh,Food Distribution,Meal Support Campaign,Individual,Fundraising Event,26057,32259,191,57.6,2,5,2,7904,5.4,168.66
2024-04-01,2024,4,Apr,Q2,0,Bhopal,Madhya Pradesh,Menstrual Hygiene,Pad for Dignity Drive,Corporate CSR,Bank Transfer,48399,18123,153,45.8,2,9,3,7845,7.45,118.6
2024-04-01,2024,4,Apr,Q2,0,Bhopal,Madhya Pradesh,Clothing Support,Warmth and Dignity Drive,Individual,Bank Transfer,24923,21743,162,53.1,2,5,2,5603,5.59,134.38
2024-04-01,2024,4,Apr,Q2,0,Bhopal,Madhya Pradesh,Health Awareness,Community Wellness Camp,Individual,Bank Transfer,23559,18839,186,63.6,2,5,2,6446,6.76,101.37
2024-05-01,2024,5,May,Q2,0,Kanpur,Uttar Pradesh,Education Support,Back to School Drive,Community Group,UPI,69774,43443,236,90.4,3,16,7,11952,9.16,184.0
2024-05-01,2024,5,May,Q2,0,Kanpur,Uttar Pradesh,Food Distribution,Meal Support Campaign,Community Group,UPI,54118,46326,354,112.7,4,10,4,13195,5.24,130.92
2024-05-01,2024,5,May,Q2,0,Kanpur,Uttar Pradesh,Menstrual Hygiene,Pad for Dignity Drive,Community Group,Online Portal,54039,28424,232,67.6,3,10,5,10094,5.96,122.26
2024-05-01,2024,5,May,Q2,0,Kanpur,Uttar Pradesh,Clothing Support,Warmth and Dignity Drive,Individual,Bank Transfer,39790,30960,211,68.3,2,8,2,9550,8.82,146.66
2024-05-01,2024,5,May,Q2,0,Kanpur,Uttar Pradesh,Health Awareness,Community Wellness Camp,Individual,Bank Transfer,35760,29163,303,87.0,3,8,3,9514,3.38,96.37
2024-05-01,2024,5,May,Q2,0,Delhi,Delhi,Education Support,Back to School Drive,Individual,Fundraising Event,48615,39450,231,72.3,2,8,3,10671,4.11,170.8
2024-05-01,2024,5,May,Q2,0,Delhi,Delhi,Food Distribution,Meal Support Campaign,Individual,Online Portal,45312,48148,290,92.5,4,11,4,12289,6.82,166.05
2024-05-01,2024,5,May,Q2,0,Delhi,Delhi,Menstrual Hygiene,Pad for Dignity Drive,Community Group,Online Portal,41883,25162,227,54.9,3,7,3,7528,9.17,110.77
2024-05-01,2024,5,May,Q2,0,Delhi,Delhi,Clothing Support,Warmth and Dignity Drive,Corporate CSR,UPI,61208,32175,227,65.3,3,13,5,9410,7.61,141.83
2024-05-01,2024,5,May,Q2,0,Delhi,Delhi,Health Awareness,Community Wellness Camp,Corporate CSR,Fundraising Event,54112,29751,261,89.1,3,11,4,11346,9.67,113.88
2024-05-01,2024,5,May,Q2,0,Lucknow,Uttar Pradesh,Education Support,Back to School Drive,Individual,UPI,42448,32465,152,59.3,2,8,4,6297,5.53,213.37
2024-05-01,2024,5,May,Q2,0,Lucknow,Uttar Pradesh,Food Distribution,Meal Support Campaign,Individual,Bank Transfer,39541,42715,285,91.8,4,9,4,12153,3.44,149.96
2024-05-01,2024,5,May,Q2,0,Lucknow,Uttar Pradesh,Menstrual Hygiene,Pad for Dignity Drive,Individual,Bank Transfer,35403,21295,193,53.1,2,7,2,8047,5.09,110.1
2024-05-01,2024,5,May,Q2,0,Lucknow,Uttar Pradesh,Clothing Support,Warmth and Dignity Drive,Community Group,UPI,39625,24250,179,53.0,2,7,3,7281,9.63,135.21
2024-05-01,2024,5,May,Q2,0,Lucknow,Uttar Pradesh,Health Awareness,Community Wellness Camp,Corporate CSR,Online Portal,49684,23993,237,59.9,3,10,5,8611,5.14,101.36
2024-05-01,2024,5,May,Q2,0,Jaipur,Rajasthan,Education Support,Back to School Drive,Individual,Fundraising Event,42148,31957,150,54.2,1,9,3,7998,5.53,213.18
2024-05-01,2024,5,May,Q2,0,Jaipur,Rajasthan,Food Distribution,Meal Support Campaign,Alumni Network,Fundraising Event,37087,32950,269,92.1,3,7,3,8079,3.41,122.6
2024-05-01,2024,5,May,Q2,0,Jaipur,Rajasthan,Menstrual Hygiene,Pad for Dignity Drive,Community Group,Online Portal,31785,21353,165,44.9,2,6,3,7085,9.46,129.31
2024-05-01,2024,5,May,Q2,0,Jaipur,Rajasthan,Clothing Support,Warmth and Dignity Drive,Individual,UPI,27759,23511,174,56.4,2,7,3,6484,5.75,135.2
2024-05-01,2024,5,May,Q2,0,Jaipur,Rajasthan,Health Awareness,Community Wellness Camp,Corporate CSR,Fundraising Event,50585,21807,212,64.6,2,8,3,8074,3.69,102.7
2024-05-01,2024,5,May,Q2,0,Patna,Bihar,Education Support,Back to School Drive,Individual,Online Portal,42609,31845,160,68.8,2,8,3,6853,5.18,199.1
2024-05-01,2024,5,May,Q2,0,Patna,Bihar,Food Distribution,Meal Support Campaign,Individual,Bank Transfer,33597,31159,233,68.2,3,6,2,8597,5.63,133.65
2024-05-01,2024,5,May,Q2,0,Patna,Bihar,Menstrual Hygiene,Pad for Dignity Drive,Community Group,Bank Transfer,34673,18250,155,51.3,2,7,3,7412,3.69,117.73
2024-05-01,2024,5,May,Q2,0,Patna,Bihar,Clothing Support,Warmth and Dignity Drive,Alumni Network,UPI,26848,21717,169,58.7,2,5,2,7549,6.06,128.63
2024-05-01,2024,5,May,Q2,0,Patna,Bihar,Health Awareness,Community Wellness Camp,Alumni Network,UPI,30362,20717,189,49.2,2,7,4,7118,5.07,109.75
2024-05-01,2024,5,May,Q2,0,Bhopal,Madhya Pradesh,Education Support,Back to School Drive,Individual,Bank Transfer,36295,25244,139,48.2,1,7,2,7341,4.22,181.69
2024-05-01,2024,5,May,Q2,0,Bhopal,Madhya Pradesh,Food Distribution,Meal Support Campaign,Corporate CSR,Fundraising Event,53215,33081,220,60.2,3,10,4,10238,8.26,150.59
2024-05-01,2024,5,May,Q2,0,Bhopal,Madhya Pradesh,Menstrual Hygiene,Pad for Dignity Drive,Individual,UPI,25619,16881,168,54.8,2,4,2,5613,3.68,100.77
2024-05-01,2024,5,May,Q2,0,Bhopal,Madhya Pradesh,Clothing Support,Warmth and Dignity Drive,Individual,Online Portal,23096,20149,148,40.4,1,5,3,5112,5.83,136.06
2024-05-01,2024,5,May,Q2,0,Bhopal,Madhya Pradesh,Health Awareness,Community Wellness Camp,Community Group,UPI,28267,19099,173,46.5,2,6,2,6824,4.84,110.48
2024-06-01,2024,6,Jun,Q2,0,Kanpur,Uttar Pradesh,Education Support,Back to School Drive,Community Group,Bank Transfer,80153,44516,241,80.2,3,13,5,13919,6.48,184.86
2024-06-01,2024,6,Jun,Q2,0,Kanpur,Uttar Pradesh,Food Distribution,Meal Support Campaign,Individual,Online Portal,50303,46374,382,118.1,5,10,5,14315,6.31,121.25
2024-06-01,2024,6,Jun,Q2,0,Kanpur,Uttar Pradesh,Menstrual Hygiene,Pad for Dignity Drive,Corporate CSR,UPI,73516,28838,281,86.9,3,15,6,11499,6.85,102.6
2024-06-01,2024,6,Jun,Q2,0,Kanpur,Uttar Pradesh,Clothing Support,Warmth and Dignity Drive,Individual,Online Portal,43670,35697,221,72.4,3,7,3,9994,5.44,161.32
2024-06-01,2024,6,Jun,Q2,0,Kanpur,Uttar Pradesh,Health Awareness,Community Wellness Camp,Alumni Network,Bank Transfer,41504,31419,275,68.6,4,9,4,9872,7.2,114.2
2024-06-01,2024,6,Jun,Q2,0,Delhi,Delhi,Education Support,Back to School Drive,Corporate CSR,Fundraising Event,108199,39806,195,75.1,2,21,8,13727,6.43,204.12
2024-06-01,2024,6,Jun,Q2,0,Delhi,Delhi,Food Distribution,Meal Support Campaign,Corporate CSR,Online Portal,87075,48134,312,117.1,3,15,7,15673,3.38,154.46
2024-06-01,2024,6,Jun,Q2,0,Delhi,Delhi,Menstrual Hygiene,Pad for Dignity Drive,Individual,Bank Transfer,44614,24651,248,73.4,3,8,3,10380,3.41,99.5
2024-06-01,2024,6,Jun,Q2,0,Delhi,Delhi,Clothing Support,Warmth and Dignity Drive,Alumni Network,UPI,38278,30592,220,66.1,3,8,3,8373,8.8,138.98
2024-06-01,2024,6,Jun,Q2,0,Delhi,Delhi,Health Awareness,Community Wellness Camp,Community Group,Bank Transfer,49056,32687,265,77.3,3,8,3,10594,6.81,123.24
2024-06-01,2024,6,Jun,Q2,0,Lucknow,Uttar Pradesh,Education Support,Back to School Drive,Corporate CSR,Fundraising Event,84604,32679,159,60.0,2,14,5,10327,4.57,205.71
2024-06-01,2024,6,Jun,Q2,0,Lucknow,Uttar Pradesh,Food Distribution,Meal Support Campaign,Corporate CSR,Fundraising Event,67680,42605,277,96.6,3,13,5,14054,5.8,153.6
2024-06-01,2024,6,Jun,Q2,0,Lucknow,Uttar Pradesh,Menstrual Hygiene,Pad for Dignity Drive,Individual,Bank Transfer,33735,23109,193,52.1,2,8,3,6523,6.75,119.73
2024-06-01,2024,6,Jun,Q2,0,Lucknow,Uttar Pradesh,Clothing Support,Warmth and Dignity Drive,Alumni Network,Fundraising Event,31854,26678,195,55.1,2,6,3,5936,5.93,136.92
2024-06-01,2024,6,Jun,Q2,0,Lucknow,Uttar Pradesh,Health Awareness,Community Wellness Camp,Corporate CSR,UPI,59615,27454,199,67.6,3,11,5,9665,7.49,138.01
2024-06-01,2024,6,Jun,Q2,0,Jaipur,Rajasthan,Education Support,Back to School Drive,Community Group,Fundraising Event,52195,33953,165,53.0,2,10,5,9472,9.23,205.37
2024-06-01,2024,6,Jun,Q2,0,Jaipur,Rajasthan,Food Distribution,Meal Support Campaign,Individual,Bank Transfer,41196,38456,219,77.9,3,7,3,7959,3.45,175.3
2024-06-01,2024,6,Jun,Q2,0,Jaipur,Rajasthan,Menstrual Hygiene,Pad for Dignity Drive,Individual,UPI,36360,20220,180,53.5,2,6,2,7354,5.0,112.56
2024-06-01,2024,6,Jun,Q2,0,Jaipur,Rajasthan,Clothing Support,Warmth and Dignity Drive,Community Group,Fundraising Event,33627,22999,172,47.5,2,6,2,7627,4.36,134.01
2024-06-01,2024,6,Jun,Q2,0,Jaipur,Rajasthan,Health Awareness,Community Wellness Camp,Community Group,Online Portal,41067,21367,203,63.0,3,10,4,7482,4.92,105.11
2024-06-01,2024,6,Jun,Q2,0,Patna,Bihar,Education Support,Back to School Drive,Individual,Fundraising Event,46714,30660,141,43.7,1,9,3,6408,5.22,218.14
2024-06-01,2024,6,Jun,Q2,0,Patna,Bihar,Food Distribution,Meal Support Campaign,Individual,Fundraising Event,36281,36558,243,75.3,3,6,2,8673,9.73,150.64
2024-06-01,2024,6,Jun,Q2,0,Patna,Bihar,Menstrual Hygiene,Pad for Dignity Drive,Individual,Online Portal,32590,20209,190,58.6,2,6,3,7347,6.69,106.51
2024-06-01,2024,6,Jun,Q2,0,Patna,Bihar,Clothing Support,Warmth and Dignity Drive,Individual,UPI,24976,22521,164,51.9,2,5,2,5011,4.56,137.29
2024-06-01,2024,6,Jun,Q2,0,Patna,Bihar,Health Awareness,Community Wellness Camp,Corporate CSR,UPI,53835,19815,186,48.0,2,10,4,9469,5.23,106.43
2024-06-01,2024,6,Jun,Q2,0,Bhopal,Madhya Pradesh,Education Support,Back to School Drive,Individual,Fundraising Event,42002,27723,147,46.3,2,10,5,8050,3.66,188.61
2024-06-01,2024,6,Jun,Q2,0,Bhopal,Madhya Pradesh,Food Distribution,Meal Support Campaign,Alumni Network,UPI,32474,29177,199,67.4,2,5,2,8714,6.16,146.97
2024-06-01,2024,6,Jun,Q2,0,Bhopal,Madhya Pradesh,Menstrual Hygiene,Pad for Dignity Drive,Alumni Network,Online Portal,29390,18218,171,49.2,2,6,2,6654,6.69,106.57
2024-06-01,2024,6,Jun,Q2,0,Bhopal,Madhya Pradesh,Clothing Support,Warmth and Dignity Drive,Community Group,Bank Transfer,34667,22781,161,49.1,2,7,3,6052,6.24,141.7
2024-06-01,2024,6,Jun,Q2,0,Bhopal,Madhya Pradesh,Health Awareness,Community Wellness Camp,Individual,Bank Transfer,29915,18617,186,60.2,2,5,2,5517,4.56,100.04
2024-07-01,2024,7,Jul,Q3,0,Kanpur,Uttar Pradesh,Education Support,Back to School Drive,Individual,UPI,63500,45876,227,77.1,3,13,5,11662,8.32,202.16
2024-07-01,2024,7,Jul,Q3,0,Kanpur,Uttar Pradesh,Food Distribution,Meal Support Campaign,Individual,Fundraising Event,49600,49870,380,126.5,4,9,3,15543,9.71,131.21
2024-07-01,2024,7,Jul,Q3,0,Kanpur,Uttar Pradesh,Menstrual Hygiene,Pad for Dignity Drive,Corporate CSR,Online Portal,75259,30084,226,72.3,2,14,5,11680,9.62,133.1
2024-07-01,2024,7,Jul,Q3,0,Kanpur,Uttar Pradesh,Clothing Support,Warmth and Dignity Drive,Alumni Network,Online Portal,49773,32257,225,61.5,3,9,4,10807,5.18,143.33
2024-07-01,2024,7,Jul,Q3,0,Kanpur,Uttar Pradesh,Health Awareness,Community Wellness Camp,Corporate CSR,Online Portal,83182,34302,281,84.0,4,19,6,14327,9.29,122.21
2024-07-01,2024,7,Jul,Q3,0,Delhi,Delhi,Education Support,Back to School Drive,Community Group,UPI,75433,37297,225,79.9,2,19,6,12769,7.08,166.12
2024-07-01,2024,7,Jul,Q3,0,Delhi,Delhi,Food Distribution,Meal Support Campaign,Corporate CSR,Bank Transfer,84904,45269,357,133.4,5,14,7,13462,9.8,126.7
2024-07-01,2024,7,Jul,Q3,0,Delhi,Delhi,Menstrual Hygiene,Pad for Dignity Drive,Individual,Bank Transfer,46992,25854,257,66.8,3,10,4,10698,5.24,100.56
2024-07-01,2024,7,Jul,Q3,0,Delhi,Delhi,Clothing Support,Warmth and Dignity Drive,Individual,Online Portal,40846,32474,243,81.7,3,9,3,7475,8.9,133.47
2024-07-01,2024,7,Jul,Q3,0,Delhi,Delhi,Health Awareness,Community Wellness Camp,Community Group,UPI,48561,30413,293,83.7,4,10,4,12647,6.5,103.73
2024-07-01,2024,7,Jul,Q3,0,Lucknow,Uttar Pradesh,Education Support,Back to School Drive,Corporate CSR,Fundraising Event,81757,37465,189,73.5,2,19,9,10355,7.95,197.91
2024-07-01,2024,7,Jul,Q3,0,Lucknow,Uttar Pradesh,Food Distribution,Meal Support Campaign,Corporate CSR,UPI,72556,36313,300,107.4,4,19,6,13863,3.65,121.21
2024-07-01,2024,7,Jul,Q3,0,Lucknow,Uttar Pradesh,Menstrual Hygiene,Pad for Dignity Drive,Individual,Bank Transfer,37852,22773,199,59.6,2,8,3,6357,6.84,114.51
2024-07-01,2024,7,Jul,Q3,0,Lucknow,Uttar Pradesh,Clothing Support,Warmth and Dignity Drive,Individual,Fundraising Event,35133,26339,179,59.0,2,6,2,8425,6.66,147.02
2024-07-01,2024,7,Jul,Q3,0,Lucknow,Uttar Pradesh,Health Awareness,Community Wellness Camp,Individual,Fundraising Event,38713,24822,208,58.5,2,7,4,7303,7.71,119.42
2024-07-01,2024,7,Jul,Q3,0,Jaipur,Rajasthan,Education Support,Back to School Drive,Community Group,UPI,51925,31933,155,49.0,2,12,5,7879,8.38,206.29
2024-07-01,2024,7,Jul,Q3,0,Jaipur,Rajasthan,Food Distribution,Meal Support Campaign,Corporate CSR,UPI,72955,34415,281,103.1,3,14,5,14717,7.72,122.66
2024-07-01,2024,7,Jul,Q3,0,Jaipur,Rajasthan,Menstrual Hygiene,Pad for Dignity Drive,Individual,UPI,31846,18585,207,53.1,3,6,3,9040,5.18,89.81
2024-07-01,2024,7,Jul,Q3,0,Jaipur,Rajasthan,Clothing Support,Warmth and Dignity Drive,Corporate CSR,Online Portal,56361,23647,176,58.8,2,10,3,9625,5.48,134.02
2024-07-01,2024,7,Jul,Q3,0,Jaipur,Rajasthan,Health Awareness,Community Wellness Camp,Individual,Bank Transfer,35751,24431,195,65.8,2,6,2,6950,9.75,125.35
2024-07-01,2024,7,Jul,Q3,0,Patna,Bihar,Education Support,Back to School Drive,Corporate CSR,Fundraising Event,75767,27757,144,55.0,2,13,5,9192,3.69,192.32
2024-07-01,2024,7,Jul,Q3,0,Patna,Bihar,Food Distribution,Meal Support Campaign,Individual,Online Portal,38657,35383,244,74.3,3,10,4,8526,4.98,145.14
2024-07-01,2024,7,Jul,Q3,0,Patna,Bihar,Menstrual Hygiene,Pad for Dignity Drive,Individual,Bank Transfer,31821,19140,179,44.3,2,6,3,7768,8.9,106.81
2024-07-01,2024,7,Jul,Q3,0,Patna,Bihar,Clothing Support,Warmth and Dignity Drive,Individual,Online Portal,28977,24278,145,50.7,1,6,2,5611,4.12,167.79
2024-07-01,2024,7,Jul,Q3,0,Patna,Bihar,Health Awareness,Community Wellness Camp,Individual,Online Portal,27894,20780,173,47.4,2,6,3,7089,6.47,120.09
2024-07-01,2024,7,Jul,Q3,0,Bhopal,Madhya Pradesh,Education Support,Back to School Drive,Corporate CSR,Online Portal,62385,29727,131,46.0,1,11,4,8004,8.58,226.28
2024-07-01,2024,7,Jul,Q3,0,Bhopal,Madhya Pradesh,Food Distribution,Meal Support Campaign,Community Group,Bank Transfer,39427,32592,225,72.4,3,8,3,9519,7.38,145.13
2024-07-01,2024,7,Jul,Q3,0,Bhopal,Madhya Pradesh,Menstrual Hygiene,Pad for Dignity Drive,Alumni Network,Bank Transfer,30739,18689,154,41.9,1,7,4,5472,8.27,121.21
2024-07-01,2024,7,Jul,Q3,0,Bhopal,Madhya Pradesh,Clothing Support,Warmth and Dignity Drive,Individual,Online Portal,30868,22134,139,47.8,2,5,2,6305,4.12,158.73
2024-07-01,2024,7,Jul,Q3,0,Bhopal,Madhya Pradesh,Health Awareness,Community Wellness Camp,Individual,Fundraising Event,29664,21250,187,47.1,2,6,2,6973,9.27,113.81
2024-08-01,2024,8,Aug,Q3,1,Kanpur,Uttar Pradesh,Education Support,Back to School Drive,Corporate CSR,UPI,122109,46171,210,78.8,2,30,14,15743,5.54,219.97
2024-08-01,2024,8,Aug,Q3,1,Kanpur,Uttar Pradesh,Food Distribution,Meal Support Campaign,Corporate CSR,UPI,95473,50644,357,133.7,4,17,5,14234,4.67,141.79
2024-08-01,2024,8,Aug,Q3,1,Kanpur,Uttar Pradesh,Menstrual Hygiene,Pad for Dignity Drive,Community Group,Bank Transfer,59279,29228,250,73.2,3,13,4,9363,5.95,116.8
2024-08-01,2024,8,Aug,Q3,1,Kanpur,Uttar Pradesh,Clothing Support,Warmth and Dignity Drive,Alumni Network,UPI,52655,31909,253,74.0,2,10,4,8826,7.97,126.26
2024-08-01,2024,8,Aug,Q3,1,Kanpur,Uttar Pradesh,Health Awareness,Community Wellness Camp,Individual,UPI,44250,29289,301,98.5,3,8,3,13236,4.81,97.36
2024-08-01,2024,8,Aug,Q3,1,Delhi,Delhi,Education Support,Back to School Drive,Individual,Bank Transfer,61280,40553,203,82.8,2,14,6,9646,8.07,199.47
2024-08-01,2024,8,Aug,Q3,1,Delhi,Delhi,Food Distribution,Meal Support Campaign,Community Group,Online Portal,66218,48667,317,92.9,3,11,3,11107,8.96,153.5
2024-08-01,2024,8,Aug,Q3,1,Delhi,Delhi,Menstrual Hygiene,Pad for Dignity Drive,Individual,Fundraising Event,43167,27283,220,62.2,2,9,3,8491,3.95,124.21
2024-08-01,2024,8,Aug,Q3,1,Delhi,Delhi,Clothing Support,Warmth and Dignity Drive,Individual,Online Portal,44425,32452,245,70.8,3,11,3,8091,5.22,132.25
2024-08-01,2024,8,Aug,Q3,1,Delhi,Delhi,Health Awareness,Community Wellness Camp,Individual,Bank Transfer,44478,27978,258,72.9,3,8,4,10503,9.8,108.37
2024-08-01,2024,8,Aug,Q3,1,Lucknow,Uttar Pradesh,Education Support,Back to School Drive,Corporate CSR,Online Portal,86297,36739,160,61.8,1,14,6,10260,5.73,228.95
2024-08-01,2024,8,Aug,Q3,1,Lucknow,Uttar Pradesh,Food Distribution,Meal Support Campaign,Corporate CSR,Online Portal,73698,41155,276,87.7,4,14,7,11522,3.42,149.38
2024-08-01,2024,8,Aug,Q3,1,Lucknow,Uttar Pradesh,Menstrual Hygiene,Pad for Dignity Drive,Individual,Fundraising Event,36175,23352,205,63.3,2,9,3,8829,8.63,114.07
2024-08-01,2024,8,Aug,Q3,1,Lucknow,Uttar Pradesh,Clothing Support,Warmth and Dignity Drive,Individual,UPI,38869,24984,188,56.7,2,7,2,8883,3.41,132.79
2024-08-01,2024,8,Aug,Q3,1,Lucknow,Uttar Pradesh,Health Awareness,Community Wellness Camp,Individual,UPI,36884,26696,253,67.7,2,7,3,9990,7.38,105.65
2024-08-01,2024,8,Aug,Q3,1,Jaipur,Rajasthan,Education Support,Back to School Drive,Individual,Bank Transfer,53352,33521,175,66.2,2,10,3,9972,5.13,192.09
2024-08-01,2024,8,Aug,Q3,1,Jaipur,Rajasthan,Food Distribution,Meal Support Campaign,Corporate CSR,UPI,62802,35744,271,75.0,3,12,5,10139,4.17,132.06
2024-08-01,2024,8,Aug,Q3,1,Jaipur,Rajasthan,Menstrual Hygiene,Pad for Dignity Drive,Individual,Bank Transfer,38769,20465,199,58.1,2,8,3,8438,9.01,102.73
2024-08-01,2024,8,Aug,Q3,1,Jaipur,Rajasthan,Clothing Support,Warmth and Dignity Drive,Individual,Fundraising Event,35134,24027,193,59.5,2,6,3,6310,9.62,124.24
2024-08-01,2024,8,Aug,Q3,1,Jaipur,Rajasthan,Health Awareness,Community Wellness Camp,Corporate CSR,Fundraising Event,63251,22852,221,74.9,2,13,5,9812,6.81,103.34
2024-08-01,2024,8,Aug,Q3,1,Patna,Bihar,Education Support,Back to School Drive,Individual,Online Portal,49837,31045,166,52.4,2,9,3,9282,4.24,186.86
2024-08-01,2024,8,Aug,Q3,1,Patna,Bihar,Food Distribution,Meal Support Campaign,Individual,Online Portal,35424,31567,249,84.7,3,6,2,9536,4.85,126.93
2024-08-01,2024,8,Aug,Q3,1,Patna,Bihar,Menstrual Hygiene,Pad for Dignity Drive,Individual,Bank Transfer,29991,19957,184,56.6,2,7,2,6062,3.71,108.75
2024-08-01,2024,8,Aug,Q3,1,Patna,Bihar,Clothing Support,Warmth and Dignity Drive,Corporate CSR,Online Portal,45998,23975,172,61.9,2,11,3,7650,8.02,139.0
2024-08-01,2024,8,Aug,Q3,1,Patna,Bihar,Health Awareness,Community Wellness Camp,Individual,Fundraising Event,31023,21267,181,58.6,2,6,3,5676,6.92,117.61
2024-08-01,2024,8,Aug,Q3,1,Bhopal,Madhya Pradesh,Education Support,Back to School Drive,Corporate CSR,Bank Transfer,71514,28131,148,48.5,2,13,6,8530,3.86,190.3
2024-08-01,2024,8,Aug,Q3,1,Bhopal,Madhya Pradesh,Food Distribution,Meal Support Campaign,Community Group,Online Portal,41831,33238,216,64.1,2,9,4,9423,5.08,154.17
2024-08-01,2024,8,Aug,Q3,1,Bhopal,Madhya Pradesh,Menstrual Hygiene,Pad for Dignity Drive,Alumni Network,UPI,36694,17105,172,49.1,2,7,2,5958,9.13,99.53
2024-08-01,2024,8,Aug,Q3,1,Bhopal,Madhya Pradesh,Clothing Support,Warmth and Dignity Drive,Alumni Network,Online Portal,30108,21551,142,37.5,1,8,3,5490,5.75,152.26
2024-08-01,2024,8,Aug,Q3,1,Bhopal,Madhya Pradesh,Health Awareness,Community Wellness Camp,Community Group,Online Portal,35152,21198,186,62.9,2,9,3,6691,3.46,113.82
2024-09-01,2024,9,Sep,Q3,1,Kanpur,Uttar Pradesh,Education Support,Back to School Drive,Individual,Online Portal,67756,42947,227,81.8,2,17,7,11516,5.03,189.2
2024-09-01,2024,9,Sep,Q3,1,Kanpur,Uttar Pradesh,Food Distribution,Meal Support Campaign,Individual,Bank Transfer,62764,47639,314,104.7,3,12,5,11805,6.09,151.89
2024-09-01,2024,9,Sep,Q3,1,Kanpur,Uttar Pradesh,Menstrual Hygiene,Pad for Dignity Drive,Alumni Network,Bank Transfer,46861,27439,230,64.5,2,10,5,10322,3.99,119.09
2024-09-01,2024,9,Sep,Q3,1,Kanpur,Uttar Pradesh,Clothing Support,Warmth and Dignity Drive,Corporate CSR,UPI,70119,32978,269,90.7,3,16,5,13496,4.97,122.8
2024-09-01,2024,9,Sep,Q3,1,Kanpur,Uttar Pradesh,Health Awareness,Community Wellness Camp,Community Group,UPI,54746,31714,274,74.1,2,10,4,11184,3.57,115.78
2024-09-01,2024,9,Sep,Q3,1,Delhi,Delhi,Education Support,Back to School Drive,Community Group,Bank Transfer,75849,37761,195,74.0,2,17,7,9576,8.9,193.79
2024-09-01,2024,9,Sep,Q3,1,Delhi,Delhi,Food Distribution,Meal Support Campaign,Individual,Online Portal,51321,43988,366,136.8,5,9,4,13970,4.68,120.21
2024-09-01,2024,9,Sep,Q3,1,Delhi,Delhi,Menstrual Hygiene,Pad for Dignity Drive,Individual,Fundraising Event,44232,25782,219,62.2,2,10,5,10614,9.5,117.98
2024-09-01,2024,9,Sep,Q3,1,Delhi,Delhi,Clothing Support,Warmth and Dignity Drive,Individual,Online Portal,47368,30103,244,65.2,3,10,3,10924,8.08,123.2
2024-09-01,2024,9,Sep,Q3,1,Delhi,Delhi,Health Awareness,Community Wellness Camp,Individual,Fundraising Event,45576,31567,265,70.0,2,8,3,8066,5.91,119.11
2024-09-01,2024,9,Sep,Q3,1,Lucknow,Uttar Pradesh,Education Support,Back to School Drive,Individual,Fundraising Event,56236,31293,185,65.0,2,12,5,8565,4.55,168.77
2024-09-01,2024,9,Sep,Q3,1,Lucknow,Uttar Pradesh,Food Distribution,Meal Support Campaign,Alumni Network,Online Portal,47967,43281,245,85.0,3,8,4,9950,7.83,176.8
2024-09-01,2024,9,Sep,Q3,1,Lucknow,Uttar Pradesh,Menstrual Hygiene,Pad for Dignity Drive,Individual,UPI,40532,22897,209,57.2,2,10,4,7151,5.13,109.77
2024-09-01,2024,9,Sep,Q3,1,Lucknow,Uttar Pradesh,Clothing Support,Warmth and Dignity Drive,Community Group,Online Portal,46958,25468,204,58.4,3,11,5,9097,4.23,124.57
2024-09-01,2024,9,Sep,Q3,1,Lucknow,Uttar Pradesh,Health Awareness,Community Wellness Camp,Individual,Online Portal,35816,24682,201,64.4,2,7,3,6498,8.53,122.55
2024-09-01,2024,9,Sep,Q3,1,Jaipur,Rajasthan,Education Support,Back to School Drive,Individual,UPI,46239,29570,177,70.4,2,10,3,7540,8.61,166.69
2024-09-01,2024,9,Sep,Q3,1,Jaipur,Rajasthan,Food Distribution,Meal Support Campaign,Individual,Online Portal,45029,36678,259,72.8,3,8,2,8150,8.35,141.68
2024-09-01,2024,9,Sep,Q3,1,Jaipur,Rajasthan,Menstrual Hygiene,Pad for Dignity Drive,Individual,Bank Transfer,39503,21001,185,55.0,2,9,4,6312,3.63,113.7
2024-09-01,2024,9,Sep,Q3,1,Jaipur,Rajasthan,Clothing Support,Warmth and Dignity Drive,Alumni Network,Online Portal,38790,25813,157,53.5,2,6,2,8071,6.06,164.23
2024-09-01,2024,9,Sep,Q3,1,Jaipur,Rajasthan,Health Awareness,Community Wellness Camp,Community Group,Online Portal,37069,21850,216,57.5,3,8,4,6667,7.29,101.09
2024-09-01,2024,9,Sep,Q3,1,Patna,Bihar,Education Support,Back to School Drive,Individual,Fundraising Event,46559,29447,167,53.4,2,10,4,8671,4.84,176.72
2024-09-01,2024,9,Sep,Q3,1,Patna,Bihar,Food Distribution,Meal Support Campaign,Alumni Network,UPI,46389,33008,256,84.3,3,8,3,9555,4.39,128.89
2024-09-01,2024,9,Sep,Q3,1,Patna,Bihar,Menstrual Hygiene,Pad for Dignity Drive,Individual,Bank Transfer,29910,18337,193,60.6,2,6,3,6308,4.25,94.78
2024-09-01,2024,9,Sep,Q3,1,Patna,Bihar,Clothing Support,Warmth and Dignity Drive,Individual,Bank Transfer,29463,24391,179,47.2,2,7,3,7598,5.54,136.39
2024-09-01,2024,9,Sep,Q3,1,Patna,Bihar,Health Awareness,Community Wellness Camp,Community Group,Bank Transfer,36084,22997,197,61.6,2,9,4,9147,6.92,116.7
2024-09-01,2024,9,Sep,Q3,1,Bhopal,Madhya Pradesh,Education Support,Back to School Drive,Corporate CSR,Bank Transfer,79235,29893,152,57.1,2,20,6,10498,3.33,196.67
2024-09-01,2024,9,Sep,Q3,1,Bhopal,Madhya Pradesh,Food Distribution,Meal Support Campaign,Individual,Fundraising Event,39608,29289,203,70.7,2,7,3,6624,7.07,144.09
2024-09-01,2024,9,Sep,Q3,1,Bhopal,Madhya Pradesh,Menstrual Hygiene,Pad for Dignity Drive,Alumni Network,UPI,36823,19310,182,49.5,2,8,2,6857,4.1,106.17
2024-09-01,2024,9,Sep,Q3,1,Bhopal,Madhya Pradesh,Clothing Support,Warmth and Dignity Drive,Individual,Online Portal,31295,21585,172,47.4,2,6,3,7526,4.67,125.49
2024-09-01,2024,9,Sep,Q3,1,Bhopal,Madhya Pradesh,Health Awareness,Community Wellness Camp,Corporate CSR,Bank Transfer,48899,19401,190,49.8,3,9,4,9695,8.29,102.23
2024-10-01,2024,10,Oct,Q4,1,Kanpur,Uttar Pradesh,Education Support,Back to School Drive,Corporate CSR,Bank Transfer,119183,46756,246,82.7,3,20,6,16792,4.77,190.32
2024-10-01,2024,10,Oct,Q4,1,Kanpur,Uttar Pradesh,Food Distribution,Meal Support Campaign,Alumni Network,Bank Transfer,63062,52273,391,134.0,4,13,4,12824,7.77,133.67
2024-10-01,2024,10,Oct,Q4,1,Kanpur,Uttar Pradesh,Menstrual Hygiene,Pad for Dignity Drive,Individual,UPI,53186,27472,229,63.4,3,11,5,9384,5.68,119.94
2024-10-01,2024,10,Oct,Q4,1,Kanpur,Uttar Pradesh,Clothing Support,Warmth and Dignity Drive,Community Group,Bank Transfer,51683,34998,213,61.4,3,8,2,8296,5.68,164.24
2024-10-01,2024,10,Oct,Q4,1,Kanpur,Uttar Pradesh,Health Awareness,Community Wellness Camp,Community Group,UPI,55787,33936,318,99.5,4,10,4,11935,3.55,106.87
2024-10-01,2024,10,Oct,Q4,1,Delhi,Delhi,Education Support,Back to School Drive,Individual,Bank Transfer,63956,44133,213,80.0,2,14,4,10074,6.83,207.33
2024-10-01,2024,10,Oct,Q4,1,Delhi,Delhi,Food Distribution,Meal Support Campaign,Corporate CSR,UPI,88031,45033,324,110.8,3,20,6,13408,5.13,138.92
2024-10-01,2024,10,Oct,Q4,1,Delhi,Delhi,Menstrual Hygiene,Pad for Dignity Drive,Individual,UPI,45494,26375,241,72.2,3,9,3,11065,5.64,109.39
2024-10-01,2024,10,Oct,Q4,1,Delhi,Delhi,Clothing Support,Warmth and Dignity Drive,Individual,Fundraising Event,43393,33226,214,67.6,3,8,2,9336,8.53,155.04
2024-10-01,2024,10,Oct,Q4,1,Delhi,Delhi,Health Awareness,Community Wellness Camp,Individual,Bank Transfer,45962,31842,292,83.3,3,8,3,12607,6.34,109.23
2024-10-01,2024,10,Oct,Q4,1,Lucknow,Uttar Pradesh,Education Support,Back to School Drive,Individual,UPI,55354,36468,196,77.1,2,13,6,8298,9.7,185.72
2024-10-01,2024,10,Oct,Q4,1,Lucknow,Uttar Pradesh,Food Distribution,Meal Support Campaign,Alumni Network,Bank Transfer,44231,43237,274,86.9,2,8,4,9191,9.21,158.06
2024-10-01,2024,10,Oct,Q4,1,Lucknow,Uttar Pradesh,Menstrual Hygiene,Pad for Dignity Drive,Alumni Network,UPI,38652,22548,213,67.6,2,6,2,9007,7.08,106.03
2024-10-01,2024,10,Oct,Q4,1,Lucknow,Uttar Pradesh,Clothing Support,Warmth and Dignity Drive,Community Group,UPI,44463,26827,175,58.7,2,7,3,6789,5.09,153.26
2024-10-01,2024,10,Oct,Q4,1,Lucknow,Uttar Pradesh,Health Awareness,Community Wellness Camp,Corporate CSR,Fundraising Event,70860,26116,211,63.5,2,16,6,11375,7.69,123.62
2024-10-01,2024,10,Oct,Q4,1,Jaipur,Rajasthan,Education Support,Back to School Drive,Individual,Online Portal,55903,30119,155,62.3,1,9,3,9177,5.2,193.82
2024-10-01,2024,10,Oct,Q4,1,Jaipur,Rajasthan,Food Distribution,Meal Support Campaign,Individual,Online Portal,45889,39599,269,79.5,3,8,4,9515,8.01,147.06
2024-10-01,2024,10,Oct,Q4,1,Jaipur,Rajasthan,Menstrual Hygiene,Pad for Dignity Drive,Corporate CSR,UPI,57572,21762,177,54.5,2,10,5,9099,4.25,122.65
2024-10-01,2024,10,Oct,Q4,1,Jaipur,Rajasthan,Clothing Support,Warmth and Dignity Drive,Individual,Online Portal,30990,25972,194,50.7,2,5,2,6468,6.21,133.62
2024-10-01,2024,10,Oct,Q4,1,Jaipur,Rajasthan,Health Awareness,Community Wellness Camp,Alumni Network,Bank Transfer,35439,23325,225,69.1,3,9,3,8697,4.37,103.57
2024-10-01,2024,10,Oct,Q4,1,Patna,Bihar,Education Support,Back to School Drive,Community Group,Fundraising Event,55576,28229,166,68.2,2,14,4,9547,8.35,170.32
2024-10-01,2024,10,Oct,Q4,1,Patna,Bihar,Food Distribution,Meal Support Campaign,Individual,Bank Transfer,40701,32447,251,79.0,4,7,3,7441,9.22,129.35
2024-10-01,2024,10,Oct,Q4,1,Patna,Bihar,Menstrual Hygiene,Pad for Dignity Drive,Corporate CSR,UPI,54273,20742,185,56.2,2,12,6,9997,6.23,112.25
2024-10-01,2024,10,Oct,Q4,1,Patna,Bihar,Clothing Support,Warmth and Dignity Drive,Individual,Fundraising Event,33374,22179,180,48.4,2,6,3,6744,7.47,123.07
2024-10-01,2024,10,Oct,Q4,1,Patna,Bihar,Health Awareness,Community Wellness Camp,Corporate CSR,Fundraising Event,57980,21076,192,52.3,2,13,6,10842,7.5,109.53
2024-10-01,2024,10,Oct,Q4,1,Bhopal,Madhya Pradesh,Education Support,Back to School Drive,Individual,Bank Transfer,48564,29036,153,58.5,2,9,4,8091,9.78,190.18
2024-10-01,2024,10,Oct,Q4,1,Bhopal,Madhya Pradesh,Food Distribution,Meal Support Campaign,Individual,Online Portal,35518,31999,236,89.3,2,8,4,9340,7.41,135.32
2024-10-01,2024,10,Oct,Q4,1,Bhopal,Madhya Pradesh,Menstrual Hygiene,Pad for Dignity Drive,Individual,Fundraising Event,32239,18916,182,58.2,2,8,2,6356,8.54,103.8
2024-10-01,2024,10,Oct,Q4,1,Bhopal,Madhya Pradesh,Clothing Support,Warmth and Dignity Drive,Community Group,Bank Transfer,40349,21616,170,47.8,2,7,3,8508,5.65,126.81
2024-10-01,2024,10,Oct,Q4,1,Bhopal,Madhya Pradesh,Health Awareness,Community Wellness Camp,Corporate CSR,Online Portal,56045,21594,178,53.7,2,14,7,8947,8.93,121.23
2024-11-01,2024,11,Nov,Q4,1,Kanpur,Uttar Pradesh,Education Support,Back to School Drive,Individual,Fundraising Event,69386,40176,244,105.2,3,11,5,13540,4.15,164.61
2024-11-01,2024,11,Nov,Q4,1,Kanpur,Uttar Pradesh,Food Distribution,Meal Support Campaign,Community Group,Bank Transfer,76802,50564,349,101.0,4,20,7,16221,4.31,145.09
2024-11-01,2024,11,Nov,Q4,1,Kanpur,Uttar Pradesh,Menstrual Hygiene,Pad for Dignity Drive,Community Group,Online Portal,67974,25884,282,78.4,3,14,6,10198,6.72,91.78
2024-11-01,2024,11,Nov,Q4,1,Kanpur,Uttar Pradesh,Clothing Support,Warmth and Dignity Drive,Community Group,UPI,64211,33088,259,67.3,4,11,4,13124,5.26,127.84
2024-11-01,2024,11,Nov,Q4,1,Kanpur,Uttar Pradesh,Health Awareness,Community Wellness Camp,Individual,Fundraising Event,44924,30423,307,83.9,3,9,3,13019,9.77,99.08
2024-11-01,2024,11,Nov,Q4,1,Delhi,Delhi,Education Support,Back to School Drive,Individual,Online Portal,65038,44365,193,81.6,2,15,7,8918,8.04,229.52
2024-11-01,2024,11,Nov,Q4,1,Delhi,Delhi,Food Distribution,Meal Support Campaign,Corporate CSR,Bank Transfer,84960,49506,351,109.3,4,15,6,16041,3.52,140.89
2024-11-01,2024,11,Nov,Q4,1,Delhi,Delhi,Menstrual Hygiene,Pad for Dignity Drive,Individual,UPI,43580,26187,224,55.7,3,8,3,9662,3.26,117.13
2024-11-01,2024,11,Nov,Q4,1,Delhi,Delhi,Clothing Support,Warmth and Dignity Drive,Individual,UPI,47321,31902,216,58.7,2,11,5,7805,3.95,147.74
2024-11-01,2024,11,Nov,Q4,1,Delhi,Delhi,Health Awareness,Community Wellness Camp,Individual,Bank Transfer,48030,31959,289,98.0,3,10,3,11152,9.21,110.72
2024-11-01,2024,11,Nov,Q4,1,Lucknow,Uttar Pradesh,Education Support,Back to School Drive,Corporate CSR,Online Portal,91933,35675,154,64.9,1,17,5,10354,6.58,231.07
2024-11-01,2024,11,Nov,Q4,1,Lucknow,Uttar Pradesh,Food Distribution,Meal Support Campaign,Community Group,UPI,63558,39311,292,109.6,4,16,8,14047,8.82,134.72
2024-11-01,2024,11,Nov,Q4,1,Lucknow,Uttar Pradesh,Menstrual Hygiene,Pad for Dignity Drive,Individual,Fundraising Event,40869,23843,189,60.6,3,10,4,7421,9.1,126.23
2024-11-01,2024,11,Nov,Q4,1,Lucknow,Uttar Pradesh,Clothing Support,Warmth and Dignity Drive,Alumni Network,Fundraising Event,45050,27997,173,47.9,2,7,2,7593,8.81,161.69
2024-11-01,2024,11,Nov,Q4,1,Lucknow,Uttar Pradesh,Health Awareness,Community Wellness Camp,Community Group,Bank Transfer,43390,23287,239,80.4,3,9,4,10504,7.68,97.5
2024-11-01,2024,11,Nov,Q4,1,Jaipur,Rajasthan,Education Support,Back to School Drive,Individual,Online Portal,56120,33908,169,70.4,2,9,4,8691,9.06,201.1
2024-11-01,2024,11,Nov,Q4,1,Jaipur,Rajasthan,Food Distribution,Meal Support Campaign,Individual,UPI,40639,37808,245,84.2,2,8,3,11142,7.62,154.28
2024-11-01,2024,11,Nov,Q4,1,Jaipur,Rajasthan,Menstrual Hygiene,Pad for Dignity Drive,Individual,UPI,37600,20463,205,61.5,2,9,4,9348,7.25,99.69
2024-11-01,2024,11,Nov,Q4,1,Jaipur,Rajasthan,Clothing Support,Warmth and Dignity Drive,Individual,Bank Transfer,35291,24247,177,48.7,2,8,3,6563,6.55,136.9
2024-11-01,2024,11,Nov,Q4,1,Jaipur,Rajasthan,Health Awareness,Community Wellness Camp,Corporate CSR,Online Portal,59594,23153,193,62.4,2,10,4,8429,6.48,119.66
2024-11-01,2024,11,Nov,Q4,1,Patna,Bihar,Education Support,Back to School Drive,Corporate CSR,UPI,80344,29893,134,54.9,1,13,6,10739,6.91,223.58
2024-11-01,2024,11,Nov,Q4,1,Patna,Bihar,Food Distribution,Meal Support Campaign,Corporate CSR,Online Portal,76031,31110,232,68.4,3,15,6,11802,7.54,134.15
2024-11-01,2024,11,Nov,Q4,1,Patna,Bihar,Menstrual Hygiene,Pad for Dignity Drive,Corporate CSR,UPI,53970,17361,188,51.0,2,9,4,8637,3.9,92.2
2024-11-01,2024,11,Nov,Q4,1,Patna,Bihar,Clothing Support,Warmth and Dignity Drive,Community Group,Online Portal,36441,23598,176,47.4,2,8,4,6968,6.22,133.76
2024-11-01,2024,11,Nov,Q4,1,Patna,Bihar,Health Awareness,Community Wellness Camp,Community Group,Fundraising Event,37135,23534,190,62.0,2,7,3,8136,9.51,123.87
2024-11-01,2024,11,Nov,Q4,1,Bhopal,Madhya Pradesh,Education Support,Back to School Drive,Individual,Online Portal,39587,27779,151,54.7,2,7,3,7911,7.77,184.09
2024-11-01,2024,11,Nov,Q4,1,Bhopal,Madhya Pradesh,Food Distribution,Meal Support Campaign,Individual,Bank Transfer,33694,32180,233,71.2,2,7,3,9119,4.84,138.08
2024-11-01,2024,11,Nov,Q4,1,Bhopal,Madhya Pradesh,Menstrual Hygiene,Pad for Dignity Drive,Individual,Fundraising Event,37176,16562,166,45.7,2,7,2,7605,8.88,100.04
2024-11-01,2024,11,Nov,Q4,1,Bhopal,Madhya Pradesh,Clothing Support,Warmth and Dignity Drive,Corporate CSR,Bank Transfer,47530,20198,160,46.9,2,8,3,8973,6.53,126.28
2024-11-01,2024,11,Nov,Q4,1,Bhopal,Madhya Pradesh,Health Awareness,Community Wellness Camp,Corporate CSR,Fundraising Event,55835,20460,193,58.3,2,10,4,10509,6.72,105.87
2024-12-01,2024,12,Dec,Q4,1,Kanpur,Uttar Pradesh,Education Support,Back to School Drive,Community Group,Online Portal,97000,39227,225,73.5,2,22,10,12254,5.09,174.7
2024-12-01,2024,12,Dec,Q4,1,Kanpur,Uttar Pradesh,Food Distribution,Meal Support Campaign,Individual,UPI,63853,51802,332,91.2,3,15,7,14569,8.91,155.9
2024-12-01,2024,12,Dec,Q4,1,Kanpur,Uttar Pradesh,Menstrual Hygiene,Pad for Dignity Drive,Community Group,Online Portal,61236,29460,284,75.1,3,10,4,13992,9.64,103.76
2024-12-01,2024,12,Dec,Q4,1,Kanpur,Uttar Pradesh,Clothing Support,Warmth and Dignity Drive,Individual,UPI,43331,33706,227,76.7,2,7,3,9806,7.47,148.38
2024-12-01,2024,12,Dec,Q4,1,Kanpur,Uttar Pradesh,Health Awareness,Community Wellness Camp,Community Group,Bank Transfer,66639,30454,320,83.8,3,15,5,13293,5.69,95.31
2024-12-01,2024,12,Dec,Q4,1,Delhi,Delhi,Education Support,Back to School Drive,Individual,Fundraising Event,63321,39077,217,76.0,2,15,5,9869,3.54,180.09
2024-12-01,2024,12,Dec,Q4,1,Delhi,Delhi,Food Distribution,Meal Support Campaign,Alumni Network,Fundraising Event,61760,45740,341,121.0,4,14,5,10973,6.53,134.17
2024-12-01,2024,12,Dec,Q4,1,Delhi,Delhi,Menstrual Hygiene,Pad for Dignity Drive,Individual,Online Portal,45771,25076,232,62.3,3,10,5,9494,9.78,108.11
2024-12-01,2024,12,Dec,Q4,1,Delhi,Delhi,Clothing Support,Warmth and Dignity Drive,Community Group,UPI,51809,29796,222,71.8,2,12,3,11012,5.72,134.28
2024-12-01,2024,12,Dec,Q4,1,Delhi,Delhi,Health Awareness,Community Wellness Camp,Community Group,UPI,57418,28892,273,91.0,3,12,6,11099,3.49,105.83
2024-12-01,2024,12,Dec,Q4,1,Lucknow,Uttar Pradesh,Education Support,Back to School Drive,Community Group,Bank Transfer,68849,31973,159,68.2,2,13,6,8820,7.35,200.95
2024-12-01,2024,12,Dec,Q4,1,Lucknow,Uttar Pradesh,Food Distribution,Meal Support Campaign,Individual,Online Portal,53117,42175,260,94.9,3,11,5,8888,7.73,162.16
2024-12-01,2024,12,Dec,Q4,1,Lucknow,Uttar Pradesh,Menstrual Hygiene,Pad for Dignity Drive,Individual,Fundraising Event,38067,21035,188,48.9,3,7,3,7396,6.18,112.18
2024-12-01,2024,12,Dec,Q4,1,Lucknow,Uttar Pradesh,Clothing Support,Warmth and Dignity Drive,Individual,Fundraising Event,34847,26646,205,66.2,2,6,3,8474,3.68,130.18
2024-12-01,2024,12,Dec,Q4,1,Lucknow,Uttar Pradesh,Health Awareness,Community Wellness Camp,Alumni Network,UPI,41420,25966,240,65.3,2,9,4,7403,4.23,108.38
2024-12-01,2024,12,Dec,Q4,1,Jaipur,Rajasthan,Education Support,Back to School Drive,Individual,Online Portal,58448,30559,180,69.7,2,10,5,10252,7.48,169.65
2024-12-01,2024,12,Dec,Q4,1,Jaipur,Rajasthan,Food Distribution,Meal Support Campaign,Alumni Network,UPI,48696,33869,263,71.5,3,9,5,9554,8.14,128.65
2024-12-01,2024,12,Dec,Q4,1,Jaipur,Rajasthan,Menstrual Hygiene,Pad for Dignity Drive,Alumni Network,Fundraising Event,39299,21937,216,54.1,3,7,2,7124,7.63,101.65
2024-12-01,2024,12,Dec,Q4,1,Jaipur,Rajasthan,Clothing Support,Warmth and Dignity Drive,Corporate CSR,UPI,67195,26583,201,61.2,2,15,4,9123,7.99,132.58
2024-12-01,2024,12,Dec,Q4,1,Jaipur,Rajasthan,Health Awareness,Community Wellness Camp,Corporate CSR,Fundraising Event,61051,22202,219,59.8,3,14,6,9746,7.55,101.29
2024-12-01,2024,12,Dec,Q4,1,Patna,Bihar,Education Support,Back to School Drive,Corporate CSR,Bank Transfer,86890,28641,148,53.6,2,19,6,11362,6.08,193.45
2024-12-01,2024,12,Dec,Q4,1,Patna,Bihar,Food Distribution,Meal Support Campaign,Community Group,Bank Transfer,53532,33906,231,73.6,2,11,3,10547,3.74,146.69
2024-12-01,2024,12,Dec,Q4,1,Patna,Bihar,Menstrual Hygiene,Pad for Dignity Drive,Individual,Bank Transfer,40765,20047,167,49.4,2,7,3,7750,8.56,120.22
2024-12-01,2024,12,Dec,Q4,1,Patna,Bihar,Clothing Support,Warmth and Dignity Drive,Corporate CSR,Bank Transfer,63528,22876,170,61.2,2,11,4,8621,8.3,134.6
2024-12-01,2024,12,Dec,Q4,1,Patna,Bihar,Health Awareness,Community Wellness Camp,Community Group,Fundraising Event,38800,20128,196,54.8,3,9,5,9436,7.72,102.89
2024-12-01,2024,12,Dec,Q4,1,Bhopal,Madhya Pradesh,Education Support,Back to School Drive,Community Group,Bank Transfer,56661,29889,130,50.9,1,10,4,7556,4.64,229.29
2024-12-01,2024,12,Dec,Q4,1,Bhopal,Madhya Pradesh,Food Distribution,Meal Support Campaign,Corporate CSR,UPI,61632,32611,209,68.1,2,13,7,11420,3.46,156.23
2024-12-01,2024,12,Dec,Q4,1,Bhopal,Madhya Pradesh,Menstrual Hygiene,Pad for Dignity Drive,Corporate CSR,UPI,61023,18939,170,53.5,2,12,4,9573,5.61,111.67
2024-12-01,2024,12,Dec,Q4,1,Bhopal,Madhya Pradesh,Clothing Support,Warmth and Dignity Drive,Corporate CSR,UPI,53634,22691,150,46.7,2,9,4,8038,7.19,150.8
2024-12-01,2024,12,Dec,Q4,1,Bhopal,Madhya Pradesh,Health Awareness,Community Wellness Camp,Corporate CSR,Bank Transfer,54081,20315,168,45.9,2,13,6,9402,7.56,120.64
2025-01-01,2025,1,Jan,Q1,0,Kanpur,Uttar Pradesh,Education Support,Back to School Drive,Individual,Fundraising Event,68612,42532,223,74.9,3,12,3,9445,6.99,190.47
2025-01-01,2025,1,Jan,Q1,0,Kanpur,Uttar Pradesh,Food Distribution,Meal Support Campaign,Individual,UPI,59094,45894,320,118.3,3,12,6,13310,9.0,143.41
2025-01-01,2025,1,Jan,Q1,0,Kanpur,Uttar Pradesh,Menstrual Hygiene,Pad for Dignity Drive,Community Group,Fundraising Event,64602,28188,245,69.0,3,15,6,9863,7.05,115.06
2025-01-01,2025,1,Jan,Q1,0,Kanpur,Uttar Pradesh,Clothing Support,Warmth and Dignity Drive,Community Group,Fundraising Event,48794,35263,257,82.0,4,10,3,8247,6.65,137.18
2025-01-01,2025,1,Jan,Q1,0,Kanpur,Uttar Pradesh,Health Awareness,Community Wellness Camp,Alumni Network,Online Portal,52130,29485,294,97.7,3,9,4,12580,3.82,100.37
2025-01-01,2025,1,Jan,Q1,0,Delhi,Delhi,Education Support,Back to School Drive,Corporate CSR,UPI,114728,41749,229,85.6,3,29,12,14069,8.5,182.17
2025-01-01,2025,1,Jan,Q1,0,Delhi,Delhi,Food Distribution,Meal Support Campaign,Community Group,Online Portal,59932,50166,364,131.2,4,12,4,15274,9.21,137.88
2025-01-01,2025,1,Jan,Q1,0,Delhi,Delhi,Menstrual Hygiene,Pad for Dignity Drive,Individual,Online Portal,42303,27483,219,52.0,2,8,3,7741,8.51,125.72
2025-01-01,2025,1,Jan,Q1,0,Delhi,Delhi,Clothing Support,Warmth and Dignity Drive,Individual,UPI,37861,29603,242,83.6,3,8,3,9670,8.18,122.18
2025-01-01,2025,1,Jan,Q1,0,Delhi,Delhi,Health Awareness,Community Wellness Camp,Individual,Online Portal,39206,29764,276,94.1,3,7,3,8291,8.9,107.88
2025-01-01,2025,1,Jan,Q1,0,Lucknow,Uttar Pradesh,Education Support,Back to School Drive,Individual,Bank Transfer,51440,32110,190,63.8,2,11,5,9444,7.86,169.04
2025-01-01,2025,1,Jan,Q1,0,Lucknow,Uttar Pradesh,Food Distribution,Meal Support Campaign,Individual,UPI,46509,39137,309,103.5,4,10,4,11826,7.98,126.74
2025-01-01,2025,1,Jan,Q1,0,Lucknow,Uttar Pradesh,Menstrual Hygiene,Pad for Dignity Drive,Alumni Network,Online Portal,41970,23084,214,62.9,2,7,3,8430,4.53,107.74
2025-01-01,2025,1,Jan,Q1,0,Lucknow,Uttar Pradesh,Clothing Support,Warmth and Dignity Drive,Corporate CSR,Fundraising Event,54539,26284,212,69.7,2,10,4,10151,9.64,124.16
2025-01-01,2025,1,Jan,Q1,0,Lucknow,Uttar Pradesh,Health Awareness,Community Wellness Camp,Individual,Fundraising Event,38708,24723,220,66.5,2,7,2,7070,5.08,112.19
2025-01-01,2025,1,Jan,Q1,0,Jaipur,Rajasthan,Education Support,Back to School Drive,Community Group,Fundraising Event,56185,29872,180,76.8,2,12,3,8059,6.54,166.31
2025-01-01,2025,1,Jan,Q1,0,Jaipur,Rajasthan,Food Distribution,Meal Support Campaign,Corporate CSR,Fundraising Event,64031,36226,234,69.8,2,11,4,10737,5.69,154.82
2025-01-01,2025,1,Jan,Q1,0,Jaipur,Rajasthan,Menstrual Hygiene,Pad for Dignity Drive,Corporate CSR,Bank Transfer,62929,20225,220,61.7,2,16,5,9001,7.38,91.95
2025-01-01,2025,1,Jan,Q1,0,Jaipur,Rajasthan,Clothing Support,Warmth and Dignity Drive,Alumni Network,Bank Transfer,37154,23421,176,55.1,2,8,3,7043,8.14,132.81
2025-01-01,2025,1,Jan,Q1,0,Jaipur,Rajasthan,Health Awareness,Community Wellness Camp,Individual,Bank Transfer,32961,24890,202,54.9,2,6,3,7601,4.52,122.97
2025-01-01,2025,1,Jan,Q1,0,Patna,Bihar,Education Support,Back to School Drive,Community Group,Fundraising Event,50463,28011,142,54.8,2,12,6,8017,7.58,197.04
2025-01-01,2025,1,Jan,Q1,0,Patna,Bihar,Food Distribution,Meal Support Campaign,Corporate CSR,UPI,67914,32549,235,86.3,2,13,4,10108,8.24,138.48
2025-01-01,2025,1,Jan,Q1,0,Patna,Bihar,Menstrual Hygiene,Pad for Dignity Drive,Corporate CSR,Online Portal,51142,17421,186,58.2,2,10,4,8418,7.73,93.47
2025-01-01,2025,1,Jan,Q1,0,Patna,Bihar,Clothing Support,Warmth and Dignity Drive,Individual,UPI,31626,23288,167,43.2,2,6,2,6939,4.91,139.65
2025-01-01,2025,1,Jan,Q1,0,Patna,Bihar,Health Awareness,Community Wellness Camp,Corporate CSR,Bank Transfer,49086,20978,221,58.1,2,10,5,8916,5.84,94.95
2025-01-01,2025,1,Jan,Q1,0,Bhopal,Madhya Pradesh,Education Support,Back to School Drive,Individual,Bank Transfer,46634,28924,151,59.9,1,9,4,6770,8.48,191.97
2025-01-01,2025,1,Jan,Q1,0,Bhopal,Madhya Pradesh,Food Distribution,Meal Support Campaign,Community Group,Online Portal,45210,31315,206,77.9,2,9,4,9664,5.18,151.71
2025-01-01,2025,1,Jan,Q1,0,Bhopal,Madhya Pradesh,Menstrual Hygiene,Pad for Dignity Drive,Corporate CSR,UPI,49811,16197,178,55.9,2,9,3,7958,5.58,90.85
2025-01-01,2025,1,Jan,Q1,0,Bhopal,Madhya Pradesh,Clothing Support,Warmth and Dignity Drive,Corporate CSR,Fundraising Event,45220,20290,153,50.0,2,9,4,7530,9.66,132.78
2025-01-01,2025,1,Jan,Q1,0,Bhopal,Madhya Pradesh,Health Awareness,Community Wellness Camp,Individual,Fundraising Event,30021,20973,182,60.3,2,7,3,5836,4.31,115.23
2025-02-01,2025,2,Feb,Q1,0,Kanpur,Uttar Pradesh,Education Support,Back to School Drive,Community Group,Fundraising Event,80168,41991,233,97.8,3,17,6,12830,7.89,180.6
2025-02-01,2025,2,Feb,Q1,0,Kanpur,Uttar Pradesh,Food Distribution,Meal Support Campaign,Corporate CSR,Online Portal,87926,52413,350,108.5,4,14,5,13963,3.35,149.61
2025-02-01,2025,2,Feb,Q1,0,Kanpur,Uttar Pradesh,Menstrual Hygiene,Pad for Dignity Drive,Community Group,Fundraising Event,66566,25472,281,71.1,4,16,8,12512,3.37,90.61
2025-02-01,2025,2,Feb,Q1,0,Kanpur,Uttar Pradesh,Clothing Support,Warmth and Dignity Drive,Individual,UPI,40504,30130,254,89.7,3,9,4,9241,4.03,118.61
2025-02-01,2025,2,Feb,Q1,0,Kanpur,Uttar Pradesh,Health Awareness,Community Wellness Camp,Corporate CSR,Bank Transfer,68726,33584,300,82.9,3,11,5,11832,6.14,111.99
2025-02-01,2025,2,Feb,Q1,0,Delhi,Delhi,Education Support,Back to School Drive,Alumni Network,Bank Transfer,69754,42571,212,88.4,2,13,5,12290,6.38,200.74
2025-02-01,2025,2,Feb,Q1,0,Delhi,Delhi,Food Distribution,Meal Support Campaign,Individual,UPI,51899,44519,326,98.9,5,9,4,11333,6.3,136.6
2025-02-01,2025,2,Feb,Q1,0,Delhi,Delhi,Menstrual Hygiene,Pad for Dignity Drive,Individual,Online Portal,51918,23867,252,70.0,3,12,3,9866,5.92,94.7
2025-02-01,2025,2,Feb,Q1,0,Delhi,Delhi,Clothing Support,Warmth and Dignity Drive,Corporate CSR,Online Portal,67651,31949,248,84.8,3,17,7,11647,8.48,129.02
2025-02-01,2025,2,Feb,Q1,0,Delhi,Delhi,Health Awareness,Community Wellness Camp,Corporate CSR,Fundraising Event,70249,31641,291,83.0,3,16,6,13475,7.28,108.74
2025-02-01,2025,2,Feb,Q1,0,Lucknow,Uttar Pradesh,Education Support,Back to School Drive,Individual,Online Portal,49502,31424,158,59.2,2,12,4,8456,8.0,199.1
2025-02-01,2025,2,Feb,Q1,0,Lucknow,Uttar Pradesh,Food Distribution,Meal Support Campaign,Individual,Bank Transfer,38951,38806,264,93.7,3,8,4,7602,3.73,147.04
2025-02-01,2025,2,Feb,Q1,0,Lucknow,Uttar Pradesh,Menstrual Hygiene,Pad for Dignity Drive,Community Group,Bank Transfer,42537,20425,230,64.8,3,7,3,10277,4.0,88.75
2025-02-01,2025,2,Feb,Q1,0,Lucknow,Uttar Pradesh,Clothing Support,Warmth and Dignity Drive,Community Group,Bank Transfer,42923,25011,223,80.2,3,8,2,9523,4.58,112.13
2025-02-01,2025,2,Feb,Q1,0,Lucknow,Uttar Pradesh,Health Awareness,Community Wellness Camp,Individual,Fundraising Event,41450,26346,210,66.5,2,10,4,7808,5.58,125.75
2025-02-01,2025,2,Feb,Q1,0,Jaipur,Rajasthan,Education Support,Back to School Drive,Individual,Bank Transfer,55456,31152,155,48.2,1,11,4,7697,9.59,201.43
2025-02-01,2025,2,Feb,Q1,0,Jaipur,Rajasthan,Food Distribution,Meal Support Campaign,Corporate CSR,Online Portal,72265,38036,238,70.8,3,13,5,13522,8.21,159.83
2025-02-01,2025,2,Feb,Q1,0,Jaipur,Rajasthan,Menstrual Hygiene,Pad for Dignity Drive,Individual,Fundraising Event,37469,21536,207,51.7,3,6,3,8952,8.52,103.83
2025-02-01,2025,2,Feb,Q1,0,Jaipur,Rajasthan,Clothing Support,Warmth and Dignity Drive,Individual,Bank Transfer,29173,25146,176,49.8,2,5,2,6767,6.43,143.16
2025-02-01,2025,2,Feb,Q1,0,Jaipur,Rajasthan,Health Awareness,Community Wellness Camp,Corporate CSR,Fundraising Event,55083,24807,210,63.7,2,13,5,9462,8.61,118.08
2025-02-01,2025,2,Feb,Q1,0,Patna,Bihar,Education Support,Back to School Drive,Corporate CSR,Online Portal,67793,28769,161,53.6,2,12,6,8844,7.96,178.51
2025-02-01,2025,2,Feb,Q1,0,Patna,Bihar,Food Distribution,Meal Support Campaign,Corporate CSR,Online Portal,59192,35468,257,73.8,3,12,4,9439,7.55,138.05
2025-02-01,2025,2,Feb,Q1,0,Patna,Bihar,Menstrual Hygiene,Pad for Dignity Drive,Individual,Bank Transfer,30927,17635,160,41.0,2,6,2,6403,7.32,109.9
2025-02-01,2025,2,Feb,Q1,0,Patna,Bihar,Clothing Support,Warmth and Dignity Drive,Corporate CSR,UPI,50558,20688,174,61.5,2,10,5,7226,8.49,118.66
2025-02-01,2025,2,Feb,Q1,0,Patna,Bihar,Health Awareness,Community Wellness Camp,Individual,Online Portal,34590,19841,213,65.1,2,6,3,6564,4.62,92.96
2025-02-01,2025,2,Feb,Q1,0,Bhopal,Madhya Pradesh,Education Support,Back to School Drive,Corporate CSR,UPI,76422,25734,146,54.4,2,14,5,10441,5.94,176.84
2025-02-01,2025,2,Feb,Q1,0,Bhopal,Madhya Pradesh,Food Distribution,Meal Support Campaign,Individual,Fundraising Event,37019,30927,240,67.6,2,7,3,9444,6.72,128.99
2025-02-01,2025,2,Feb,Q1,0,Bhopal,Madhya Pradesh,Menstrual Hygiene,Pad for Dignity Drive,Corporate CSR,Fundraising Event,58256,19351,173,54.7,2,11,5,8514,4.79,111.97
2025-02-01,2025,2,Feb,Q1,0,Bhopal,Madhya Pradesh,Clothing Support,Warmth and Dignity Drive,Corporate CSR,Online Portal,51945,19934,175,62.5,2,11,5,9896,7.13,113.61
2025-02-01,2025,2,Feb,Q1,0,Bhopal,Madhya Pradesh,Health Awareness,Community Wellness Camp,Corporate CSR,Fundraising Event,43656,19018,208,57.2,2,7,3,10012,6.57,91.62
2025-03-01,2025,3,Mar,Q1,0,Kanpur,Uttar Pradesh,Education Support,Back to School Drive,Corporate CSR,Bank Transfer,103014,40000,225,76.8,2,23,8,13256,6.97,178.16
2025-03-01,2025,3,Mar,Q1,0,Kanpur,Uttar Pradesh,Food Distribution,Meal Support Campaign,Corporate CSR,Bank Transfer,100855,51791,379,109.7,4,18,8,19976,7.13,136.61
2025-03-01,2025,3,Mar,Q1,0,Kanpur,Uttar Pradesh,Menstrual Hygiene,Pad for Dignity Drive,Individual,Online Portal,44446,29100,236,63.8,2,9,4,10768,4.7,123.24
2025-03-01,2025,3,Mar,Q1,0,Kanpur,Uttar Pradesh,Clothing Support,Warmth and Dignity Drive,Corporate CSR,UPI,80091,29958,256,79.9,3,15,5,13639,4.21,116.85
2025-03-01,2025,3,Mar,Q1,0,Kanpur,Uttar Pradesh,Health Awareness,Community Wellness Camp,Corporate CSR,Online Portal,89291,31905,308,78.3,3,16,5,14036,6.34,103.42
2025-03-01,2025,3,Mar,Q1,0,Delhi,Delhi,Education Support,Back to School Drive,Community Group,Online Portal,74358,40174,210,82.9,2,15,5,10882,6.97,191.41
2025-03-01,2025,3,Mar,Q1,0,Delhi,Delhi,Food Distribution,Meal Support Campaign,Corporate CSR,Bank Transfer,84441,46043,319,109.7,3,20,8,13997,4.46,144.51
2025-03-01,2025,3,Mar,Q1,0,Delhi,Delhi,Menstrual Hygiene,Pad for Dignity Drive,Individual,UPI,50694,25573,232,73.0,2,10,4,11376,4.74,110.09
2025-03-01,2025,3,Mar,Q1,0,Delhi,Delhi,Clothing Support,Warmth and Dignity Drive,Corporate CSR,Bank Transfer,78499,28827,258,67.9,2,13,6,14048,3.29,111.84
2025-03-01,2025,3,Mar,Q1,0,Delhi,Delhi,Health Awareness,Community Wellness Camp,Corporate CSR,UPI,71919,28959,272,86.3,3,14,6,12746,7.31,106.27
2025-03-01,2025,3,Mar,Q1,0,Lucknow,Uttar Pradesh,Education Support,Back to School Drive,Alumni Network,UPI,56763,34540,202,68.9,3,13,6,8844,6.27,170.8
2025-03-01,2025,3,Mar,Q1,0,Lucknow,Uttar Pradesh,Food Distribution,Meal Support Campaign,Alumni Network,UPI,47089,42043,270,92.1,2,12,6,11038,4.73,155.97
2025-03-01,2025,3,Mar,Q1,0,Lucknow,Uttar Pradesh,Menstrual Hygiene,Pad for Dignity Drive,Individual,UPI,44211,22645,215,52.7,3,7,3,9563,3.46,105.55
2025-03-01,2025,3,Mar,Q1,0,Lucknow,Uttar Pradesh,Clothing Support,Warmth and Dignity Drive,Alumni Network,Fundraising Event,37769,24575,193,56.7,2,7,2,9261,6.51,127.23
2025-03-01,2025,3,Mar,Q1,0,Lucknow,Uttar Pradesh,Health Awareness,Community Wellness Camp,Community Group,Fundraising Event,50838,26773,256,63.6,3,11,3,12019,7.54,104.42
2025-03-01,2025,3,Mar,Q1,0,Jaipur,Rajasthan,Education Support,Back to School Drive,Individual,Online Portal,50597,33784,175,69.1,2,10,4,7900,7.2,192.57
2025-03-01,2025,3,Mar,Q1,0,Jaipur,Rajasthan,Food Distribution,Meal Support Campaign,Individual,Bank Transfer,38476,36485,238,84.9,2,8,4,9012,4.09,153.21
2025-03-01,2025,3,Mar,Q1,0,Jaipur,Rajasthan,Menstrual Hygiene,Pad for Dignity Drive,Alumni Network,Bank Transfer,40927,19101,201,49.1,2,7,2,9335,4.16,94.89
2025-03-01,2025,3,Mar,Q1,0,Jaipur,Rajasthan,Clothing Support,Warmth and Dignity Drive,Individual,Fundraising Event,37190,23729,178,54.1,2,6,3,6735,8.34,133.01
2025-03-01,2025,3,Mar,Q1,0,Jaipur,Rajasthan,Health Awareness,Community Wellness Camp,Individual,Bank Transfer,30593,23719,241,73.2,2,6,2,6505,3.72,98.44
2025-03-01,2025,3,Mar,Q1,0,Patna,Bihar,Education Support,Back to School Drive,Community Group,Bank Transfer,57385,30637,161,57.1,1,11,3,7849,3.41,190.7
2025-03-01,2025,3,Mar,Q1,0,Patna,Bihar,Food Distribution,Meal Support Campaign,Community Group,UPI,52619,32016,276,94.6,3,12,4,13019,6.1,115.97
2025-03-01,2025,3,Mar,Q1,0,Patna,Bihar,Menstrual Hygiene,Pad for Dignity Drive,Corporate CSR,Fundraising Event,63341,18799,204,63.3,2,11,5,9827,9.4,92.18
2025-03-01,2025,3,Mar,Q1,0,Patna,Bihar,Clothing Support,Warmth and Dignity Drive,Corporate CSR,UPI,53591,23918,168,44.1,1,11,4,9137,6.88,142.17
2025-03-01,2025,3,Mar,Q1,0,Patna,Bihar,Health Awareness,Community Wellness Camp,Corporate CSR,UPI,50453,23233,196,62.6,2,12,4,10211,7.75,118.76
2025-03-01,2025,3,Mar,Q1,0,Bhopal,Madhya Pradesh,Education Support,Back to School Drive,Alumni Network,Online Portal,50624,28504,143,46.3,1,8,4,6820,5.93,199.04
2025-03-01,2025,3,Mar,Q1,0,Bhopal,Madhya Pradesh,Food Distribution,Meal Support Campaign,Individual,Bank Transfer,35639,33722,253,92.5,3,8,3,9899,4.28,133.27
2025-03-01,2025,3,Mar,Q1,0,Bhopal,Madhya Pradesh,Menstrual Hygiene,Pad for Dignity Drive,Community Group,UPI,35051,17240,169,48.5,2,6,2,8197,5.7,101.93
2025-03-01,2025,3,Mar,Q1,0,Bhopal,Madhya Pradesh,Clothing Support,Warmth and Dignity Drive,Individual,Bank Transfer,32474,21547,161,44.0,1,8,4,6365,5.24,133.77
2025-03-01,2025,3,Mar,Q1,0,Bhopal,Madhya Pradesh,Health Awareness,Community Wellness Camp,Community Group,Online Portal,34864,21627,169,57.1,2,6,2,6950,6.49,128.13
2025-04-01,2025,4,Apr,Q2,0,Kanpur,Uttar Pradesh,Education Support,Back to School Drive,Community Group,Online Portal,71956,42357,234,84.1,3,14,5,11781,7.29,181.28
2025-04-01,2025,4,Apr,Q2,0,Kanpur,Uttar Pradesh,Food Distribution,Meal Support Campaign,Corporate CSR,Bank Transfer,77883,50224,326,89.5,3,14,7,13253,9.27,154.29
2025-04-01,2025,4,Apr,Q2,0,Kanpur,Uttar Pradesh,Menstrual Hygiene,Pad for Dignity Drive,Individual,Online Portal,52054,26411,245,73.4,2,10,4,12049,8.15,107.76
2025-04-01,2025,4,Apr,Q2,0,Kanpur,Uttar Pradesh,Clothing Support,Warmth and Dignity Drive,Individual,UPI,38083,31731,235,69.9,3,8,3,8045,4.09,134.75
2025-04-01,2025,4,Apr,Q2,0,Kanpur,Uttar Pradesh,Health Awareness,Community Wellness Camp,Corporate CSR,Fundraising Event,70527,29572,284,75.3,4,14,7,12817,3.78,104.24
2025-04-01,2025,4,Apr,Q2,0,Delhi,Delhi,Education Support,Back to School Drive,Community Group,Fundraising Event,71990,38621,237,90.2,2,12,5,11680,8.01,162.76
2025-04-01,2025,4,Apr,Q2,0,Delhi,Delhi,Food Distribution,Meal Support Campaign,Corporate CSR,Bank Transfer,92056,44571,317,92.5,4,19,9,16492,4.57,140.47
2025-04-01,2025,4,Apr,Q2,0,Delhi,Delhi,Menstrual Hygiene,Pad for Dignity Drive,Corporate CSR,Online Portal,72401,26479,245,72.8,3,17,6,13049,5.23,108.1
2025-04-01,2025,4,Apr,Q2,0,Delhi,Delhi,Clothing Support,Warmth and Dignity Drive,Corporate CSR,Fundraising Event,72882,29964,212,63.3,2,12,6,10125,8.7,141.28
2025-04-01,2025,4,Apr,Q2,0,Delhi,Delhi,Health Awareness,Community Wellness Camp,Alumni Network,Online Portal,49272,30569,298,87.0,3,8,3,10477,8.37,102.5
2025-04-01,2025,4,Apr,Q2,0,Lucknow,Uttar Pradesh,Education Support,Back to School Drive,Individual,UPI,55146,35635,173,60.4,2,13,6,9588,9.06,205.51
2025-04-01,2025,4,Apr,Q2,0,Lucknow,Uttar Pradesh,Food Distribution,Meal Support Campaign,Individual,Bank Transfer,39608,42793,252,85.3,2,8,3,9742,8.91,169.56
2025-04-01,2025,4,Apr,Q2,0,Lucknow,Uttar Pradesh,Menstrual Hygiene,Pad for Dignity Drive,Community Group,Fundraising Event,47742,20390,203,65.0,2,8,3,8939,4.36,100.29
2025-04-01,2025,4,Apr,Q2,0,Lucknow,Uttar Pradesh,Clothing Support,Warmth and Dignity Drive,Individual,UPI,36614,25861,222,57.9,2,7,2,9891,8.03,116.37
2025-04-01,2025,4,Apr,Q2,0,Lucknow,Uttar Pradesh,Health Awareness,Community Wellness Camp,Corporate CSR,Fundraising Event,53817,26664,257,86.2,3,13,6,10477,7.91,103.89
2025-04-01,2025,4,Apr,Q2,0,Jaipur,Rajasthan,Education Support,Back to School Drive,Corporate CSR,UPI,74783,33457,148,61.5,2,13,4,10405,8.12,226.56
2025-04-01,2025,4,Apr,Q2,0,Jaipur,Rajasthan,Food Distribution,Meal Support Campaign,Individual,Fundraising Event,39931,33969,245,73.8,3,7,3,8307,4.24,138.91
2025-04-01,2025,4,Apr,Q2,0,Jaipur,Rajasthan,Menstrual Hygiene,Pad for Dignity Drive,Individual,UPI,31497,19615,191,47.9,2,7,2,5897,7.25,102.73
2025-04-01,2025,4,Apr,Q2,0,Jaipur,Rajasthan,Clothing Support,Warmth and Dignity Drive,Individual,Online Portal,27751,25835,160,42.2,2,7,3,6686,9.08,161.11
2025-04-01,2025,4,Apr,Q2,0,Jaipur,Rajasthan,Health Awareness,Community Wellness Camp,Corporate CSR,Online Portal,56050,24467,203,63.9,2,11,6,10386,6.27,120.27
2025-04-01,2025,4,Apr,Q2,0,Patna,Bihar,Education Support,Back to School Drive,Individual,Online Portal,39003,30098,149,60.1,2,6,2,7773,4.9,201.87
2025-04-01,2025,4,Apr,Q2,0,Patna,Bihar,Food Distribution,Meal Support Campaign,Individual,Bank Transfer,37832,35442,259,94.5,3,10,4,8744,6.24,137.06
2025-04-01,2025,4,Apr,Q2,0,Patna,Bihar,Menstrual Hygiene,Pad for Dignity Drive,Individual,Fundraising Event,32654,17535,167,52.5,2,7,3,7512,6.72,104.96
2025-04-01,2025,4,Apr,Q2,0,Patna,Bihar,Clothing Support,Warmth and Dignity Drive,Individual,Online Portal,27318,20960,160,49.0,2,6,3,5930,9.67,131.35
2025-04-01,2025,4,Apr,Q2,0,Patna,Bihar,Health Awareness,Community Wellness Camp,Corporate CSR,Fundraising Event,51375,22205,186,46.9,2,10,4,9013,6.26,119.54
2025-04-01,2025,4,Apr,Q2,0,Bhopal,Madhya Pradesh,Education Support,Back to School Drive,Corporate CSR,Online Portal,62448,24992,164,52.9,2,11,4,9120,7.56,152.57
2025-04-01,2025,4,Apr,Q2,0,Bhopal,Madhya Pradesh,Food Distribution,Meal Support Campaign,Individual,Bank Transfer,36744,32010,255,69.0,3,9,4,8730,7.01,125.6
2025-04-01,2025,4,Apr,Q2,0,Bhopal,Madhya Pradesh,Menstrual Hygiene,Pad for Dignity Drive,Individual,Fundraising Event,28005,18201,186,60.2,2,5,2,8260,7.05,97.81
2025-04-01,2025,4,Apr,Q2,0,Bhopal,Madhya Pradesh,Clothing Support,Warmth and Dignity Drive,Corporate CSR,Online Portal,49958,19083,174,61.0,2,13,5,9680,3.92,109.51
2025-04-01,2025,4,Apr,Q2,0,Bhopal,Madhya Pradesh,Health Awareness,Community Wellness Camp,Individual,UPI,26067,19604,196,54.0,2,5,2,7380,6.33,100.13
2025-05-01,2025,5,May,Q2,0,Kanpur,Uttar Pradesh,Education Support,Back to School Drive,Individual,Online Portal,67915,41830,221,76.2,2,16,5,11483,4.15,189.43
2025-05-01,2025,5,May,Q2,0,Kanpur,Uttar Pradesh,Food Distribution,Meal Support Campaign,Community Group,Online Portal,70703,45401,326,116.5,3,12,5,15964,7.31,139.22
2025-05-01,2025,5,May,Q2,0,Kanpur,Uttar Pradesh,Menstrual Hygiene,Pad for Dignity Drive,Individual,Online Portal,46211,26745,268,68.2,3,9,4,9145,6.51,99.97
2025-05-01,2025,5,May,Q2,0,Kanpur,Uttar Pradesh,Clothing Support,Warmth and Dignity Drive,Individual,Fundraising Event,36956,32393,219,64.8,2,6,2,9147,6.67,147.8
2025-05-01,2025,5,May,Q2,0,Kanpur,Uttar Pradesh,Health Awareness,Community Wellness Camp,Community Group,Fundraising Event,52268,33550,259,65.7,3,9,5,8821,7.38,129.6
2025-05-01,2025,5,May,Q2,0,Delhi,Delhi,Education Support,Back to School Drive,Community Group,Fundraising Event,74547,40673,242,75.2,3,12,5,11365,5.53,168.16
2025-05-01,2025,5,May,Q2,0,Delhi,Delhi,Food Distribution,Meal Support Campaign,Alumni Network,Fundraising Event,49637,50052,301,105.6,3,10,3,11226,4.32,166.42
2025-05-01,2025,5,May,Q2,0,Delhi,Delhi,Menstrual Hygiene,Pad for Dignity Drive,Individual,Fundraising Event,46805,25091,266,65.3,3,8,3,8729,5.05,94.16
2025-05-01,2025,5,May,Q2,0,Delhi,Delhi,Clothing Support,Warmth and Dignity Drive,Community Group,UPI,51787,33294,245,81.6,2,11,4,11293,4.76,136.09
2025-05-01,2025,5,May,Q2,0,Delhi,Delhi,Health Awareness,Community Wellness Camp,Individual,UPI,39414,27716,247,82.8,3,8,4,10270,4.77,112.39
2025-05-01,2025,5,May,Q2,0,Lucknow,Uttar Pradesh,Education Support,Back to School Drive,Individual,Bank Transfer,46393,33136,196,76.1,2,11,4,8251,5.19,169.11
2025-05-01,2025,5,May,Q2,0,Lucknow,Uttar Pradesh,Food Distribution,Meal Support Campaign,Community Group,Bank Transfer,49040,38967,307,87.8,3,12,6,11192,7.68,127.13
2025-05-01,2025,5,May,Q2,0,Lucknow,Uttar Pradesh,Menstrual Hygiene,Pad for Dignity Drive,Alumni Network,UPI,35123,21477,220,69.5,2,7,2,7392,8.5,97.78
2025-05-01,2025,5,May,Q2,0,Lucknow,Uttar Pradesh,Clothing Support,Warmth and Dignity Drive,Individual,Online Portal,33400,24829,211,68.8,2,7,3,9498,5.27,117.92
2025-05-01,2025,5,May,Q2,0,Lucknow,Uttar Pradesh,Health Awareness,Community Wellness Camp,Individual,UPI,37665,23191,204,52.0,2,9,3,7028,3.36,113.82
2025-05-01,2025,5,May,Q2,0,Jaipur,Rajasthan,Education Support,Back to School Drive,Individual,Bank Transfer,51371,32582,176,56.9,2,12,5,9618,6.94,185.59
2025-05-01,2025,5,May,Q2,0,Jaipur,Rajasthan,Food Distribution,Meal Support Campaign,Alumni Network,UPI,42772,35734,249,92.4,3,7,2,9250,9.16,143.51
2025-05-01,2025,5,May,Q2,0,Jaipur,Rajasthan,Menstrual Hygiene,Pad for Dignity Drive,Community Group,Fundraising Event,38506,19430,215,52.3,2,6,2,9450,4.37,90.31
2025-05-01,2025,5,May,Q2,0,Jaipur,Rajasthan,Clothing Support,Warmth and Dignity Drive,Individual,Bank Transfer,31863,23937,169,46.0,2,7,3,7817,7.92,141.92
2025-05-01,2025,5,May,Q2,0,Jaipur,Rajasthan,Health Awareness,Community Wellness Camp,Individual,UPI,28344,24259,229,56.5,2,5,1,6158,5.78,106.11
2025-05-01,2025,5,May,Q2,0,Patna,Bihar,Education Support,Back to School Drive,Individual,Fundraising Event,47439,29344,161,68.4,2,10,5,8545,8.38,182.08
2025-05-01,2025,5,May,Q2,0,Patna,Bihar,Food Distribution,Meal Support Campaign,Corporate CSR,UPI,58119,35337,262,74.3,3,9,3,10297,3.56,135.07
2025-05-01,2025,5,May,Q2,0,Patna,Bihar,Menstrual Hygiene,Pad for Dignity Drive,Alumni Network,UPI,32423,18360,204,64.7,2,7,2,7787,9.59,89.79
2025-05-01,2025,5,May,Q2,0,Patna,Bihar,Clothing Support,Warmth and Dignity Drive,Corporate CSR,Fundraising Event,51216,22927,191,56.2,3,10,5,7747,4.47,120.2
2025-05-01,2025,5,May,Q2,0,Patna,Bihar,Health Awareness,Community Wellness Camp,Corporate CSR,Bank Transfer,50011,21679,177,48.8,2,9,3,9833,3.44,122.2
2025-05-01,2025,5,May,Q2,0,Bhopal,Madhya Pradesh,Education Support,Back to School Drive,Individual,UPI,38924,27959,135,50.6,1,7,3,7013,4.74,206.63
2025-05-01,2025,5,May,Q2,0,Bhopal,Madhya Pradesh,Food Distribution,Meal Support Campaign,Individual,Bank Transfer,32896,33563,201,67.8,2,6,2,7998,9.17,166.79
2025-05-01,2025,5,May,Q2,0,Bhopal,Madhya Pradesh,Menstrual Hygiene,Pad for Dignity Drive,Community Group,UPI,35193,17883,158,49.6,2,7,3,6018,8.51,113.18
2025-05-01,2025,5,May,Q2,0,Bhopal,Madhya Pradesh,Clothing Support,Warmth and Dignity Drive,Individual,Online Portal,25637,21075,181,49.1,2,4,2,6738,5.41,116.73
2025-05-01,2025,5,May,Q2,0,Bhopal,Madhya Pradesh,Health Awareness,Community Wellness Camp,Individual,Bank Transfer,29451,19486,170,44.4,2,6,2,7326,7.37,114.61
2025-06-01,2025,6,Jun,Q2,0,Kanpur,Uttar Pradesh,Education Support,Back to School Drive,Individual,Bank Transfer,60396,38742,230,76.2,3,11,5,10242,8.53,168.52
2025-06-01,2025,6,Jun,Q2,0,Kanpur,Uttar Pradesh,Food Distribution,Meal Support Campaign,Community Group,Bank Transfer,64393,49227,377,118.8,3,12,3,12488,6.5,130.5
2025-06-01,2025,6,Jun,Q2,0,Kanpur,Uttar Pradesh,Menstrual Hygiene,Pad for Dignity Drive,Alumni Network,Fundraising Event,51828,26267,236,58.7,3,13,5,10977,6.76,111.17
2025-06-01,2025,6,Jun,Q2,0,Kanpur,Uttar Pradesh,Clothing Support,Warmth and Dignity Drive,Individual,Bank Transfer,43769,34508,231,75.7,2,9,3,9818,3.48,149.43
2025-06-01,2025,6,Jun,Q2,0,Kanpur,Uttar Pradesh,Health Awareness,Community Wellness Camp,Corporate CSR,Fundraising Event,74519,32113,274,90.8,3,18,5,12949,4.24,117.21
2025-06-01,2025,6,Jun,Q2,0,Delhi,Delhi,Education Support,Back to School Drive,Individual,UPI,58358,40204,204,77.5,2,10,5,8873,3.93,197.34
2025-06-01,2025,6,Jun,Q2,0,Delhi,Delhi,Food Distribution,Meal Support Campaign,Individual,Bank Transfer,57571,45506,380,111.9,4,11,5,11760,9.32,119.73
2025-06-01,2025,6,Jun,Q2,0,Delhi,Delhi,Menstrual Hygiene,Pad for Dignity Drive,Individual,Online Portal,46381,24769,256,69.5,3,10,3,10298,5.05,96.64
2025-06-01,2025,6,Jun,Q2,0,Delhi,Delhi,Clothing Support,Warmth and Dignity Drive,Individual,Online Portal,43687,30150,218,76.0,2,8,3,9265,4.32,138.23
2025-06-01,2025,6,Jun,Q2,0,Delhi,Delhi,Health Awareness,Community Wellness Camp,Alumni Network,Bank Transfer,43416,29813,306,104.5,3,7,2,12089,8.06,97.42
2025-06-01,2025,6,Jun,Q2,0,Lucknow,Uttar Pradesh,Education Support,Back to School Drive,Individual,Fundraising Event,54487,37098,171,72.9,2,9,3,7405,9.74,216.35
2025-06-01,2025,6,Jun,Q2,0,Lucknow,Uttar Pradesh,Food Distribution,Meal Support Campaign,Community Group,UPI,54888,41677,284,98.0,4,11,3,12532,7.77,146.9
2025-06-01,2025,6,Jun,Q2,0,Lucknow,Uttar Pradesh,Menstrual Hygiene,Pad for Dignity Drive,Individual,Bank Transfer,36674,22829,207,50.9,2,8,4,9209,8.13,110.3
2025-06-01,2025,6,Jun,Q2,0,Lucknow,Uttar Pradesh,Clothing Support,Warmth and Dignity Drive,Individual,Online Portal,36958,27256,182,50.5,2,7,3,6004,7.34,149.35
2025-06-01,2025,6,Jun,Q2,0,Lucknow,Uttar Pradesh,Health Awareness,Community Wellness Camp,Individual,Fundraising Event,38677,26445,223,69.7,2,7,2,9233,7.3,118.61
2025-06-01,2025,6,Jun,Q2,0,Jaipur,Rajasthan,Education Support,Back to School Drive,Individual,UPI,51094,30711,189,59.7,2,10,3,8389,7.48,162.51
2025-06-01,2025,6,Jun,Q2,0,Jaipur,Rajasthan,Food Distribution,Meal Support Campaign,Corporate CSR,Bank Transfer,64362,36428,256,87.2,2,11,5,12346,8.17,142.15
2025-06-01,2025,6,Jun,Q2,0,Jaipur,Rajasthan,Menstrual Hygiene,Pad for Dignity Drive,Community Group,Fundraising Event,43693,21091,189,49.7,3,9,4,8246,4.01,111.87
2025-06-01,2025,6,Jun,Q2,0,Jaipur,Rajasthan,Clothing Support,Warmth and Dignity Drive,Corporate CSR,Fundraising Event,57050,24895,179,58.9,2,10,3,10152,3.78,139.02
2025-06-01,2025,6,Jun,Q2,0,Jaipur,Rajasthan,Health Awareness,Community Wellness Camp,Individual,Bank Transfer,33319,21466,243,66.1,2,7,3,8695,7.34,88.25
2025-06-01,2025,6,Jun,Q2,0,Patna,Bihar,Education Support,Back to School Drive,Individual,Bank Transfer,47188,30743,155,48.5,2,12,6,8496,6.63,197.79
2025-06-01,2025,6,Jun,Q2,0,Patna,Bihar,Food Distribution,Meal Support Campaign,Individual,Fundraising Event,40860,33659,270,92.3,3,8,3,10166,9.13,124.83
2025-06-01,2025,6,Jun,Q2,0,Patna,Bihar,Menstrual Hygiene,Pad for Dignity Drive,Individual,Fundraising Event,32275,18274,181,57.4,2,7,4,7384,4.26,100.82
2025-06-01,2025,6,Jun,Q2,0,Patna,Bihar,Clothing Support,Warmth and Dignity Drive,Corporate CSR,Bank Transfer,60481,23318,189,61.6,2,14,4,9024,4.03,123.3
2025-06-01,2025,6,Jun,Q2,0,Patna,Bihar,Health Awareness,Community Wellness Camp,Individual,Bank Transfer,30393,22310,213,72.5,3,6,3,7770,4.0,104.52
2025-06-01,2025,6,Jun,Q2,0,Bhopal,Madhya Pradesh,Education Support,Back to School Drive,Individual,Online Portal,47163,29528,165,54.3,1,9,4,8286,5.15,178.65
2025-06-01,2025,6,Jun,Q2,0,Bhopal,Madhya Pradesh,Food Distribution,Meal Support Campaign,Community Group,Bank Transfer,47973,33838,247,75.8,3,10,3,10622,3.97,137.15
2025-06-01,2025,6,Jun,Q2,0,Bhopal,Madhya Pradesh,Menstrual Hygiene,Pad for Dignity Drive,Individual,Bank Transfer,31789,16190,155,46.2,2,7,4,5822,3.35,104.32
2025-06-01,2025,6,Jun,Q2,0,Bhopal,Madhya Pradesh,Clothing Support,Warmth and Dignity Drive,Corporate CSR,Online Portal,52344,22770,181,53.9,2,10,4,7416,7.6,125.99
2025-06-01,2025,6,Jun,Q2,0,Bhopal,Madhya Pradesh,Health Awareness,Community Wellness Camp,Individual,Online Portal,29516,19270,181,50.6,2,5,2,7472,6.13,106.29
2025-07-01,2025,7,Jul,Q3,0,Kanpur,Uttar Pradesh,Education Support,Back to School Drive,Alumni Network,Online Portal,73881,46671,251,90.7,2,18,8,10519,4.57,185.9
2025-07-01,2025,7,Jul,Q3,0,Kanpur,Uttar Pradesh,Food Distribution,Meal Support Campaign,Individual,Fundraising Event,53650,51543,411,115.2,5,9,3,14697,7.89,125.47
2025-07-01,2025,7,Jul,Q3,0,Kanpur,Uttar Pradesh,Menstrual Hygiene,Pad for Dignity Drive,Community Group,Bank Transfer,60120,26629,299,84.6,3,13,5,12150,8.08,89.16
2025-07-01,2025,7,Jul,Q3,0,Kanpur,Uttar Pradesh,Clothing Support,Warmth and Dignity Drive,Individual,UPI,44781,33646,239,77.3,3,8,3,8250,9.18,140.52
2025-07-01,2025,7,Jul,Q3,0,Kanpur,Uttar Pradesh,Health Awareness,Community Wellness Camp,Corporate CSR,UPI,76900,34460,278,69.8,3,15,6,14704,7.34,124.17
2025-07-01,2025,7,Jul,Q3,0,Delhi,Delhi,Education Support,Back to School Drive,Individual,UPI,67178,37035,234,80.0,2,16,6,11948,5.56,158.01
2025-07-01,2025,7,Jul,Q3,0,Delhi,Delhi,Food Distribution,Meal Support Campaign,Individual,Fundraising Event,56236,45472,386,116.6,4,9,4,15599,4.41,117.77
2025-07-01,2025,7,Jul,Q3,0,Delhi,Delhi,Menstrual Hygiene,Pad for Dignity Drive,Individual,Bank Transfer,51319,27998,287,86.5,3,9,4,9305,7.03,97.63
2025-07-01,2025,7,Jul,Q3,0,Delhi,Delhi,Clothing Support,Warmth and Dignity Drive,Community Group,UPI,51735,32806,226,67.9,2,12,4,9758,8.69,144.87
2025-07-01,2025,7,Jul,Q3,0,Delhi,Delhi,Health Awareness,Community Wellness Camp,Community Group,UPI,57450,27793,312,80.5,4,12,5,10476,6.12,89.04
2025-07-01,2025,7,Jul,Q3,0,Lucknow,Uttar Pradesh,Education Support,Back to School Drive,Alumni Network,Fundraising Event,57466,36020,177,57.2,2,10,4,8482,4.58,204.04
2025-07-01,2025,7,Jul,Q3,0,Lucknow,Uttar Pradesh,Food Distribution,Meal Support Campaign,Alumni Network,Online Portal,54449,36339,316,111.8,3,14,4,13605,6.59,114.97
2025-07-01,2025,7,Jul,Q3,0,Lucknow,Uttar Pradesh,Menstrual Hygiene,Pad for Dignity Drive,Individual,UPI,47382,21442,193,46.0,3,11,5,8854,4.52,111.02
2025-07-01,2025,7,Jul,Q3,0,Lucknow,Uttar Pradesh,Clothing Support,Warmth and Dignity Drive,Corporate CSR,UPI,59566,28527,222,78.8,3,14,6,11109,4.8,128.39
2025-07-01,2025,7,Jul,Q3,0,Lucknow,Uttar Pradesh,Health Awareness,Community Wellness Camp,Corporate CSR,UPI,74116,25453,254,79.9,2,17,8,10257,7.99,100.23
2025-07-01,2025,7,Jul,Q3,0,Jaipur,Rajasthan,Education Support,Back to School Drive,Alumni Network,Online Portal,55657,31257,175,74.8,2,12,4,8043,4.7,178.37
2025-07-01,2025,7,Jul,Q3,0,Jaipur,Rajasthan,Food Distribution,Meal Support Campaign,Individual,Fundraising Event,40238,33771,241,85.1,2,8,2,8482,3.96,139.92
2025-07-01,2025,7,Jul,Q3,0,Jaipur,Rajasthan,Menstrual Hygiene,Pad for Dignity Drive,Individual,Fundraising Event,41270,19398,221,60.8,2,8,4,10133,8.5,87.85
2025-07-01,2025,7,Jul,Q3,0,Jaipur,Rajasthan,Clothing Support,Warmth and Dignity Drive,Alumni Network,Fundraising Event,35593,24140,212,56.9,2,7,2,6840,5.84,114.01
2025-07-01,2025,7,Jul,Q3,0,Jaipur,Rajasthan,Health Awareness,Community Wellness Camp,Corporate CSR,UPI,66801,21792,241,67.5,3,15,7,10977,4.74,90.5
2025-07-01,2025,7,Jul,Q3,0,Patna,Bihar,Education Support,Back to School Drive,Individual,Online Portal,47421,29967,169,57.9,2,9,3,7940,7.18,177.43
2025-07-01,2025,7,Jul,Q3,0,Patna,Bihar,Food Distribution,Meal Support Campaign,Individual,Online Portal,41706,33559,228,64.7,2,9,5,7228,8.07,147.34
2025-07-01,2025,7,Jul,Q3,0,Patna,Bihar,Menstrual Hygiene,Pad for Dignity Drive,Community Group,Online Portal,46925,18671,213,64.1,3,9,3,7575,8.16,87.76
2025-07-01,2025,7,Jul,Q3,0,Patna,Bihar,Clothing Support,Warmth and Dignity Drive,Community Group,Online Portal,38155,22525,182,51.8,2,6,2,8860,3.41,123.88
2025-07-01,2025,7,Jul,Q3,0,Patna,Bihar,Health Awareness,Community Wellness Camp,Individual,UPI,33772,21191,193,55.9,3,7,3,6841,7.86,109.73
2025-07-01,2025,7,Jul,Q3,0,Bhopal,Madhya Pradesh,Education Support,Back to School Drive,Corporate CSR,Bank Transfer,74930,28770,144,54.6,2,14,6,9628,6.91,199.96
2025-07-01,2025,7,Jul,Q3,0,Bhopal,Madhya Pradesh,Food Distribution,Meal Support Campaign,Individual,UPI,37534,34230,233,78.6,3,6,2,6967,3.5,146.69
2025-07-01,2025,7,Jul,Q3,0,Bhopal,Madhya Pradesh,Menstrual Hygiene,Pad for Dignity Drive,Community Group,Fundraising Event,44983,18620,179,53.1,2,9,5,7798,3.57,103.89
2025-07-01,2025,7,Jul,Q3,0,Bhopal,Madhya Pradesh,Clothing Support,Warmth and Dignity Drive,Individual,Bank Transfer,32628,22580,166,43.9,2,7,2,6237,6.24,136.18
2025-07-01,2025,7,Jul,Q3,0,Bhopal,Madhya Pradesh,Health Awareness,Community Wellness Camp,Community Group,Online Portal,37099,20484,199,67.7,2,8,3,8841,3.86,103.09
2025-08-01,2025,8,Aug,Q3,1,Kanpur,Uttar Pradesh,Education Support,Back to School Drive,Corporate CSR,Fundraising Event,128591,44318,253,83.4,3,21,7,17330,9.63,175.33
2025-08-01,2025,8,Aug,Q3,1,Kanpur,Uttar Pradesh,Food Distribution,Meal Support Campaign,Individual,Bank Transfer,59665,53899,323,101.3,4,11,3,14495,3.83,167.01
2025-08-01,2025,8,Aug,Q3,1,Kanpur,Uttar Pradesh,Menstrual Hygiene,Pad for Dignity Drive,Individual,UPI,56735,27414,278,75.0,4,10,4,10508,7.58,98.64
2025-08-01,2025,8,Aug,Q3,1,Kanpur,Uttar Pradesh,Clothing Support,Warmth and Dignity Drive,Individual,Online Portal,50085,32560,263,88.3,3,13,6,12011,7.01,123.81
2025-08-01,2025,8,Aug,Q3,1,Kanpur,Uttar Pradesh,Health Awareness,Community Wellness Camp,Individual,Online Portal,49688,33432,308,100.9,3,8,4,9361,4.52,108.6
2025-08-01,2025,8,Aug,Q3,1,Delhi,Delhi,Education Support,Back to School Drive,Individual,Bank Transfer,66047,39304,233,84.5,3,11,3,9987,5.92,168.82
2025-08-01,2025,8,Aug,Q3,1,Delhi,Delhi,Food Distribution,Meal Support Campaign,Community Group,Bank Transfer,68681,46019,359,101.6,5,15,7,14132,6.89,128.21
2025-08-01,2025,8,Aug,Q3,1,Delhi,Delhi,Menstrual Hygiene,Pad for Dignity Drive,Individual,UPI,48969,24077,246,76.6,3,9,4,8183,7.97,97.86
2025-08-01,2025,8,Aug,Q3,1,Delhi,Delhi,Clothing Support,Warmth and Dignity Drive,Community Group,UPI,65164,31835,215,74.4,2,13,5,11127,3.8,148.2
2025-08-01,2025,8,Aug,Q3,1,Delhi,Delhi,Health Awareness,Community Wellness Camp,Alumni Network,Bank Transfer,50099,30035,288,73.9,3,10,5,11194,6.48,104.43
2025-08-01,2025,8,Aug,Q3,1,Lucknow,Uttar Pradesh,Education Support,Back to School Drive,Individual,UPI,65628,36676,178,71.1,2,12,6,8936,3.9,206.13
2025-08-01,2025,8,Aug,Q3,1,Lucknow,Uttar Pradesh,Food Distribution,Meal Support Campaign,Individual,Fundraising Event,49913,40252,276,89.2,3,8,3,10439,7.71,146.01
2025-08-01,2025,8,Aug,Q3,1,Lucknow,Uttar Pradesh,Menstrual Hygiene,Pad for Dignity Drive,Alumni Network,Bank Transfer,46243,23685,234,56.1,2,9,4,10084,9.41,101.11
2025-08-01,2025,8,Aug,Q3,1,Lucknow,Uttar Pradesh,Clothing Support,Warmth and Dignity Drive,Corporate CSR,Bank Transfer,65159,27082,198,65.2,2,12,5,9347,6.12,136.76
2025-08-01,2025,8,Aug,Q3,1,Lucknow,Uttar Pradesh,Health Awareness,Community Wellness Camp,Individual,Online Portal,47121,24418,265,89.1,3,10,5,8851,6.1,92.05
2025-08-01,2025,8,Aug,Q3,1,Jaipur,Rajasthan,Education Support,Back to School Drive,Individual,Online Portal,60504,29175,162,65.4,2,11,6,8487,5.99,180.56
2025-08-01,2025,8,Aug,Q3,1,Jaipur,Rajasthan,Food Distribution,Meal Support Campaign,Alumni Network,UPI,53973,36395,286,88.1,3,9,4,11138,3.38,127.44
2025-08-01,2025,8,Aug,Q3,1,Jaipur,Rajasthan,Menstrual Hygiene,Pad for Dignity Drive,Individual,Bank Transfer,42529,19095,219,60.3,2,9,3,7606,6.61,87.09
2025-08-01,2025,8,Aug,Q3,1,Jaipur,Rajasthan,Clothing Support,Warmth and Dignity Drive,Alumni Network,Bank Transfer,44167,25575,197,57.3,2,8,3,9001,8.66,129.77
2025-08-01,2025,8,Aug,Q3,1,Jaipur,Rajasthan,Health Awareness,Community Wellness Camp,Community Group,Bank Transfer,42505,22833,211,59.5,2,8,2,6998,6.89,108.13
2025-08-01,2025,8,Aug,Q3,1,Patna,Bihar,Education Support,Back to School Drive,Corporate CSR,Bank Transfer,97893,27891,181,71.6,2,20,8,11809,3.79,154.03
2025-08-01,2025,8,Aug,Q3,1,Patna,Bihar,Food Distribution,Meal Support Campaign,Individual,UPI,38024,35681,255,94.4,2,8,3,8073,9.44,140.04
2025-08-01,2025,8,Aug,Q3,1,Patna,Bihar,Menstrual Hygiene,Pad for Dignity Drive,Community Group,Fundraising Event,44332,17801,189,60.2,2,7,2,8779,5.96,93.95
2025-08-01,2025,8,Aug,Q3,1,Patna,Bihar,Clothing Support,Warmth and Dignity Drive,Individual,Bank Transfer,31083,21488,198,60.1,2,6,3,6023,6.29,108.73
2025-08-01,2025,8,Aug,Q3,1,Patna,Bihar,Health Awareness,Community Wellness Camp,Community Group,Online Portal,46561,22606,216,68.4,3,11,3,8489,4.75,104.6
2025-08-01,2025,8,Aug,Q3,1,Bhopal,Madhya Pradesh,Education Support,Back to School Drive,Alumni Network,UPI,45559,26847,149,64.1,1,11,5,6283,4.38,179.83
2025-08-01,2025,8,Aug,Q3,1,Bhopal,Madhya Pradesh,Food Distribution,Meal Support Campaign,Individual,Online Portal,44826,29312,259,78.9,3,11,3,8060,4.04,113.24
2025-08-01,2025,8,Aug,Q3,1,Bhopal,Madhya Pradesh,Menstrual Hygiene,Pad for Dignity Drive,Community Group,Fundraising Event,46320,17043,196,62.8,2,8,3,7987,9.09,86.76
2025-08-01,2025,8,Aug,Q3,1,Bhopal,Madhya Pradesh,Clothing Support,Warmth and Dignity Drive,Individual,Online Portal,35077,22405,147,47.9,1,9,3,5823,3.44,152.01
2025-08-01,2025,8,Aug,Q3,1,Bhopal,Madhya Pradesh,Health Awareness,Community Wellness Camp,Individual,Online Portal,33233,21826,215,53.6,2,6,2,7907,8.78,101.48
2025-09-01,2025,9,Sep,Q3,1,Kanpur,Uttar Pradesh,Education Support,Back to School Drive,Community Group,UPI,89818,41186,216,88.9,2,16,7,13227,4.6,190.88
2025-09-01,2025,9,Sep,Q3,1,Kanpur,Uttar Pradesh,Food Distribution,Meal Support Campaign,Alumni Network,UPI,68152,48474,377,105.1,4,12,6,11860,7.7,128.74
2025-09-01,2025,9,Sep,Q3,1,Kanpur,Uttar Pradesh,Menstrual Hygiene,Pad for Dignity Drive,Corporate CSR,Online Portal,91222,25714,309,82.8,4,18,8,14921,7.35,83.18
2025-09-01,2025,9,Sep,Q3,1,Kanpur,Uttar Pradesh,Clothing Support,Warmth and Dignity Drive,Individual,UPI,49248,33595,224,68.3,2,8,4,10555,4.05,149.72
2025-09-01,2025,9,Sep,Q3,1,Kanpur,Uttar Pradesh,Health Awareness,Community Wellness Camp,Community Group,Fundraising Event,61742,29010,263,88.6,3,13,4,13405,8.91,110.42
2025-09-01,2025,9,Sep,Q3,1,Delhi,Delhi,Education Support,Back to School Drive,Individual,Bank Transfer,66451,39166,240,96.3,2,16,6,11031,8.52,163.38
2025-09-01,2025,9,Sep,Q3,1,Delhi,Delhi,Food Distribution,Meal Support Campaign,Individual,Bank Transfer,57987,45657,313,91.5,3,12,4,12849,3.8,145.82
2025-09-01,2025,9,Sep,Q3,1,Delhi,Delhi,Menstrual Hygiene,Pad for Dignity Drive,Individual,Fundraising Event,54733,26048,259,62.4,3,11,4,11544,4.22,100.65
2025-09-01,2025,9,Sep,Q3,1,Delhi,Delhi,Clothing Support,Warmth and Dignity Drive,Corporate CSR,UPI,78127,33624,239,73.3,3,19,9,13556,6.65,140.62
2025-09-01,2025,9,Sep,Q3,1,Delhi,Delhi,Health Awareness,Community Wellness Camp,Individual,UPI,51037,30095,316,93.0,4,10,5,13408,5.55,95.35
2025-09-01,2025,9,Sep,Q3,1,Lucknow,Uttar Pradesh,Education Support,Back to School Drive,Corporate CSR,UPI,93347,32402,197,65.2,2,23,11,11860,7.08,164.86
2025-09-01,2025,9,Sep,Q3,1,Lucknow,Uttar Pradesh,Food Distribution,Meal Support Campaign,Individual,Online Portal,52454,43054,278,101.3,4,12,6,11507,8.95,154.86
2025-09-01,2025,9,Sep,Q3,1,Lucknow,Uttar Pradesh,Menstrual Hygiene,Pad for Dignity Drive,Individual,UPI,39208,20933,200,56.3,2,7,4,8384,6.41,104.86
2025-09-01,2025,9,Sep,Q3,1,Lucknow,Uttar Pradesh,Clothing Support,Warmth and Dignity Drive,Corporate CSR,Fundraising Event,73187,27249,231,78.6,3,17,6,12813,7.79,117.91
2025-09-01,2025,9,Sep,Q3,1,Lucknow,Uttar Pradesh,Health Awareness,Community Wellness Camp,Individual,UPI,39373,26079,249,71.6,3,7,2,8470,6.26,104.61
2025-09-01,2025,9,Sep,Q3,1,Jaipur,Rajasthan,Education Support,Back to School Drive,Individual,UPI,50881,33106,192,69.8,2,13,5,8052,5.15,172.68
2025-09-01,2025,9,Sep,Q3,1,Jaipur,Rajasthan,Food Distribution,Meal Support Campaign,Community Group,Online Portal,50409,37230,236,82.1,2,9,4,10238,6.86,157.45
2025-09-01,2025,9,Sep,Q3,1,Jaipur,Rajasthan,Menstrual Hygiene,Pad for Dignity Drive,Individual,Online Portal,40190,21366,205,66.7,2,7,2,6831,3.33,104.15
2025-09-01,2025,9,Sep,Q3,1,Jaipur,Rajasthan,Clothing Support,Warmth and Dignity Drive,Corporate CSR,UPI,60239,26005,196,53.0,2,11,4,9529,4.26,132.52
2025-09-01,2025,9,Sep,Q3,1,Jaipur,Rajasthan,Health Awareness,Community Wellness Camp,Community Group,Online Portal,45801,22057,204,68.1,2,9,4,9232,4.07,107.98
2025-09-01,2025,9,Sep,Q3,1,Patna,Bihar,Education Support,Back to School Drive,Individual,Online Portal,58929,30531,176,70.3,2,10,5,9476,5.06,173.55
2025-09-01,2025,9,Sep,Q3,1,Patna,Bihar,Food Distribution,Meal Support Campaign,Community Group,Online Portal,48119,34589,234,65.9,3,8,3,8534,3.51,147.94
2025-09-01,2025,9,Sep,Q3,1,Patna,Bihar,Menstrual Hygiene,Pad for Dignity Drive,Individual,Fundraising Event,37088,20316,173,55.7,2,9,3,7575,4.0,117.26
2025-09-01,2025,9,Sep,Q3,1,Patna,Bihar,Clothing Support,Warmth and Dignity Drive,Individual,Fundraising Event,39973,23759,190,63.8,2,7,3,9016,7.19,125.29
2025-09-01,2025,9,Sep,Q3,1,Patna,Bihar,Health Awareness,Community Wellness Camp,Individual,UPI,40485,21562,202,66.0,3,10,4,9135,9.45,106.73
2025-09-01,2025,9,Sep,Q3,1,Bhopal,Madhya Pradesh,Education Support,Back to School Drive,Community Group,UPI,59850,25470,136,45.7,2,11,5,8835,6.49,186.63
2025-09-01,2025,9,Sep,Q3,1,Bhopal,Madhya Pradesh,Food Distribution,Meal Support Campaign,Community Group,Bank Transfer,51269,29333,226,81.7,3,11,5,8770,8.54,129.96
2025-09-01,2025,9,Sep,Q3,1,Bhopal,Madhya Pradesh,Menstrual Hygiene,Pad for Dignity Drive,Individual,Bank Transfer,31937,18619,171,46.4,2,8,4,6553,4.71,108.83
2025-09-01,2025,9,Sep,Q3,1,Bhopal,Madhya Pradesh,Clothing Support,Warmth and Dignity Drive,Community Group,Online Portal,44535,22786,181,56.2,2,7,3,8839,7.94,125.85
2025-09-01,2025,9,Sep,Q3,1,Bhopal,Madhya Pradesh,Health Awareness,Community Wellness Camp,Corporate CSR,UPI,51007,22025,181,47.3,2,9,4,9012,9.16,121.49
2025-10-01,2025,10,Oct,Q4,1,Kanpur,Uttar Pradesh,Education Support,Back to School Drive,Individual,Fundraising Event,76207,44590,260,108.4,3,16,6,13957,9.14,171.36
2025-10-01,2025,10,Oct,Q4,1,Kanpur,Uttar Pradesh,Food Distribution,Meal Support Campaign,Corporate CSR,Bank Transfer,114099,46530,366,120.5,3,21,9,20565,8.36,127.1
2025-10-01,2025,10,Oct,Q4,1,Kanpur,Uttar Pradesh,Menstrual Hygiene,Pad for Dignity Drive,Individual,Bank Transfer,62449,27994,247,67.8,2,11,4,11303,4.61,113.15
2025-10-01,2025,10,Oct,Q4,1,Kanpur,Uttar Pradesh,Clothing Support,Warmth and Dignity Drive,Corporate CSR,Fundraising Event,88802,30740,275,71.7,3,17,6,15205,7.99,111.8
2025-10-01,2025,10,Oct,Q4,1,Kanpur,Uttar Pradesh,Health Awareness,Community Wellness Camp,Alumni Network,UPI,61079,30153,328,96.4,4,11,6,12684,6.98,92.04
2025-10-01,2025,10,Oct,Q4,1,Delhi,Delhi,Education Support,Back to School Drive,Individual,Fundraising Event,83196,44622,243,91.9,2,16,7,13125,5.51,183.96
2025-10-01,2025,10,Oct,Q4,1,Delhi,Delhi,Food Distribution,Meal Support Campaign,Individual,Bank Transfer,64566,44618,355,108.7,4,11,4,11618,7.9,125.66
2025-10-01,2025,10,Oct,Q4,1,Delhi,Delhi,Menstrual Hygiene,Pad for Dignity Drive,Community Group,UPI,59091,24581,260,66.8,4,11,4,11398,8.34,94.71
2025-10-01,2025,10,Oct,Q4,1,Delhi,Delhi,Clothing Support,Warmth and Dignity Drive,Community Group,Online Portal,62945,32352,277,98.3,3,13,4,11924,6.4,116.71
2025-10-01,2025,10,Oct,Q4,1,Delhi,Delhi,Health Awareness,Community Wellness Camp,Individual,UPI,53793,27380,282,73.4,3,9,3,12836,3.93,97.15
2025-10-01,2025,10,Oct,Q4,1,Lucknow,Uttar Pradesh,Education Support,Back to School Drive,Individual,Fundraising Event,55116,33669,172,74.0,2,11,5,7730,7.09,196.12
2025-10-01,2025,10,Oct,Q4,1,Lucknow,Uttar Pradesh,Food Distribution,Meal Support Campaign,Individual,Fundraising Event,56872,41971,276,89.1,4,12,6,10989,6.98,152.33
2025-10-01,2025,10,Oct,Q4,1,Lucknow,Uttar Pradesh,Menstrual Hygiene,Pad for Dignity Drive,Corporate CSR,Fundraising Event,82603,23258,222,65.4,2,16,6,12041,6.16,104.63
2025-10-01,2025,10,Oct,Q4,1,Lucknow,Uttar Pradesh,Clothing Support,Warmth and Dignity Drive,Community Group,Fundraising Event,45942,27005,214,63.5,2,10,3,9535,6.12,126.48
2025-10-01,2025,10,Oct,Q4,1,Lucknow,Uttar Pradesh,Health Awareness,Community Wellness Camp,Individual,UPI,47356,25719,254,82.0,2,9,3,10295,4.47,101.08
2025-10-01,2025,10,Oct,Q4,1,Jaipur,Rajasthan,Education Support,Back to School Drive,Corporate CSR,UPI,108192,33192,175,64.9,2,20,8,14508,5.01,189.76
2025-10-01,2025,10,Oct,Q4,1,Jaipur,Rajasthan,Food Distribution,Meal Support Campaign,Individual,Online Portal,42398,35117,276,92.3,3,7,3,8756,3.36,127.01
2025-10-01,2025,10,Oct,Q4,1,Jaipur,Rajasthan,Menstrual Hygiene,Pad for Dignity Drive,Corporate CSR,Online Portal,66315,18953,184,46.6,2,15,5,9378,5.89,102.89
2025-10-01,2025,10,Oct,Q4,1,Jaipur,Rajasthan,Clothing Support,Warmth and Dignity Drive,Individual,Fundraising Event,35473,23309,201,53.8,3,6,2,9188,9.14,116.19
2025-10-01,2025,10,Oct,Q4,1,Jaipur,Rajasthan,Health Awareness,Community Wellness Camp,Individual,Bank Transfer,42326,23271,226,72.0,3,10,3,8835,5.89,102.76
2025-10-01,2025,10,Oct,Q4,1,Patna,Bihar,Education Support,Back to School Drive,Corporate CSR,Online Portal,93450,26886,180,68.1,2,23,11,12554,4.03,149.05
2025-10-01,2025,10,Oct,Q4,1,Patna,Bihar,Food Distribution,Meal Support Campaign,Corporate CSR,Online Portal,66706,32026,265,99.3,3,11,5,12081,6.0,120.8
2025-10-01,2025,10,Oct,Q4,1,Patna,Bihar,Menstrual Hygiene,Pad for Dignity Drive,Alumni Network,Online Portal,36948,20807,208,61.5,2,9,3,9474,5.0,100.05
2025-10-01,2025,10,Oct,Q4,1,Patna,Bihar,Clothing Support,Warmth and Dignity Drive,Individual,Online Portal,40701,21390,193,66.5,2,10,4,6702,3.79,110.61
2025-10-01,2025,10,Oct,Q4,1,Patna,Bihar,Health Awareness,Community Wellness Camp,Corporate CSR,Bank Transfer,66170,23304,234,62.2,3,12,6,12808,7.39,99.46
2025-10-01,2025,10,Oct,Q4,1,Bhopal,Madhya Pradesh,Education Support,Back to School Drive,Alumni Network,Online Portal,50117,26539,157,52.8,1,11,5,7030,9.29,168.72
2025-10-01,2025,10,Oct,Q4,1,Bhopal,Madhya Pradesh,Food Distribution,Meal Support Campaign,Corporate CSR,UPI,76540,30987,249,91.2,2,14,6,13486,7.48,124.68
2025-10-01,2025,10,Oct,Q4,1,Bhopal,Madhya Pradesh,Menstrual Hygiene,Pad for Dignity Drive,Individual,UPI,40035,17588,193,48.1,2,8,3,7625,8.74,91.0
2025-10-01,2025,10,Oct,Q4,1,Bhopal,Madhya Pradesh,Clothing Support,Warmth and Dignity Drive,Community Group,UPI,36939,19784,159,41.1,2,7,3,7418,4.46,124.68
2025-10-01,2025,10,Oct,Q4,1,Bhopal,Madhya Pradesh,Health Awareness,Community Wellness Camp,Community Group,Fundraising Event,45396,22028,177,60.1,2,9,4,8342,3.25,124.16
2025-11-01,2025,11,Nov,Q4,1,Kanpur,Uttar Pradesh,Education Support,Back to School Drive,Alumni Network,Online Portal,77106,43019,223,73.6,3,14,6,12139,4.36,193.1
2025-11-01,2025,11,Nov,Q4,1,Kanpur,Uttar Pradesh,Food Distribution,Meal Support Campaign,Corporate CSR,UPI,100966,52658,417,152.3,4,22,11,15240,9.6,126.27
2025-11-01,2025,11,Nov,Q4,1,Kanpur,Uttar Pradesh,Menstrual Hygiene,Pad for Dignity Drive,Corporate CSR,Fundraising Event,103281,25213,309,85.7,3,19,9,15147,8.77,81.61
2025-11-01,2025,11,Nov,Q4,1,Kanpur,Uttar Pradesh,Clothing Support,Warmth and Dignity Drive,Individual,UPI,56413,32033,256,85.9,2,13,5,10522,6.16,125.03
2025-11-01,2025,11,Nov,Q4,1,Kanpur,Uttar Pradesh,Health Awareness,Community Wellness Camp,Individual,Bank Transfer,53094,33469,332,113.4,4,10,5,14622,4.5,100.66
2025-11-01,2025,11,Nov,Q4,1,Delhi,Delhi,Education Support,Back to School Drive,Individual,UPI,78630,40746,201,82.1,2,15,5,10571,3.91,202.85
2025-11-01,2025,11,Nov,Q4,1,Delhi,Delhi,Food Distribution,Meal Support Campaign,Individual,Fundraising Event,68369,47090,386,114.3,5,13,5,12461,6.15,122.05
2025-11-01,2025,11,Nov,Q4,1,Delhi,Delhi,Menstrual Hygiene,Pad for Dignity Drive,Individual,UPI,61626,28417,258,77.9,2,15,7,9481,7.23,110.35
2025-11-01,2025,11,Nov,Q4,1,Delhi,Delhi,Clothing Support,Warmth and Dignity Drive,Individual,UPI,53605,30064,250,74.1,3,10,3,10859,7.55,120.38
2025-11-01,2025,11,Nov,Q4,1,Delhi,Delhi,Health Awareness,Community Wellness Camp,Individual,Online Portal,52240,30757,281,71.7,3,10,3,11180,7.08,109.37
2025-11-01,2025,11,Nov,Q4,1,Lucknow,Uttar Pradesh,Education Support,Back to School Drive,Individual,UPI,65918,36445,168,56.1,2,12,4,9317,7.98,216.67
2025-11-01,2025,11,Nov,Q4,1,Lucknow,Uttar Pradesh,Food Distribution,Meal Support Campaign,Individual,Bank Transfer,48243,36846,263,87.8,3,9,3,10688,6.77,140.02
2025-11-01,2025,11,Nov,Q4,1,Lucknow,Uttar Pradesh,Menstrual Hygiene,Pad for Dignity Drive,Individual,Online Portal,44703,21804,215,51.3,2,8,2,8921,8.71,101.2
2025-11-01,2025,11,Nov,Q4,1,Lucknow,Uttar Pradesh,Clothing Support,Warmth and Dignity Drive,Community Group,Online Portal,50749,27126,234,65.3,3,12,5,10572,6.28,115.77
2025-11-01,2025,11,Nov,Q4,1,Lucknow,Uttar Pradesh,Health Awareness,Community Wellness Camp,Corporate CSR,Fundraising Event,77349,23785,237,68.5,2,19,6,10251,4.67,100.37
2025-11-01,2025,11,Nov,Q4,1,Jaipur,Rajasthan,Education Support,Back to School Drive,Individual,Bank Transfer,55120,34448,186,65.1,2,13,4,10511,5.59,185.34
2025-11-01,2025,11,Nov,Q4,1,Jaipur,Rajasthan,Food Distribution,Meal Support Campaign,Individual,UPI,49550,35990,249,84.3,2,10,5,8906,5.08,144.56
2025-11-01,2025,11,Nov,Q4,1,Jaipur,Rajasthan,Menstrual Hygiene,Pad for Dignity Drive,Individual,Fundraising Event,45613,20745,198,50.2,3,8,4,7031,7.67,104.93
2025-11-01,2025,11,Nov,Q4,1,Jaipur,Rajasthan,Clothing Support,Warmth and Dignity Drive,Individual,UPI,38117,24066,176,52.0,2,9,4,8238,7.31,136.86
2025-11-01,2025,11,Nov,Q4,1,Jaipur,Rajasthan,Health Awareness,Community Wellness Camp,Individual,UPI,36891,21705,245,64.7,3,7,2,8688,7.4,88.43
2025-11-01,2025,11,Nov,Q4,1,Patna,Bihar,Education Support,Back to School Drive,Alumni Network,Bank Transfer,64381,27650,154,52.4,2,14,4,9085,7.05,179.39
2025-11-01,2025,11,Nov,Q4,1,Patna,Bihar,Food Distribution,Meal Support Campaign,Corporate CSR,UPI,82527,34711,277,80.1,3,14,6,12974,6.62,125.19
2025-11-01,2025,11,Nov,Q4,1,Patna,Bihar,Menstrual Hygiene,Pad for Dignity Drive,Individual,Fundraising Event,40566,20816,192,54.1,2,8,4,8448,4.57,108.43
2025-11-01,2025,11,Nov,Q4,1,Patna,Bihar,Clothing Support,Warmth and Dignity Drive,Community Group,Online Portal,49558,21818,173,60.3,2,8,3,8422,4.09,126.1
2025-11-01,2025,11,Nov,Q4,1,Patna,Bihar,Health Awareness,Community Wellness Camp,Individual,Online Portal,38366,19889,193,56.8,2,8,3,7411,6.48,103.27
2025-11-01,2025,11,Nov,Q4,1,Bhopal,Madhya Pradesh,Education Support,Back to School Drive,Individual,UPI,46987,28258,141,49.7,2,8,3,7615,8.39,200.9
2025-11-01,2025,11,Nov,Q4,1,Bhopal,Madhya Pradesh,Food Distribution,Meal Support Campaign,Alumni Network,UPI,40854,31821,230,70.5,2,9,4,9906,8.78,138.49
2025-11-01,2025,11,Nov,Q4,1,Bhopal,Madhya Pradesh,Menstrual Hygiene,Pad for Dignity Drive,Individual,Bank Transfer,42225,18602,191,61.8,3,9,4,8975,5.87,97.28
2025-11-01,2025,11,Nov,Q4,1,Bhopal,Madhya Pradesh,Clothing Support,Warmth and Dignity Drive,Individual,UPI,34220,22069,166,45.3,2,8,4,6764,6.6,133.07
2025-11-01,2025,11,Nov,Q4,1,Bhopal,Madhya Pradesh,Health Awareness,Community Wellness Camp,Community Group,Online Portal,45766,21338,191,52.6,2,8,4,7507,6.17,111.82
2025-12-01,2025,12,Dec,Q4,1,Kanpur,Uttar Pradesh,Education Support,Back to School Drive,Corporate CSR,Fundraising Event,126888,41510,262,104.9,3,23,8,15715,6.01,158.31
2025-12-01,2025,12,Dec,Q4,1,Kanpur,Uttar Pradesh,Food Distribution,Meal Support Campaign,Community Group,Fundraising Event,80016,52099,327,121.0,4,13,5,15201,7.18,159.21
2025-12-01,2025,12,Dec,Q4,1,Kanpur,Uttar Pradesh,Menstrual Hygiene,Pad for Dignity Drive,Corporate CSR,Online Portal,114863,27308,259,74.5,3,28,12,15590,9.11,105.38
2025-12-01,2025,12,Dec,Q4,1,Kanpur,Uttar Pradesh,Clothing Support,Warmth and Dignity Drive,Individual,UPI,58359,34989,237,75.8,3,13,6,10126,4.56,147.42
2025-12-01,2025,12,Dec,Q4,1,Kanpur,Uttar Pradesh,Health Awareness,Community Wellness Camp,Individual,UPI,56770,28758,292,81.0,3,12,6,10015,5.96,98.32
2025-12-01,2025,12,Dec,Q4,1,Delhi,Delhi,Education Support,Back to School Drive,Community Group,Online Portal,107601,38108,249,83.3,3,19,7,15352,9.4,153.15
2025-12-01,2025,12,Dec,Q4,1,Delhi,Delhi,Food Distribution,Meal Support Campaign,Corporate CSR,Online Portal,103631,43826,310,86.0,4,18,7,18099,9.0,141.55
2025-12-01,2025,12,Dec,Q4,1,Delhi,Delhi,Menstrual Hygiene,Pad for Dignity Drive,Individual,UPI,61171,28423,252,70.7,2,11,4,11612,8.55,112.6
2025-12-01,2025,12,Dec,Q4,1,Delhi,Delhi,Clothing Support,Warmth and Dignity Drive,Individual,Bank Transfer,48718,30931,255,75.8,3,9,3,10989,3.49,121.32
2025-12-01,2025,12,Dec,Q4,1,Delhi,Delhi,Health Awareness,Community Wellness Camp,Community Group,Bank Transfer,62798,28943,298,99.6,3,11,4,12360,9.75,97.04
2025-12-01,2025,12,Dec,Q4,1,Lucknow,Uttar Pradesh,Education Support,Back to School Drive,Corporate CSR,Fundraising Event,100121,36361,171,59.8,2,22,9,12345,3.68,212.59
2025-12-01,2025,12,Dec,Q4,1,Lucknow,Uttar Pradesh,Food Distribution,Meal Support Campaign,Corporate CSR,Online Portal,90079,42378,322,100.8,5,22,11,14334,8.14,131.8
2025-12-01,2025,12,Dec,Q4,1,Lucknow,Uttar Pradesh,Menstrual Hygiene,Pad for Dignity Drive,Corporate CSR,UPI,73292,23304,236,65.6,3,16,5,13042,7.21,98.86
2025-12-01,2025,12,Dec,Q4,1,Lucknow,Uttar Pradesh,Clothing Support,Warmth and Dignity Drive,Individual,UPI,45259,24358,203,68.1,2,11,4,7716,3.43,120.2
2025-12-01,2025,12,Dec,Q4,1,Lucknow,Uttar Pradesh,Health Awareness,Community Wellness Camp,Corporate CSR,Bank Transfer,76634,26102,214,63.3,2,14,4,12172,6.13,122.02
2025-12-01,2025,12,Dec,Q4,1,Jaipur,Rajasthan,Education Support,Back to School Drive,Corporate CSR,UPI,110434,34368,188,67.0,2,27,10,15199,5.42,182.43
2025-12-01,2025,12,Dec,Q4,1,Jaipur,Rajasthan,Food Distribution,Meal Support Campaign,Individual,UPI,46972,38513,305,109.9,4,11,4,9328,5.36,126.09
2025-12-01,2025,12,Dec,Q4,1,Jaipur,Rajasthan,Menstrual Hygiene,Pad for Dignity Drive,Corporate CSR,Bank Transfer,77834,20162,232,64.4,3,19,7,10254,7.52,86.91
2025-12-01,2025,12,Dec,Q4,1,Jaipur,Rajasthan,Clothing Support,Warmth and Dignity Drive,Individual,Bank Transfer,40760,25759,169,54.9,2,10,3,6923,7.15,152.12
2025-12-01,2025,12,Dec,Q4,1,Jaipur,Rajasthan,Health Awareness,Community Wellness Camp,Alumni Network,UPI,47810,25242,241,72.4,3,12,4,10279,5.76,104.64
2025-12-01,2025,12,Dec,Q4,1,Patna,Bihar,Education Support,Back to School Drive,Alumni Network,Bank Transfer,58470,31825,170,59.3,2,12,4,9248,7.06,187.19
2025-12-01,2025,12,Dec,Q4,1,Patna,Bihar,Food Distribution,Meal Support Campaign,Individual,Bank Transfer,47281,30903,273,74.5,3,11,4,10173,4.81,113.31
2025-12-01,2025,12,Dec,Q4,1,Patna,Bihar,Menstrual Hygiene,Pad for Dignity Drive,Individual,Bank Transfer,40398,17935,183,47.0,3,7,3,9072,8.08,97.87
2025-12-01,2025,12,Dec,Q4,1,Patna,Bihar,Clothing Support,Warmth and Dignity Drive,Individual,Fundraising Event,36644,20715,193,65.3,2,6,3,6844,8.04,107.46
2025-12-01,2025,12,Dec,Q4,1,Patna,Bihar,Health Awareness,Community Wellness Camp,Individual,Bank Transfer,39949,22498,232,62.3,2,7,3,8449,5.32,97.13
2025-12-01,2025,12,Dec,Q4,1,Bhopal,Madhya Pradesh,Education Support,Back to School Drive,Individual,UPI,47100,29915,152,48.0,1,8,2,6779,6.82,196.84
2025-12-01,2025,12,Dec,Q4,1,Bhopal,Madhya Pradesh,Food Distribution,Meal Support Campaign,Community Group,Bank Transfer,49920,32948,213,64.7,2,11,4,8412,5.08,154.86
2025-12-01,2025,12,Dec,Q4,1,Bhopal,Madhya Pradesh,Menstrual Hygiene,Pad for Dignity Drive,Individual,Bank Transfer,36488,16412,194,63.6,2,9,3,7705,8.05,84.75
2025-12-01,2025,12,Dec,Q4,1,Bhopal,Madhya Pradesh,Clothing Support,Warmth and Dignity Drive,Community Group,Online Portal,38203,22480,161,54.0,1,7,2,7628,4.9,139.74
2025-12-01,2025,12,Dec,Q4,1,Bhopal,Madhya Pradesh,Health Awareness,Community Wellness Camp,Individual,Online Portal,34675,20186,197,54.7,2,8,4,6056,8.89,102.41
